<?xml version="1.0" encoding="ISO-8859-1"?>
<COURTCASE>
<lndocmeta:docinfo>
<lndocmeta:lnlni lnlni=""/>
<lndocmeta:lnminrev lnminrev="00000"/>
<lndocmeta:smi lnsmi="9691"/>
<lndocmeta:dpsi lndpsi="07ZX"/>
<lndocmeta:lnsourcedocid lnsourcedocid=""/>
<lndocmeta:lndoctype lndoctypename="COURTCASE"/>
<lndocmeta:lndoctypeversion lndoctypeversionmajor="06" lndoctypeversionminor="000"/>
<lndocmeta:lndoctypelang lndoctypelang="EN"/>
<lndocmeta:lnfilenum lnfilenum="003"/>
<lndocmeta:fabinfo>
<lndocmeta:fabinfoitem name="B4DBNO" value="1HDQ"/></lndocmeta:fabinfo>
</lndocmeta:docinfo>
<lnv:FULL-NAME>
<lnvxe:fullcasename>RAMSEY DAVIS Plaintiff, v. COMMERCIAL METALS COMPANY, Defendant.</lnvxe:fullcasename>
</lnv:FULL-NAME>
<lnv:NUMBER>
<lnvxe:docketnumber pacernum="3:24cv7">NO. 3:24-cv-00007-TJC-LLL</lnvxe:docketnumber>
</lnv:NUMBER>
<lnv:COURT>UNITED STATES DISTRICT COURT FOR THE MIDDLE DISTRICT OF FLORIDA, JACKSONVILLE DIVISION</lnv:COURT>
<lnv:DECIDEDDATE>
<lnvxe:date>April 4, 2024</lnvxe:date>, Decided
</lnv:DECIDEDDATE>
<lnv:FILEDDATE>
<lnvxe:date>April 4, 2024</lnvxe:date>, Filed
</lnv:FILEDDATE>
<lnv:COUNSEL>
<lnvxe:counsel>Ramsey Davis, Plaintiff, Pro se, Jacksonville, FL.</lnvxe:counsel>
</lnv:COUNSEL>
<lnv:JUDGES>
<lnvxe:judges>LAURA LOTHMAN LAMBERT, United States Magistrate Judge.</lnvxe:judges>
</lnv:JUDGES>
<lnv:OPINIONBY>LAURA LOTHMAN LAMBERT</lnv:OPINIONBY>
<lnv:OPINION>
<lnvxe:h><emph typestyle="bf">Report and Recommendation</emph></lnvxe:h>
<p i="3"><lnvxe:text>Plaintiff, proceeding pro se, filed a complaint against defendant, doc. 1; on the same date he applied to Proceed in District Court Without Prepaying Fees or Costs (Long Form), doc. 2, which I construe as a motion to proceed in forma pauperis. Plaintiff's motion to proceed in forma pauperis has been referred to me for a report and recommendation regarding an appropriate resolution. <emph typestyle="it">Id.</emph> For the reasons discussed below, I respectfully recommend plaintiff's motion be denied and the complaint dismissed, both without prejudice.</lnvxe:text></p>
<lnvxe:h><emph typestyle="bf">Authority</emph></lnvxe:h>
<p i="3"><lnvxe:text>When considering a request by a plaintiff to proceed as a pauper, the Court must undertake a two&#x2D;step inquiry. First, under 28 U.S.C. &#x00A7; 1915(a)(1), the Court may authorize plaintiff to proceed without prepayment of fees if he has shown he is "unable to pay such fees or give security therefor." Once a plaintiff has made this showing, the Court next considers the allegations under &#x00A7; 1915(e)(2) to determine whether the complaint: "(i) is frivolous or malicious; (ii) fails to state a claim on which relief may be granted; or (iii) seeks monetary relief against a defendant who is immune from such relief." <emph typestyle="it">Id.</emph> &#x00A7; 1915(e)(2)(B). If the Court finds these factors apply, it "shall dismiss the case" and provide plaintiff an opportunity to amend the complaint. <emph typestyle="it">Id.</emph> &#x00A7; 1915(e)(2); <emph typestyle="it">Martinez v. Kristi Kleaners, Inc.</emph>, 364 F.3d 1305, 1308 n.7 (11th Cir. 2004).</lnvxe:text></p>
<p i="3"><lnvxe:text>Additionally, "a district court may <emph typestyle="it">sua sponte</emph> consider subject matter jurisdiction at any stage in the litigation and must dismiss a complaint if it concludes that subject matter jurisdiction is lacking." <emph typestyle="it">Jackson v. Farmers Ins. Grp./Fire Ins. Exch.</emph>, 391 F. App'x 854, 856 (11th Cir. 2010) (per curiam) (emphasis in original) (citations omitted). Federal courts exercise subject matter jurisdiction either through 28 U.S.C. &#x00A7; 1331 (federal question) or 28 U.S.C. &#x00A7; 1332 (diversity). <emph typestyle="it">See Exxon Mobil Corp. v. Allapattah Servs., Inc.</emph>, 545 U.S. 546, 552 (2005). Federal question jurisdiction is invoked when an action "aris[es] under the Constitution, laws, or treaties of the United States." 28 U.S.C. &#x00A7; 1331. To establish federal diversity jurisdiction, "all plaintiffs must be diverse from all defendants." <emph typestyle="it">Univ. of S. Ala. v. Am. Tobacco Co.</emph>, 168 F.3d 405, 412 (11th Cir. 1999). Additionally, the amount in controversy must exceed $75,000. 28 U.S.C. &#x00A7; 1332(a).</lnvxe:text></p>
<p i="3"><lnvxe:text>As to whether a complaint "fails to state a claim on which relief may be granted" under &#x00A7; 1915(e)(2)(B)(ii), the Court applies the standard used in Federal Rule of Civil Procedure 12(b)(6). <emph typestyle="it">Alba v. Montford</emph>, 517 F.3d 1249, 1252 (11th Cir. 2008). To survive a motion to dismiss under Rule 12(b)(6) for failure to state a claim, the complaint must contain "a short and plain statement of the claim showing that the pleader is entitled to relief." Fed. R. Civ. P. 8(a)(2). The "complaint must [also] contain sufficient factual matter, accepted as true, to 'state a claim to relief that is plausible on its face.'" <emph typestyle="it">Ashcroft v. Iqbal</emph>, 556 U.S. 662, 678 (2009) (citing <emph typestyle="it">Bell Atl. Corp. v. Twombly</emph>, 550 U.S. 544, 570 (2007)). A pleading which is made of "labels and conclusions" or a "formulaic recitation of the elements of a cause of action will not do." <emph typestyle="it">Id.</emph> (citing <emph typestyle="it">Twombly</emph>, 550 U.S. at 555).</lnvxe:text></p>
<p i="3"><lnvxe:text>Pro se pleadings&#x2014;those filed without a lawyer&#x2014;are "held to a less strict standard than pleadings filed by lawyers and thus are construed liberally." <emph typestyle="it">Alba</emph>, 517 F.3d at 1252 (citing <emph typestyle="it">Tannenbaum v. United States</emph>, 148 F.3d 1262, 1263 (11th Cir. 1998)). That said, "a court's duty to liberally construe a plaintiff's complaint . . . is not the equivalent of a duty to re&#x2D;write it for h[im]." <emph typestyle="it">Peterson v. Atlanta Hous. Auth.</emph>, 998 F.2d 904, 912 (11th Cir. 1993). Further, "a litigant's <emph typestyle="it">pro se</emph> status in civil litigation generally will not excuse mistakes he makes regarding procedural rules." <emph typestyle="it">Thompson v. U.S. Marine Corp.</emph>, 398 F. App'x 532, 535 (11th Cir. 2010) (per curiam) (emphasis in original) (citing <emph typestyle="it">McNeil v. United States</emph>, 508 U.S. 106, 113 (1993)). But a pro se plaintiff must typically be given an opportunity to amend his complaint "if it appears a more carefully drafted complaint might state a claim upon which relief can be granted even if the plaintiff never seeks leave to amend." <emph typestyle="it">Silva v. Bieluch</emph>, 351 F.3d 1045, 1048&#x2D;49 (11th Cir. 2003) (internal quotations and citation omitted).</lnvxe:text></p>
<lnvxe:h><emph typestyle="bf">Discussion</emph></lnvxe:h>
<p i="3"><lnvxe:text>In line with the authority discussed above, I first review and evaluate plaintiff's financial condition. &#x00A7; 1915(a)(1). The Eleventh Circuit has held that when considering a motion for leave to file in forma pauperis, "the only determination to be made by the court . . . is whether the statements in the affidavit satisfy the requirement of poverty." <emph typestyle="it">Martinez</emph>, 364 F.3d at 1307. (citation omitted). Based upon the affidavit submitted by the plaintiff regarding his financial status, I find that he would likely qualify as a pauper. <emph typestyle="it">See</emph> doc. 2.</lnvxe:text></p>
<p i="3"><lnvxe:text>Before his case can proceed, however, I must also evaluate plaintiff's complaint as required under &#x00A7; 1915(e)(2). Construing plaintiff's complaint liberally, I find dismissal is warranted. Although it appears that plaintiff has invoked the jurisdiction of the Court under 28 U.S.C. &#x00A7; 1332, he has not described any factual basis supporting a cause of action, but instead merely pled legal conclusions. <emph typestyle="it">See</emph> doc. 1 at 6&#x2D;8; <emph typestyle="it">Iqbal</emph>, 556 U.S. at 678 ("complaint must contain sufficient factual matter, accepted as true, to state a claim to relief that is plausible on its face." (internal quotations and citation omitted)).</lnvxe:text></p>
<p i="3"><lnvxe:text>Initially, plaintiff alleges defendant breached an agreement formed between the parties. Doc. 1 at 7. However, to the extent plaintiff seeks redress under a breach of contract claim, the complaint fails to allege any factual basis to support a finding the parties entered a binding contract. <emph typestyle="it">See id.</emph> at 6&#x2D;8. Further, the complaint neither alleges the terms of the alleged contract nor any action taken by defendant constituting a breach. <emph typestyle="it">See id.</emph> Plaintiff also repeatedly references a "Notice of Bill of Equity" (Notice) throughout his complaint. <emph typestyle="it">Id.</emph> But it is unclear to the Court whether the Notice is the agreement initially referenced at the onset of plaintiff's complaint as the basis for the breach of contract claim, <emph typestyle="it">id.</emph> at 6, or merely a demand for payment sent to defendant prior to filing suit.<lnvxe:fnr alt-content="n1" fnrtoken="ref1" fntoken="fnote1">1</lnvxe:fnr></lnvxe:text></p>
<lnvxe:footnotegrp>
<lnvxe:footnote fnrtokens="ref1" fntoken="fnote1">
<lnvxe:fnlabel alt-content="n1">1</lnvxe:fnlabel>
<lnvxe:fnbody>
<p><lnvxe:text>If plaintiff is permitted to file an amended complaint, he is encouraged to clarify these allegations in alignment with the pleading principles outlined herein.</lnvxe:text></p>
</lnvxe:fnbody>
</lnvxe:footnote>
</lnvxe:footnotegrp>
<p i="3"><lnvxe:text>Because plaintiff does not clearly identify a cause of action or any discernable factual basis to support his claim, he fails to state a claim upon which relief can be granted. <emph typestyle="it">See id.</emph> at 6&#x2D;9; <emph typestyle="it">see also Iqbal</emph>, 556 U.S. at 677&#x2D;78. I recommend, however, that he be given an opportunity to amend. <emph typestyle="it">Wooden v. Armenteros</emph>, 756 F. App'x 951, 952&#x2D;53 (11th Cir. 2018) ("[A] pro se plaintiff must be given at least one chance to amend the complaint before the district court dismisses the action with prejudice...."). In doing so, plaintiff should describe in detail the factual basis for his claim and how defendant is responsible.<lnvxe:fnr alt-content="n2" fnrtoken="ref2" fntoken="fnote2">2</lnvxe:fnr> I additionally recommend, for purposes of judicial economy, his motion to proceed in forma pauperis be denied without prejudice. If plaintiff chooses to file an amended complaint, he may refile his motion to proceed in forma pauperis at that time so that it is considered in conjunction with the amended complaint.</lnvxe:text></p>
<lnvxe:footnotegrp>
<lnvxe:footnote fnrtokens="ref2" fntoken="fnote2">
<lnvxe:fnlabel alt-content="n2">2</lnvxe:fnlabel>
<lnvxe:fnbody>
<p><lnvxe:text>In preparing an amended complaint, I recommend plaintiff visit the Court's website (www.flmd.uscourts.gov). Under the tab entitled "For Litigants," there is a section called "Litigants without Lawyers," which contains resources for pro se parties, including a "Guide for Proceeding Without a Lawyer." Plaintiff may obtain one free copy of the handbook by visiting or mailing the Clerk's Office and presenting this Report and Recommendation to the deputy clerk.</lnvxe:text></p>
<p><lnvxe:text>The Court also encourages plaintiff to consider consulting with a legal aid organization such as Jacksonville Area Legal Aid (JALA). Additionally, the Jacksonville Federal Court Bar Association operates a Legal Information Program in which pro se litigants may meet with a lawyer for free to ask general questions. Plaintiff may call the Clerk's Office at (904) 549&#x2D;1900 to request an appointment. More information about the program is available on the Court's website at www.flmd.uscourts/gov/legal&#x2D;information&#x2D;program.</lnvxe:text></p>
</lnvxe:fnbody>
</lnvxe:footnote>
</lnvxe:footnotegrp>
<lnvxe:h><emph typestyle="bf">Recommendation</emph></lnvxe:h>
<p i="3"><lnvxe:text>I respectfully <emph typestyle="bf">recommend</emph>:</lnvxe:text></p>
<p i="3"><lnvxe:text>1. Plaintiff's Application to Proceed in District Court Without Prepaying Fees or Costs (Long Form), doc. 2, construed as a motion to proceed in forma pauperis, be <emph typestyle="bf">denied without prejudice</emph>.</lnvxe:text></p>
<p i="3"><lnvxe:text>2. Plaintiff's complaint, doc. 1, be <emph typestyle="bf">dismissed without prejudice</emph> and plaintiff be given an opportunity to amend.</lnvxe:text></p>
<p i="3"><lnvxe:text><emph typestyle="bf">Entered</emph> in <emph typestyle="bf">Jacksonville, Florida</emph>, on April 4, 2024.</lnvxe:text></p>
<p i="3"><lnvxe:text>/s/ Laura Lothman Lambert</lnvxe:text></p>
<p i="3"><lnvxe:text><emph typestyle="smcaps">Laura Lothman Lambert</emph></lnvxe:text></p>
<p i="3"><lnvxe:text>United States Magistrate Judge</lnvxe:text></p>
</lnv:OPINION>
<lnv:SYS-AUDIT-TRAIL></lnv:SYS-AUDIT-TRAIL>
</COURTCASE>