<?xml version="1.0" encoding="UTF-8"?>
<icce_manifest fab_bundle_id="PR2024070923251500833" content_provider_id="fldimd" content_provider_scheme="ELDM_COLL_RESOLVED" content_target_type="mcs">
<metadata>
</metadata>
<item id="LDC_RR_324cv00007-3_PCQ.pdf" selector="" action="add" version="00" guid="6CFH-FCM3-RWW0-X2TH-00000-00" overrideConversionId="">
<file type="source" name="LDC_RR_324cv00007-3_PCQ.pdf" md5sum="7ffe50b755f64a3b760042a759d4a483" />
<file type="source" name="counsel_324-cv-00007-TJC-LLL.htm" md5sum="f2e67b592b2b184beca1f62f5d5fd7d6" />
<metadata>
<pair key="CLINV_estKeyCharCount" value="11480"/>
<pair key="CLINV_receivedDateTime" value="20240709_232403"/>
<pair key="INV_keyTargetFormat" value="CCV6"/>
<pair key="CLINV_courtName" value="UNITED STATES DISTRICT COURT FOR THE MIDDLE DISTRICT OF FLORIDA"/>
<pair key="CLINV_judge" value="VERIFY JUDGE"/>
<pair key="CLINV_inventoryStore" value="DM"/>
<pair key="CLINV_sourceDetail" value="RR"/>
<pair key="CLINV_code" value="FDFLDIMD"/>
<pair key="CLINV_docket" value="3:24-CV-00007-TJC-LLL"/>
<pair key="CLINV_autoConvert" value="UNDEFINED"/>
<pair key="CLINV_sourceType" value="P"/>
<pair key="MNCR_rci" value="1000200081"/>
<pair key="CLINV_fastFlow" value="CASELAWFF"/>
<pair key="CLINV_isTribalCourt" value="false"/>
<pair key="DSAR_CATALOG_NUMBER" value="14483384"/>
<pair key="CLINV_decisionDate" value="04-04-2024"/>
<pair key="CLINV_fileSize" value="118483"/>
<pair key="CLINV_fullCaseName" value="AVIS Plaintiff, N O . v. ETALS C OMPANY , Defendant."/>
<pair key="CLINV_isTrialCourt" value="false"/>
<pair key="CLINV_isLegacyCourt" value="false"/>
<pair key="CLINV_TAT" value="10"/>
<pair key="CLINV_fileDate" value="04-04-2024"/>
</metadata>
</item>
</icce_manifest>
