<?xml version="1.0" encoding="ISO-8859-1"?>
<COURTCASE>
<lndocmeta:docinfo>
<lndocmeta:lnlni lnlni=""/>
<lndocmeta:lnminrev lnminrev="00000"/>
<lndocmeta:smi lnsmi="9692"/>
<lndocmeta:dpsi lndpsi="07ZY"/>
<lndocmeta:lnsourcedocid lnsourcedocid=""/>
<lndocmeta:lndoctype lndoctypename="COURTCASE"/>
<lndocmeta:lndoctypeversion lndoctypeversionmajor="06" lndoctypeversionminor="000"/>
<lndocmeta:lndoctypelang lndoctypelang="EN"/>
<lndocmeta:lnfilenum lnfilenum="003"/>
<lndocmeta:fabinfo>
<lndocmeta:fabinfoitem name="B4DBNO" value="1HDQ"/></lndocmeta:fabinfo>
</lndocmeta:docinfo>
<lnv:FULL-NAME>
<lnvxe:fullcasename>TIKI SIMS, Plaintiff, v. WARDEN STEVEN SCROGGINS, Defendant.</lnvxe:fullcasename>
</lnv:FULL-NAME>
<lnv:NUMBER>
<lnvxe:docketnumber pacernum="6:24cv17">CV624-017</lnvxe:docketnumber>
</lnv:NUMBER>
<lnv:COURT>UNITED STATES DISTRICT COURT FOR THE SOUTHERN DISTRICT OF GEORGIA, STATESBORO DIVISION</lnv:COURT>
<lnv:DECIDEDDATE>
<lnvxe:date>June 3, 2024</lnvxe:date>, Decided
</lnv:DECIDEDDATE>
<lnv:FILEDDATE>
<lnvxe:date>June 3, 2024</lnvxe:date>, Filed
</lnv:FILEDDATE>
<lnv:COUNSEL>
<lnvxe:counsel>Tiki Sims, Plaintiff, Pro se, Rome, GA.</lnvxe:counsel>
</lnv:COUNSEL>
<lnv:JUDGES>
<lnvxe:judges>CHRISTOPHER L. RAY, UNITED STATES MAGISTRATE JUDGE.</lnvxe:judges>
</lnv:JUDGES>
<lnv:OPINIONBY>CHRISTOPHER L. RAY</lnv:OPINIONBY>
<lnv:OPINION>
<lnvxe:h><emph typestyle="bu">REPORT AND RECOMMENDATION</emph></lnvxe:h>
<p i="3"><lnvxe:text><emph typestyle="it">Pro se</emph> plaintiff Tiki Sims filed this case alleging he is subjected to unconstitutional conditions of confinement at "Screven Co. Prison," presumably Screven County Correctional Institution in Sylvania, Georgia. <emph typestyle="it">See</emph> doc. 1. Because Sims did not submit a formal complaint, but merely included allegations of impropriety in a letter addressed "[t]o whom in the Richard B. Russell Federal Building that handle tax inasion [sic] and marking&#x2D;up," doc. 1 at 1, the Court directed him to resubmit his pleading using the form provided for inmate civil&#x2D;rights complaints. <emph typestyle="it">See</emph> doc. 6. He failed to submit the Amended Complaint timely. <emph typestyle="it">See generally</emph> docket. The Court's Order expressly warned Sims that "failure to comply timely . . . will result in a recommendation that his case be dismissed for failure to prosecute it and failure to obey a court order." <emph typestyle="it">Id.</emph> at 4.</lnvxe:text></p>
<p i="3"><lnvxe:text>This Court has the authority to prune cases from its docket where parties have failed to comply with its Orders. <emph typestyle="it">See</emph> S.D. Ga. L.R. 41.1(b); <emph typestyle="it">see also Link v. Wabash R.R. Co.</emph>, 370 U.S. 626, 630&#x2D;31 (1962) (courts have the inherent authority to dismiss claims for lack of prosecution); <emph typestyle="it">Mingo v. Sugar Cane Growers Co&#x2D;op</emph>, 864 F.2d 101, 102 (11th Cir. 1989) ("The district court possesses the inherent power to police its docket."); <emph typestyle="it">Jones v. Graham</emph>, 709 F.2d 1457, 1458 (11th Cir. 1983); <emph typestyle="it">Floyd v. United States</emph>, CV491&#x2D;277 (S.D. Ga. June 10, 1992). Sims' failure to comply with the Court's Order is sufficient reason to dismiss his case. <emph typestyle="it">See, e.g., Brown v. Tallahassee Police Dept.</emph>, 205 F. App'x 802, 802 (11th Cir. 2006) ("Dismissal pursuant to Rule 41(b) upon disregard of an order, especially where the litigant has been forewarned, generally is not an abuse of discretion.").</lnvxe:text></p>
<p i="3"><lnvxe:text>Accordingly, Sims' Complaint should be <emph typestyle="bf">DISMISSED</emph>. <emph typestyle="it">See, e.g.</emph>, Fed. R. Civ. P. 41(b). If the District Judge adopts this recommendation, his request to proceed <emph typestyle="it">in forma pauperis</emph> should be <emph typestyle="bf">DISMISSED</emph> as moot. Doc. 7. This Report and Recommendation (R&#x0026;R) is submitted to the district judge assigned to this action, pursuant to 28 U.S.C. &#x00A7; 636(b)(1)(B) and this Court's Local Rule 72.3. Within 14 days of service, any party may file written objections to this R&#x0026;R with the Court and serve a copy on all parties. The document should be captioned "Objections to Magistrate Judge's Report and Recommendations." Any request for additional time to file objections should be filed with the Clerk for consideration by the assigned district judge.</lnvxe:text></p>
<p i="3"><lnvxe:text>After the objections period has ended, the Clerk shall submit this R&#x0026;R together with any objections to the assigned district judge. The district judge will review the magistrate judge's findings and recommendations pursuant to 28 U.S.C. &#x00A7; 636(b)(1)(C). The parties are advised that failure to timely file objections will result in the waiver of rights on appeal. 11th Cir. R. 3&#x2D;1; <emph typestyle="it">see Symonette v. V.A. Leasing Corp.</emph>, 648 F. App'x 787, 790 (11th Cir. 2016); <emph typestyle="it">Mitchell v. United States</emph>, 612 F. App'x 542, 545 (11th Cir. 2015).</lnvxe:text></p>
<p i="3"><lnvxe:text><emph typestyle="bf">SO REPORTED AND RECOMMENDED</emph>, this 3rd day of June, 2024.</lnvxe:text></p>
<p i="3"><lnvxe:text>/s/ Christopher L. Ray</lnvxe:text></p>
<p i="3"><lnvxe:text>CHRISTOPHER L. RAY</lnvxe:text></p>
<p i="3"><lnvxe:text>UNITED STATES MAGISTRATE JUDGE</lnvxe:text></p>
<p i="3"><lnvxe:text>SOUTHERN DISTRICT OF GEORGIA</lnvxe:text></p>
</lnv:OPINION>
<lnv:SYS-AUDIT-TRAIL></lnv:SYS-AUDIT-TRAIL>
</COURTCASE>