<?xml version="1.0" encoding="UTF-8"?>
<icce_manifest fab_bundle_id="PR2024070923251700834" content_provider_id="gadisd" content_provider_scheme="ELDM_COLL_RESOLVED" content_target_type="mcs">
<metadata>
</metadata>
<item id="LDC_RR_624cv00017-8_PCW.pdf" selector="" action="add" version="00" guid="6CFH-FCF3-RWNS-M069-00000-00" overrideConversionId="">
<file type="source" name="LDC_RR_624cv00017-8_PCW.pdf" md5sum="f4cd022106f4dacd0e3370b3c05ab736" />
<file type="source" name="counsel_624-cv-00017-JRH-CLR.htm" md5sum="7440150772acdff62bd8669052ce1841" />
<metadata>
<pair key="CLINV_estKeyCharCount" value="6249"/>
<pair key="CLINV_receivedDateTime" value="20240709_232416"/>
<pair key="INV_keyTargetFormat" value="CCV6"/>
<pair key="CLINV_courtName" value="UNITED STATES DISTRICT COURT FOR THE SOUTHERN DISTRICT OF GEORGIA"/>
<pair key="CLINV_judge" value="ANTHONY A. ALAIMO (SJ)"/>
<pair key="CLINV_inventoryStore" value="DM"/>
<pair key="CLINV_sourceDetail" value="RR"/>
<pair key="CLINV_code" value="FDGADISD"/>
<pair key="CLINV_docket" value="6:24-CV-00017-JRH-CLR"/>
<pair key="CLINV_autoConvert" value="UNDEFINED"/>
<pair key="CLINV_sourceType" value="P"/>
<pair key="MNCR_rci" value="1000200082"/>
<pair key="CLINV_fastFlow" value="UNDEFINED"/>
<pair key="CLINV_isTribalCourt" value="false"/>
<pair key="DSAR_CATALOG_NUMBER" value="14483387"/>
<pair key="CLINV_decisionDate" value="06-03-2024"/>
<pair key="CLINV_fileSize" value="125968"/>
<pair key="CLINV_fullCaseName" value="TIKI SIMS, Plaintiff, v. WARDEN STEVEN SCROGGINS, Defendant."/>
<pair key="CLINV_isTrialCourt" value="false"/>
<pair key="CLINV_isLegacyCourt" value="false"/>
<pair key="CLINV_TAT" value="10"/>
<pair key="CLINV_fileDate" value="06-03-2024"/>
<pair key="CLINV_duplicateItem" value="true"/>
</metadata>
</item>
</icce_manifest>
