<?xml version='1.0'?>
<spiconentities>
<item><character><![CDATA[\ae]]></character><entity><![CDATA[&#x00E6;]]></entity></item>
<item><character><![CDATA[\oe]]></character><entity><![CDATA[&#x0153;]]></entity></item>
<item><character><![CDATA[\`A]]></character><entity><![CDATA[&#x00C0;]]></entity></item>
<item><character><![CDATA[\'A]]></character><entity><![CDATA[&#x00C1;]]></entity></item>
<item><character><![CDATA[\~A]]></character><entity><![CDATA[&#x00C3;]]></entity></item>
<item><character><![CDATA[\:A]]></character><entity><![CDATA[&#x00C4;]]></entity></item>
<item><character><![CDATA[\0A]]></character><entity><![CDATA[&#x00C5;]]></entity></item>
<item><character><![CDATA[\cC]]></character><entity><![CDATA[&#x00C7;]]></entity></item>
<item><character><![CDATA[\[A]]></character><entity><![CDATA[&#x00C2;]]></entity></item>
<item><character><![CDATA[\[E]]></character><entity><![CDATA[&#x00CA;]]></entity></item>
<item><character><![CDATA[\[I]]></character><entity><![CDATA[&#x00CE;]]></entity></item>
<item><character><![CDATA[\[O]]></character><entity><![CDATA[&#x00D4;]]></entity></item>
<item><character><![CDATA[\[U]]></character><entity><![CDATA[&#x00DB;]]></entity></item>
<item><character><![CDATA[\[a]]></character><entity><![CDATA[&#x00E2;]]></entity></item>
<item><character><![CDATA[\[e]]></character><entity><![CDATA[&#x00EA;]]></entity></item>
<item><character><![CDATA[\[i]]></character><entity><![CDATA[&#x00EE;]]></entity></item>
<item><character><![CDATA[\[o]]></character><entity><![CDATA[&#x00F4;]]></entity></item>
<item><character><![CDATA[\[u]]></character><entity><![CDATA[&#x00FB;]]></entity></item>
<item><character><![CDATA[\`E]]></character><entity><![CDATA[&#x00C8;]]></entity></item>
<item><character><![CDATA[\'E]]></character><entity><![CDATA[&#x00C9;]]></entity></item>
<item><character><![CDATA[\:E]]></character><entity><![CDATA[&#x00CB;]]></entity></item>
<item><character><![CDATA[\`I]]></character><entity><![CDATA[&#x00CC;]]></entity></item>
<item><character><![CDATA[\'I]]></character><entity><![CDATA[&#x00CD;]]></entity></item>
<item><character><![CDATA[\:I]]></character><entity><![CDATA[&#x00CF;]]></entity></item>
<item><character><![CDATA[\~N]]></character><entity><![CDATA[&#x00D1;]]></entity></item>
<item><character><![CDATA[\`O]]></character><entity><![CDATA[&#x00D2;]]></entity></item>
<item><character><![CDATA[\'O]]></character><entity><![CDATA[&#x00D3;]]></entity></item>
<item><character><![CDATA[\~O]]></character><entity><![CDATA[&#x00D5;]]></entity></item>
<item><character><![CDATA[\:O]]></character><entity><![CDATA[&#x00D6;]]></entity></item>
<item><character><![CDATA[\/o]]></character><entity><![CDATA[&#x00F8;]]></entity></item>
<item><character><![CDATA[\`U]]></character><entity><![CDATA[&#x00D9;]]></entity></item>
<item><character><![CDATA[\'U]]></character><entity><![CDATA[&#x00DA;]]></entity></item>
<item><character><![CDATA[\:U]]></character><entity><![CDATA[&#x00DC;]]></entity></item>
<item><character><![CDATA[\'Y]]></character><entity><![CDATA[&#x00DD;]]></entity></item>
<item><character><![CDATA[\`a]]></character><entity><![CDATA[&#x00E0;]]></entity></item>
<item><character><![CDATA[\'a]]></character><entity><![CDATA[&#x00E1;]]></entity></item>
<item><character><![CDATA[\~a]]></character><entity><![CDATA[&#x00E3;]]></entity></item>
<item><character><![CDATA[\:a]]></character><entity><![CDATA[&#x00E4;]]></entity></item>
<item><character><![CDATA[\cc]]></character><entity><![CDATA[&#x00E7;]]></entity></item>
<item><character><![CDATA[\`e]]></character><entity><![CDATA[&#x00E8;]]></entity></item>
<item><character><![CDATA[\'e]]></character><entity><![CDATA[&#x00E9;]]></entity></item>
<item><character><![CDATA[\:e]]></character><entity><![CDATA[&#x00EB;]]></entity></item>
<item><character><![CDATA[\`i]]></character><entity><![CDATA[&#x00EC;]]></entity></item>
<item><character><![CDATA[\'i]]></character><entity><![CDATA[&#x00ED;]]></entity></item>
<item><character><![CDATA[\:i]]></character><entity><![CDATA[&#x00EF;]]></entity></item>
<item><character><![CDATA[\~n]]></character><entity><![CDATA[&#x00F1;]]></entity></item>
<item><character><![CDATA[\`o]]></character><entity><![CDATA[&#x00F2;]]></entity></item>
<item><character><![CDATA[\'o]]></character><entity><![CDATA[&#x00F3;]]></entity></item>
<item><character><![CDATA[\~o]]></character><entity><![CDATA[&#x00F5;]]></entity></item>
<item><character><![CDATA[\:o]]></character><entity><![CDATA[&#x00F6;]]></entity></item>
<item><character><![CDATA[\`u]]></character><entity><![CDATA[&#x00F9;]]></entity></item>
<item><character><![CDATA[\'u]]></character><entity><![CDATA[&#x00FA;]]></entity></item>
<item><character><![CDATA[\:u]]></character><entity><![CDATA[&#x00FC;]]></entity></item>
<item><character><![CDATA[\bb]]></character><entity><![CDATA[&#x2022;]]></entity></item>
<item><character><![CDATA[\'y]]></character><entity><![CDATA[&#x00FD;]]></entity></item>
<item><character><![CDATA[space/PP]]></character><entity><![CDATA[&#x00B6;&#x00B6;]]></entity></item>
<item><character><![CDATA[space/P]]></character><entity><![CDATA[&#x00B6;]]></entity></item>
<item><character><![CDATA[\P\P]]></character><entity><![CDATA[&#x00B6;&#x00B6;]]></entity></item>
<item><character><![CDATA[\P]]></character><entity><![CDATA[&#x00B6;]]></entity></item>
<item><character><![CDATA[$(cent$)]]></character><entity><![CDATA[&#x00A2;]]></entity></item>   
<item><character><![CDATA[$(yen$)]]></character><entity><![CDATA[&#x00A5;]]></entity></item>
<item><character><![CDATA[$(euro$)]]></character><entity><![CDATA[&#x20AC;]]></entity></item>
<item><character><![CDATA[s$:s]]></character><entity><![CDATA[&#x00A3;]]></entity></item>
<item><character><![CDATA[$:]]></character><entity><![CDATA[&#x00A3;]]></entity></item>
<item><character><![CDATA[$;]]></character><entity><![CDATA[&#x00A9;]]></entity></item>
<item><character><![CDATA[$S]]></character><entity><![CDATA[&#x00A7;]]></entity></item>
<item><character><![CDATA[$Z]]></character><entity><![CDATA[&#x00A7;&#x00A7;]]></entity></item>
<!-- <item><character><![CDATA[(R)]]></character><entity><![CDATA[&#x00AE;]]></entity></item> -->
<item><character><![CDATA[ssms]]></character><entity><![CDATA[&#x2120;]]></entity></item>
<item><character><![CDATA[sSMs]]></character><entity><![CDATA[&#x2120;]]></entity></item>
<item><character><![CDATA[stms]]></character><entity><![CDATA[&#x2122;]]></entity></item>
<item><character><![CDATA[sTMs]]></character><entity><![CDATA[&#x2122;]]></entity></item>
<!-- <item><character><![CDATA[$(at$)]]></character><entity><![CDATA[&#x0040;]]></entity></item> -->
<item><character><![CDATA[$(checkmark$)]]></character><entity><![CDATA[&#x2713;]]></entity></item>
<!--<item><character><![CDATA[$($)]]></character><entity><![CDATA[[]]></entity></item>-->
<!-- <item><character><![CDATA[+]]></character><entity><![CDATA[&#x2020;]]></entity></item> -->
<!-- <item><character><![CDATA[++]]></character><entity><![CDATA[&#x2021;]]></entity></item> -->
<!--<item><character><![CDATA[verdict- -guilty]]></character><entity><![CDATA[- -]]></entity></item>-->
<!--<item><character><![CDATA[H$(2$)O]]></character><entity><![CDATA[H<lnvxe:sub>2</lnvxe:sub>O]]></entity></item>-->
<!--<item><character><![CDATA[10<3>]]></character><entity><![CDATA[10<lnvxe:sup>3</lnxve:sup>]]></entity></item>-->


<!--<item><character><![CDATA[$(]]></character><entity><![CDATA[<lnvxe:sub>]]></entity></item>-->
<!--<item><character><![CDATA[$)]]></character><entity><![CDATA[</lnvxe:sub>]]></entity></item>-->

<!-- This should be done intially to avoid replacement of other tags -->
<!--<item><character><![CDATA[<]]></character><entity><![CDATA[<lnxve:sup>]]></entity></item>-->
<!--<item><character><![CDATA[>]]></character><entity><![CDATA[</lnxve:sup>]]></entity></item>-->

<item><character><![CDATA[$(ALPHA$)]]></character><entity><![CDATA[&#x0391;]]></entity></item>
<item><character><![CDATA[$(BETA$)]]></character><entity><![CDATA[&#x0392;]]></entity></item>
<item><character><![CDATA[$(GAMMA$)]]></character><entity><![CDATA[&#x0393;]]></entity></item>
<item><character><![CDATA[$(DELTA$)]]></character><entity><![CDATA[&#x0394;]]></entity></item>
<item><character><![CDATA[$(EPSILON$)]]></character><entity><![CDATA[&#x0395;]]></entity></item>
<item><character><![CDATA[$(ZETA$)]]></character><entity><![CDATA[&#x0396;]]></entity></item>
<item><character><![CDATA[$(ETA$)]]></character><entity><![CDATA[&#x0397;]]></entity></item>
<item><character><![CDATA[$(THETA$)]]></character><entity><![CDATA[&#x0398;]]></entity></item>
<item><character><![CDATA[$(IOTA$)]]></character><entity><![CDATA[&#x0399;]]></entity></item>
<item><character><![CDATA[$(KAPPA$)]]></character><entity><![CDATA[&#x039A;]]></entity></item>
<item><character><![CDATA[$(LAMBDA$)]]></character><entity><![CDATA[&#x039B;]]></entity></item>
<item><character><![CDATA[$(MU$)]]></character><entity><![CDATA[&#x039C;]]></entity></item>
<item><character><![CDATA[$(NU$)]]></character><entity><![CDATA[&#x039D;]]></entity></item>
<item><character><![CDATA[$(OMICRON$)]]></character><entity><![CDATA[&#x039F;]]></entity></item>
<item><character><![CDATA[$(XI$)]]></character><entity><![CDATA[&#x039E;]]></entity></item>
<item><character><![CDATA[$(PI$)]]></character><entity><![CDATA[&#X03A0;]]></entity></item>
<item><character><![CDATA[$(RHO$)]]></character><entity><![CDATA[&#X03A1;]]></entity></item>
<item><character><![CDATA[$(SIGMA$)]]></character><entity><![CDATA[&#X03A3;]]></entity></item>
<item><character><![CDATA[$(TAU$)]]></character><entity><![CDATA[&#X03A4;]]></entity></item>
<item><character><![CDATA[$(UPSILON$)]]></character><entity><![CDATA[&#X03A5;]]></entity></item>
<item><character><![CDATA[$(PHI$)]]></character><entity><![CDATA[&#X03A6;]]></entity></item>
<item><character><![CDATA[$(CHI$)]]></character><entity><![CDATA[&#X03A7;]]></entity></item>
<item><character><![CDATA[$(PSI$)]]></character><entity><![CDATA[&#X03A8;]]></entity></item>
<item><character><![CDATA[$(OMEGA$)]]></character><entity><![CDATA[&#X03A9;]]></entity></item>
<item><character><![CDATA[$(alpha$)]]></character><entity><![CDATA[&#x03B1;]]></entity></item>
<item><character><![CDATA[$(beta$)]]></character><entity><![CDATA[&#x03B2;]]></entity></item>
<item><character><![CDATA[$(gamma$)]]></character><entity><![CDATA[&#x03B3;]]></entity></item>
<item><character><![CDATA[$(delta$)]]></character><entity><![CDATA[&#x03B4;]]></entity></item>
<item><character><![CDATA[$(epsilon$)]]></character><entity><![CDATA[&#x03B5;]]></entity></item>
<item><character><![CDATA[$(zeta$)]]></character><entity><![CDATA[&#x03B6;]]></entity></item>
<item><character><![CDATA[$(eta$)]]></character><entity><![CDATA[&#x03B7;]]></entity></item>
<item><character><![CDATA[$(theta$)]]></character><entity><![CDATA[&#x03B8;]]></entity></item>
<item><character><![CDATA[$(iota$)]]></character><entity><![CDATA[&#x03B9;]]></entity></item>
<item><character><![CDATA[$(kappa$)]]></character><entity><![CDATA[&#x03BA;]]></entity></item>
<item><character><![CDATA[$(lambda$)]]></character><entity><![CDATA[&#x03BB;]]></entity></item>
<item><character><![CDATA[$(mu$)]]></character><entity><![CDATA[&#x03BC;]]></entity></item>
<item><character><![CDATA[$(nu$)]]></character><entity><![CDATA[&#x03BD;]]></entity></item>
<item><character><![CDATA[$(omicron$)]]></character><entity><![CDATA[&#x03BF;]]></entity></item>
<item><character><![CDATA[$(xi$)]]></character><entity><![CDATA[&#x03BE;]]></entity></item>
<item><character><![CDATA[$(pi$)]]></character><entity><![CDATA[&#x03C0;]]></entity></item>
<item><character><![CDATA[$(rho$)]]></character><entity><![CDATA[&#x03C1;]]></entity></item>
<item><character><![CDATA[$(sigma$)]]></character><entity><![CDATA[&#x03C2;]]></entity></item>
<item><character><![CDATA[$(sigma$)]]></character><entity><![CDATA[&#x03C3;]]></entity></item>
<item><character><![CDATA[$(tau$)]]></character><entity><![CDATA[&#x03C4;]]></entity></item>
<item><character><![CDATA[$(upsilon$)]]></character><entity><![CDATA[&#x03C5;]]></entity></item>
<item><character><![CDATA[$(phi$)]]></character><entity><![CDATA[&#x03C6;]]></entity></item>
<item><character><![CDATA[$(chi$)]]></character><entity><![CDATA[&#x03C7;]]></entity></item>
<item><character><![CDATA[$(psi$)]]></character><entity><![CDATA[&#x03C8;]]></entity></item>
<item><character><![CDATA[$(OMEGA$)]]></character><entity><![CDATA[&#x03C9;]]></entity></item>
<item><character><![CDATA[$(angstrom$)]]></character><entity><![CDATA[&#x00C5;]]></entity></item>
<item><character><![CDATA[$(degree$)]]></character><entity><![CDATA[&#x00B0;]]></entity></item>
<item><character><![CDATA[$(degrees$)]]></character><entity><![CDATA[&#x00B0;]]></entity></item>
<item><character><![CDATA[$(reversible reaction$)]]></character><entity><![CDATA[&#x21C4;]]></entity></item>
<item><character><![CDATA[$(square root$)]]></character><entity><![CDATA[&#x221A;]]></entity></item>
<item><character><![CDATA[$(infinity$)]]></character><entity><![CDATA[&#x221E;]]></entity></item>
<item><character><![CDATA[$(integral$)]]></character><entity><![CDATA[&#x222B;]]></entity></item>
<item><character><![CDATA[$(mu$)]]></character><entity><![CDATA[&#x00B5;]]></entity></item>
<item><character><![CDATA[$(delta$)]]></character><entity><![CDATA[&#x03B4;]]></entity></item>
<item><character><![CDATA[<-->]]></character><entity><![CDATA[&#x2194;]]></entity></item>
<item><character><![CDATA[-->]]></character><entity><![CDATA[&#x2192;]]></entity></item>
<item><character><![CDATA[<--]]></character><entity><![CDATA[&#x2190;]]></entity></item>
<item><character><![CDATA[$(arrow up and arrow down$)]]></character><entity><![CDATA[&#x2195;]]></entity></item>
<item><character><![CDATA[$(arrow up$)]]></character><entity><![CDATA[&#x2191;]]></entity></item>
<item><character><![CDATA[$(arrow down$)]]></character><entity><![CDATA[&#x2193;]]></entity></item>
<item><character><![CDATA[$(circle plus$)]]></character><entity><![CDATA[&#x2295;]]></entity></item>
<item><character><![CDATA[$(circle minus$)]]></character><entity><![CDATA[&#x2296;]]></entity></item>

<item><character><![CDATA[$(]]></character><entity><![CDATA[[]]></entity></item>
<item><character><![CDATA[$)]]></character><entity><![CDATA[]]]></entity></item>
<item><character><![CDATA[$(]]></character><entity><![CDATA[{]]></entity></item>
<item><character><![CDATA[$)]]></character><entity><![CDATA[}]]></entity></item>
<item><character><![CDATA[$?$?$?]]></character><entity><![CDATA[&#x00A0;&#x00A0;&#x00A0;]]></entity></item>
<item><character><![CDATA[-]]></character><entity><![CDATA[&#x2D;]]></entity></item>
<item><character><![CDATA[MDASH]]></character><entity><![CDATA[&#x2014;]]></entity></item>
<item><character><![CDATA[—]]></character><entity><![CDATA[&#x2014;]]></entity></item>

</spiconentities>
