<?xml version="1.0" encoding="UTF-8"?>
<Mosaic>
<item><character><![CDATA[\P]]></character><entity><![CDATA[&#182;]]></entity></item>
<item><character><![CDATA[$S]]></character><entity><![CDATA[&#167;]]></entity></item>
<item><character><![CDATA[$Z]]></character><entity><![CDATA[&#167;&#167;]]></entity></item>
<item><character><![CDATA[►]]></character><entity><![CDATA[&#8224;]]></entity></item>
<item><character><![CDATA[˄]]></character><entity><![CDATA[&#x2c4;]]></entity></item>
<item><character><![CDATA[ř]]></character><entity><![CDATA[&#x159;]]></entity></item>
<item><character><![CDATA[ȍ]]></character><entity><![CDATA[&#x20d;]]></entity></item>
<item><character><![CDATA[ł]]></character><entity><![CDATA[&#x142;]]></entity></item>
<item><character><![CDATA[ś]]></character><entity><![CDATA[&#x15b;]]></entity></item>
<item><character><![CDATA[ě]]></character><entity><![CDATA[&#x11b;]]></entity></item>
<item><character><![CDATA[č]]></character><entity><![CDATA[&#x10d;]]></entity></item>
<item><character><![CDATA["]]></character><entity><![CDATA[&#34;]]></entity></item>
<item><character><![CDATA[Á]]></character><entity><![CDATA[&#193;]]></entity></item>
<item><character><![CDATA[Â]]></character><entity><![CDATA[&#194;]]></entity></item>
<item><character><![CDATA[À]]></character><entity><![CDATA[&#192;]]></entity></item>
<item><character><![CDATA[Α]]></character><entity><![CDATA[&#913;]]></entity></item>
<item><character><![CDATA[Å]]></character><entity><![CDATA[&#197;]]></entity></item>
<item><character><![CDATA[Ã]]></character><entity><![CDATA[&#195;]]></entity></item>
<item><character><![CDATA[Ä]]></character><entity><![CDATA[&#196;]]></entity></item>
<item><character><![CDATA[Β]]></character><entity><![CDATA[&#914;]]></entity></item>
<item><character><![CDATA[Χ]]></character><entity><![CDATA[&#935;]]></entity></item>
<item><character><![CDATA[Δ]]></character><entity><![CDATA[&#916;]]></entity></item>
<item><character><![CDATA[É]]></character><entity><![CDATA[&#201;]]></entity></item>
<item><character><![CDATA[Ê]]></character><entity><![CDATA[&#202;]]></entity></item>
<item><character><![CDATA[È]]></character><entity><![CDATA[&#200;]]></entity></item>
<item><character><![CDATA[Ε]]></character><entity><![CDATA[&#917;]]></entity></item>
<item><character><![CDATA[Η]]></character><entity><![CDATA[&#919;]]></entity></item>
<item><character><![CDATA[Ë]]></character><entity><![CDATA[&#203;]]></entity></item>
<item><character><![CDATA[Γ]]></character><entity><![CDATA[&#915;]]></entity></item>
<item><character><![CDATA[Í]]></character><entity><![CDATA[&#205;]]></entity></item>
<item><character><![CDATA[Î]]></character><entity><![CDATA[&#206;]]></entity></item>
<item><character><![CDATA[Ì]]></character><entity><![CDATA[&#204;]]></entity></item>
<item><character><![CDATA[Ι]]></character><entity><![CDATA[&#921;]]></entity></item>
<item><character><![CDATA[Ï]]></character><entity><![CDATA[&#207;]]></entity></item>
<item><character><![CDATA[Κ]]></character><entity><![CDATA[&#922;]]></entity></item>
<item><character><![CDATA[Λ]]></character><entity><![CDATA[&#923;]]></entity></item>
<item><character><![CDATA[Μ]]></character><entity><![CDATA[&#924;]]></entity></item>
<item><character><![CDATA[Ñ]]></character><entity><![CDATA[&#209;]]></entity></item>
<item><character><![CDATA[Ν]]></character><entity><![CDATA[&#925;]]></entity></item>
<item><character><![CDATA[Ó]]></character><entity><![CDATA[&#211;]]></entity></item>
<item><character><![CDATA[Ô]]></character><entity><![CDATA[&#212;]]></entity></item>
<item><character><![CDATA[Ò]]></character><entity><![CDATA[&#210;]]></entity></item>
<item><character><![CDATA[Ω]]></character><entity><![CDATA[&#937;]]></entity></item>
<item><character><![CDATA[Ο]]></character><entity><![CDATA[&#927;]]></entity></item>
<item><character><![CDATA[Ø]]></character><entity><![CDATA[&#216;]]></entity></item>
<item><character><![CDATA[Õ]]></character><entity><![CDATA[&#213;]]></entity></item>
<item><character><![CDATA[Ö]]></character><entity><![CDATA[&#214;]]></entity></item>
<item><character><![CDATA[Φ]]></character><entity><![CDATA[&#934;]]></entity></item>
<item><character><![CDATA[Π]]></character><entity><![CDATA[&#928;]]></entity></item>
<item><character><![CDATA[Ψ]]></character><entity><![CDATA[&#936;]]></entity></item>
<item><character><![CDATA[Ρ]]></character><entity><![CDATA[&#929;]]></entity></item>
<item><character><![CDATA[Σ]]></character><entity><![CDATA[&#931;]]></entity></item>
<item><character><![CDATA[Τ]]></character><entity><![CDATA[&#932;]]></entity></item>
<item><character><![CDATA[Θ]]></character><entity><![CDATA[&#920;]]></entity></item>
<item><character><![CDATA[Ú]]></character><entity><![CDATA[&#218;]]></entity></item>
<item><character><![CDATA[Û]]></character><entity><![CDATA[&#219;]]></entity></item>
<item><character><![CDATA[Ù]]></character><entity><![CDATA[&#217;]]></entity></item>
<item><character><![CDATA[Υ]]></character><entity><![CDATA[&#933;]]></entity></item>
<item><character><![CDATA[Ü]]></character><entity><![CDATA[&#220;]]></entity></item>
<item><character><![CDATA[Ξ]]></character><entity><![CDATA[&#926;]]></entity></item>
<item><character><![CDATA[Ý]]></character><entity><![CDATA[&#221;]]></entity></item>
<item><character><![CDATA[Ÿ]]></character><entity><![CDATA[&#376;]]></entity></item>
<item><character><![CDATA[Ζ]]></character><entity><![CDATA[&#918;]]></entity></item>
<item><character><![CDATA[á]]></character><entity><![CDATA[&#225;]]></entity></item>
<item><character><![CDATA[â]]></character><entity><![CDATA[&#226;]]></entity></item>
<item><character><![CDATA[à]]></character><entity><![CDATA[&#224;]]></entity></item>
<item><character><![CDATA[α]]></character><entity><![CDATA[&#945;]]></entity></item>
<!--<item><character><![CDATA[&amp;]]></character><entity><![CDATA[&#38;]]></entity></item>-->
<item><character><![CDATA[∧]]></character><entity><![CDATA[&#8743;]]></entity></item>
<item><character><![CDATA[∠]]></character><entity><![CDATA[&#8736;]]></entity></item>
<item><character><![CDATA[å]]></character><entity><![CDATA[&#229;]]></entity></item>
<item><character><![CDATA[≈]]></character><entity><![CDATA[&#8776;]]></entity></item>
<item><character><![CDATA[ã]]></character><entity><![CDATA[&#227;]]></entity></item>
<item><character><![CDATA[ä]]></character><entity><![CDATA[&#228;]]></entity></item>
<item><character><![CDATA[β]]></character><entity><![CDATA[&#946;]]></entity></item>
<item><character><![CDATA[■]]></character><entity><![CDATA[&#9632;]]></entity></item>
<item><character><![CDATA[¦]]></character><entity><![CDATA[&#166;]]></entity></item>
<item><character><![CDATA[•]]></character><entity><![CDATA[&#8226;]]></entity></item>
<item><character><![CDATA[∩]]></character><entity><![CDATA[&#8745;]]></entity></item>
<item><character><![CDATA[ç]]></character><entity><![CDATA[&#231;]]></entity></item>
<item><character><![CDATA[¢]]></character><entity><![CDATA[&#162;]]></entity></item>
<item><character><![CDATA[✓]]></character><entity><![CDATA[&#10003;]]></entity></item>
<item><character><![CDATA[χ]]></character><entity><![CDATA[&#967;]]></entity></item>
<item><character><![CDATA[≅]]></character><entity><![CDATA[&#8773;]]></entity></item>
<item><character><![CDATA[©]]></character><entity><![CDATA[&#169;]]></entity></item>
<item><character><![CDATA[∪]]></character><entity><![CDATA[&#8746;]]></entity></item>
<item><character><![CDATA[†]]></character><entity><![CDATA[&#8224;]]></entity></item>
<item><character><![CDATA[°]]></character><entity><![CDATA[&#176;]]></entity></item>
<item><character><![CDATA[δ]]></character><entity><![CDATA[&#948;]]></entity></item>
<item><character><![CDATA[♦]]></character><entity><![CDATA[&#9830;]]></entity></item>
<item><character><![CDATA[÷]]></character><entity><![CDATA[&#247;]]></entity></item>
<item><character><![CDATA[ʒ]]></character><entity><![CDATA[&#658;]]></entity></item>
<item><character><![CDATA[é]]></character><entity><![CDATA[&#233;]]></entity></item>
<item><character><![CDATA[ê]]></character><entity><![CDATA[&#234;]]></entity></item>
<item><character><![CDATA[è]]></character><entity><![CDATA[&#232;]]></entity></item>
<item><character><![CDATA[∅]]></character><entity><![CDATA[&#8709;]]></entity></item>
<item><character><![CDATA[ε]]></character><entity><![CDATA[&#949;]]></entity></item>
<item><character><![CDATA[≡]]></character><entity><![CDATA[&#8801;]]></entity></item>
<item><character><![CDATA[η]]></character><entity><![CDATA[&#951;]]></entity></item>
<item><character><![CDATA[ë]]></character><entity><![CDATA[&#235;]]></entity></item>
<item><character><![CDATA[∃]]></character><entity><![CDATA[&#8707;]]></entity></item>
<item><character><![CDATA[∀]]></character><entity><![CDATA[&#8704;]]></entity></item>
<item><character><![CDATA[½]]></character><entity><![CDATA[&#189;]]></entity></item>
<item><character><![CDATA[⅓]]></character><entity><![CDATA[&#8531;]]></entity></item>
<item><character><![CDATA[¼]]></character><entity><![CDATA[&#188;]]></entity></item>
<item><character><![CDATA[⅕]]></character><entity><![CDATA[&#8533;]]></entity></item>
<item><character><![CDATA[⅙]]></character><entity><![CDATA[&#8537;]]></entity></item>
<item><character><![CDATA[⅛]]></character><entity><![CDATA[&#8539;]]></entity></item>
<item><character><![CDATA[⅔]]></character><entity><![CDATA[&#8532;]]></entity></item>
<item><character><![CDATA[⅖]]></character><entity><![CDATA[&#8534;]]></entity></item>
<item><character><![CDATA[¾]]></character><entity><![CDATA[&#190;]]></entity></item>
<item><character><![CDATA[⅗]]></character><entity><![CDATA[&#8535;]]></entity></item>
<item><character><![CDATA[⅜]]></character><entity><![CDATA[&#8540;]]></entity></item>
<item><character><![CDATA[⅘]]></character><entity><![CDATA[&#8536;]]></entity></item>
<item><character><![CDATA[⅚]]></character><entity><![CDATA[&#8538;]]></entity></item>
<item><character><![CDATA[⅝]]></character><entity><![CDATA[&#8541;]]></entity></item>
<item><character><![CDATA[⅞]]></character><entity><![CDATA[&#8542;]]></entity></item>
<item><character><![CDATA[⁄]]></character><entity><![CDATA[&#8260;]]></entity></item>
<item><character><![CDATA[ǵ]]></character><entity><![CDATA[&#501;]]></entity></item>
<item><character><![CDATA[γ]]></character><entity><![CDATA[&#947;]]></entity></item>
<item><character><![CDATA[≥]]></character><entity><![CDATA[&#8805;]]></entity></item>
<item><character><![CDATA[>]]></character><entity><![CDATA[&#62;]]></entity></item>
<item><character><![CDATA[♥]]></character><entity><![CDATA[&#9829;]]></entity></item>
<item><character><![CDATA[í]]></character><entity><![CDATA[&#237;]]></entity></item>
<item><character><![CDATA[î]]></character><entity><![CDATA[&#238;]]></entity></item>
<item><character><![CDATA[ì]]></character><entity><![CDATA[&#236;]]></entity></item>
<item><character><![CDATA[∞]]></character><entity><![CDATA[&#8734;]]></entity></item>
<item><character><![CDATA[∫]]></character><entity><![CDATA[&#8747;]]></entity></item>
<item><character><![CDATA[ι]]></character><entity><![CDATA[&#953;]]></entity></item>
<item><character><![CDATA[∈]]></character><entity><![CDATA[&#8712;]]></entity></item>
<item><character><![CDATA[ï]]></character><entity><![CDATA[&#239;]]></entity></item>
<item><character><![CDATA[κ]]></character><entity><![CDATA[&#954;]]></entity></item>
<item><character><![CDATA[μ]]></character><entity><![CDATA[&#956;]]></entity></item>
<item><character><![CDATA[λ]]></character><entity><![CDATA[&#955;]]></entity></item>
<item><character><![CDATA[〈]]></character><entity><![CDATA[&#9001;]]></entity></item>
<item><character><![CDATA[«]]></character><entity><![CDATA[&#171;]]></entity></item>
<item><character><![CDATA[⌈]]></character><entity><![CDATA[&#8968;]]></entity></item>
<item><character><![CDATA[“]]></character><entity><![CDATA[&#8220;]]></entity></item>
<item><character><![CDATA[≤]]></character><entity><![CDATA[&#8804;]]></entity></item>
<item><character><![CDATA[⌊]]></character><entity><![CDATA[&#8970;]]></entity></item>
<item><character><![CDATA[₤]]></character><entity><![CDATA[&#8356;]]></entity></item>
<item><character><![CDATA[<]]></character><entity><![CDATA[&#60;]]></entity></item>
<item><character><![CDATA[—]]></character><entity><![CDATA[&#8212;]]></entity></item>
<item><character><![CDATA[µ]]></character><entity><![CDATA[&#181;]]></entity></item>
<item><character><![CDATA[–]]></character><entity><![CDATA[&#8722;]]></entity></item>
<item><character><![CDATA[μ]]></character><entity><![CDATA[&#956;]]></entity></item>
<item><character><![CDATA[∇]]></character><entity><![CDATA[&#8711;]]></entity></item>
<item><character><![CDATA[–]]></character><entity><![CDATA[&#8211;]]></entity></item>
<item><character><![CDATA[≠]]></character><entity><![CDATA[&#8800;]]></entity></item>
<item><character><![CDATA[∋]]></character><entity><![CDATA[&#8715;]]></entity></item>
<item><character><![CDATA[∉]]></character><entity><![CDATA[&#8713;]]></entity></item>
<item><character><![CDATA[⊄]]></character><entity><![CDATA[&#8836;]]></entity></item>
<item><character><![CDATA[ñ]]></character><entity><![CDATA[&#241;]]></entity></item>
<item><character><![CDATA[ν]]></character><entity><![CDATA[&#957;]]></entity></item>
<item><character><![CDATA[ó]]></character><entity><![CDATA[&#243;]]></entity></item>
<item><character><![CDATA[ô]]></character><entity><![CDATA[&#244;]]></entity></item>
<item><character><![CDATA[ò]]></character><entity><![CDATA[&#242;]]></entity></item>
<item><character><![CDATA[ω]]></character><entity><![CDATA[&#969;]]></entity></item>
<item><character><![CDATA[ο]]></character><entity><![CDATA[&#959;]]></entity></item>
<item><character><![CDATA[⊕]]></character><entity><![CDATA[&#8853;]]></entity></item>
<item><character><![CDATA[∨]]></character><entity><![CDATA[&#8744;]]></entity></item>
<item><character><![CDATA[ø]]></character><entity><![CDATA[&#248;]]></entity></item>
<item><character><![CDATA[õ]]></character><entity><![CDATA[&#245;]]></entity></item>
<item><character><![CDATA[⊗]]></character><entity><![CDATA[&#8855;]]></entity></item>
<item><character><![CDATA[ö]]></character><entity><![CDATA[&#246;]]></entity></item>
<item><character><![CDATA[℥]]></character><entity><![CDATA[&#8485;]]></entity></item>
<item><character><![CDATA[¶]]></character><entity><![CDATA[&#182;]]></entity></item>
<item><character><![CDATA[∂]]></character><entity><![CDATA[&#8706;]]></entity></item>
<item><character><![CDATA[⊥]]></character><entity><![CDATA[&#8869;]]></entity></item>
<item><character><![CDATA[φ]]></character><entity><![CDATA[&#966;]]></entity></item>
<item><character><![CDATA[π]]></character><entity><![CDATA[&#960;]]></entity></item>
<item><character><![CDATA[±]]></character><entity><![CDATA[&#177;]]></entity></item>
<item><character><![CDATA[£]]></character><entity><![CDATA[&#163;]]></entity></item>
<item><character><![CDATA[∏]]></character><entity><![CDATA[&#8719;]]></entity></item>
<item><character><![CDATA[∝]]></character><entity><![CDATA[&#8733;]]></entity></item>
<item><character><![CDATA[ψ]]></character><entity><![CDATA[&#968;]]></entity></item>
<item><character><![CDATA[⇒]]></character><entity><![CDATA[&#8658;]]></entity></item>
<item><character><![CDATA[√]]></character><entity><![CDATA[&#8730;]]></entity></item>
<item><character><![CDATA[〉]]></character><entity><![CDATA[&#9002;]]></entity></item>
<item><character><![CDATA[»]]></character><entity><![CDATA[&#187;]]></entity></item>
<item><character><![CDATA[→]]></character><entity><![CDATA[&#8594;]]></entity></item>
<item><character><![CDATA[⌉]]></character><entity><![CDATA[&#8969;]]></entity></item>
<item><character><![CDATA[”]]></character><entity><![CDATA[&#8221;]]></entity></item>
<item><character><![CDATA[®]]></character><entity><![CDATA[&#174;]]></entity></item>
<item><character><![CDATA[⌋]]></character><entity><![CDATA[&#8971;]]></entity></item>
<item><character><![CDATA[ρ]]></character><entity><![CDATA[&#961;]]></entity></item>
<item><character><![CDATA[‘]]></character><entity><![CDATA[&#8216;]]></entity></item>
<item><character><![CDATA[’]]></character><entity><![CDATA[&#8217;]]></entity></item>
<item><character><![CDATA[℈]]></character><entity><![CDATA[&#8456;]]></entity></item>
<item><character><![CDATA[⋅]]></character><entity><![CDATA[&#8901;]]></entity></item>
<item><character><![CDATA[§]]></character><entity><![CDATA[&#167;]]></entity></item>
<item><character><![CDATA[℠]]></character><entity><![CDATA[&#8480;]]></entity></item>
<item><character><![CDATA[σ]]></character><entity><![CDATA[&#963;]]></entity></item>
<item><character><![CDATA[ς]]></character><entity><![CDATA[&#962;]]></entity></item>
<item><character><![CDATA[∼]]></character><entity><![CDATA[&#8764;]]></entity></item>
<item><character><![CDATA[▪]]></character><entity><![CDATA[&#9642;]]></entity></item>
<item><character><![CDATA[⊂]]></character><entity><![CDATA[&#8834;]]></entity></item>
<item><character><![CDATA[⊆]]></character><entity><![CDATA[&#8838;]]></entity></item>
<item><character><![CDATA[∑]]></character><entity><![CDATA[&#8721;]]></entity></item>
<item><character><![CDATA[⊃]]></character><entity><![CDATA[&#8835;]]></entity></item>
<item><character><![CDATA[⊇]]></character><entity><![CDATA[&#8839;]]></entity></item>
<item><character><![CDATA[τ]]></character><entity><![CDATA[&#964;]]></entity></item>
<item><character><![CDATA[∴]]></character><entity><![CDATA[&#8756;]]></entity></item>
<item><character><![CDATA[θ]]></character><entity><![CDATA[&#952;]]></entity></item>
<item><character><![CDATA[ϑ]]></character><entity><![CDATA[&#977;]]></entity></item>
<item><character><![CDATA[×]]></character><entity><![CDATA[&#215;]]></entity></item>
<item><character><![CDATA[™]]></character><entity><![CDATA[&#8482;]]></entity></item>
<item><character><![CDATA[ú]]></character><entity><![CDATA[&#250;]]></entity></item>
<item><character><![CDATA[û]]></character><entity><![CDATA[&#251;]]></entity></item>
<item><character><![CDATA[ù]]></character><entity><![CDATA[&#249;]]></entity></item>
<item><character><![CDATA[υ]]></character><entity><![CDATA[&#965;]]></entity></item>
<item><character><![CDATA[ü]]></character><entity><![CDATA[&#252;]]></entity></item>
<item><character><![CDATA[□]]></character><entity><![CDATA[&#9633;]]></entity></item>
<item><character><![CDATA[ξ]]></character><entity><![CDATA[&#958;]]></entity></item>
<item><character><![CDATA[☒]]></character><entity><![CDATA[&#9746;]]></entity></item>
<item><character><![CDATA[ý]]></character><entity><![CDATA[&#253;]]></entity></item>
<item><character><![CDATA[ÿ]]></character><entity><![CDATA[&#255;]]></entity></item>
<item><character><![CDATA[ζ]]></character><entity><![CDATA[&#950;]]></entity></item>
<item><character><![CDATA[Ş]]></character><entity><![CDATA[&#x15e;]]></entity></item>
<item><character><![CDATA[‡]]></character><entity><![CDATA[&#x2021;]]></entity></item>
<item><character><![CDATA[ǀ]]></character><entity><![CDATA[&#x1c0;]]></entity></item>
<item><character><![CDATA[š]]></character><entity><![CDATA[&#x161;]]></entity></item>
<item><character><![CDATA[∘]]></character><entity><![CDATA[&compfn;]]></entity></item>
<item><character><![CDATA[ǁ]]></character><entity><![CDATA[&#x1c1;]]></entity></item>
<item><character><![CDATA[◊]]></character><entity><![CDATA[&#x25ca;]]></entity></item>
<item><character><![CDATA[ē]]></character><entity><![CDATA[&#x113;]]></entity></item>
<item><character><![CDATA[€]]></character><entity><![CDATA[&#x20ac;]]></entity></item>
</Mosaic>