<?xml version="1.0" encoding="UTF-8"?>
<icce_manifest fab_bundle_id="PR2024070923051300667" content_provider_id="cadicd" content_provider_scheme="ELDM_COLL_RESOLVED" content_target_type="mcs">
<metadata>
</metadata>
<item id="dar_2-24CV3972_CACD_14_20240709_131961699.pdf" selector="" action="add" version="00" guid="6CFH-CWF3-S7CF-510S-00000-00" overrideConversionId="">
<file type="source" name="dar_2-24CV3972_CACD_14_20240709_131961699.pdf" md5sum="359d337031cdc5fb797569bb879a24fb" />
<file type="source" name="dar_2-24cv3972_CACD_Counsel.csv" md5sum="4f011b5b98964e75b8dcd10ea9c96063" />
<metadata>
<pair key="CLINV_estKeyCharCount" value="6620"/>
<pair key="CLINV_receivedDateTime" value="20240709_230343"/>
<pair key="INV_keyTargetFormat" value="CCV6"/>
<pair key="CLINV_courtName" value="UNITED STATES DISTRICT COURT FOR THE CENTRAL DISTRICT OF CALIFORNIA"/>
<pair key="CLINV_judge" value="VERIFY JUDGE"/>
<pair key="CLINV_inventoryStore" value="DM"/>
<pair key="CLINV_sourceDetail" value="OR"/>
<pair key="CLINV_code" value="FDCADICD"/>
<pair key="CLINV_docket" value="2:24-CV-03972 HDV (RAOX)"/>
<pair key="CLINV_autoConvert" value="UNDEFINED"/>
<pair key="CLINV_sourceType" value="P"/>
<pair key="MNCR_rci" value="1000200076"/>
<pair key="CLINV_fastFlow" value="UNDEFINED"/>
<pair key="CLINV_isTribalCourt" value="false"/>
<pair key="DSAR_CATALOG_NUMBER" value="14483309"/>
<pair key="CLINV_decisionDate" value="07-09-2024"/>
<pair key="CLINV_fileSize" value="325839"/>
<pair key="CLINV_fullCaseName" value="Mister Bailey v. Panda Restaurant Group, Inc., et al."/>
<pair key="CLINV_isTrialCourt" value="false"/>
<pair key="CLINV_isLegacyCourt" value="false"/>
<pair key="CLINV_TAT" value="10"/>
</metadata>
</item>
</icce_manifest>
