<?xml version="1.0" encoding="ISO-8859-1"?>
<COURTCASE>
<lndocmeta:docinfo>
<lndocmeta:lnlni lnlni=""/>
<lndocmeta:lnminrev lnminrev="00000"/>
<lndocmeta:smi lnsmi="968b"/>
<lndocmeta:dpsi lndpsi="07ZR"/>
<lndocmeta:lnsourcedocid lnsourcedocid=""/>
<lndocmeta:lndoctype lndoctypename="COURTCASE"/>
<lndocmeta:lndoctypeversion lndoctypeversionmajor="06" lndoctypeversionminor="000"/>
<lndocmeta:lndoctypelang lndoctypelang="EN"/>
<lndocmeta:lnfilenum lnfilenum="003"/>
<lndocmeta:fabinfo>
<lndocmeta:fabinfoitem name="B4DBNO" value="1HDQ"/></lndocmeta:fabinfo>
</lndocmeta:docinfo>
<lnv:FULL-NAME>
<lnvxe:fullcasename>Dennis Cooper v. Luis A. Fonesca, et al.</lnvxe:fullcasename>
</lnv:FULL-NAME>
<lnv:NUMBER>
<lnvxe:docketnumber pacernum="5:24cv1180">5:24-cv-01180-SSS-SHKx</lnvxe:docketnumber>
</lnv:NUMBER>
<lnv:COURT>UNITED STATES DISTRICT COURT FOR THE CENTRAL DISTRICT OF CALIFORNIA</lnv:COURT>
<lnv:DECIDEDDATE>
<lnvxe:date>July 9, 2024</lnvxe:date>, Decided
</lnv:DECIDEDDATE>
<lnv:FILEDDATE>
<lnvxe:date>July 9, 2024</lnvxe:date>, Filed
</lnv:FILEDDATE>
<lnv:COUNSEL>
<lnvxe:counsel>For Dennis Cooper, Plaintiff: Jason J. Kim, So Cal Equal Access Group, Los Angeles, CA.</lnvxe:counsel>
</lnv:COUNSEL>
<lnv:JUDGES>
<lnvxe:judges>SUNSHINE S. SYKES, UNITED STATES DISTRICT JUDGE.</lnvxe:judges>
</lnv:JUDGES>
<lnv:OPINIONBY>SUNSHINE S. SYKES</lnv:OPINIONBY>
<lnv:OPINION>
<lnvxe:h><emph typestyle="bf">Proceedings: (IN CHAMBERS) ORDER DECLINING TO EXERCISE SUPPLEMENTAL JURISDICTION OVER PLAINTIFF'S CALIFORNIA STATE LAW CLAIMS [DKT. 13]</emph></lnvxe:h>
<lnvxe:h><emph typestyle="bf">I. INTRODUCTION</emph></lnvxe:h>
<p i="3"><lnvxe:text>On June 5, 2024, Plaintiff Dennis Cooper filed this action asserting a claim for injunctive relief arising out of an alleged violation of the Americans with Disabilities Act ("ADA") and one or more "construction related accessibility claims" under California law, including a claim for damages under California's Unruh Act. [Dkt. 1]. Because the Court possesses only supplemental jurisdiction over the Unruh Act and any other state law claims, and in light of California's statutory efforts to curtail such claims, the Court ordered Cooper to show cause in writing why the Court should exercise supplemental jurisdiction over these claims. [Dkt. 10]; <emph typestyle="it">see</emph> 28 U.S.C. &#x00A7; 1367(c). The Court has reviewed the response filed by Cooper and Cooper's counsel, [Dkt. 13], and <emph typestyle="bf">DISMISSES WITHOUT PREJUDICE</emph> the Unruh Act claim and all other state law claims.</lnvxe:text></p>
<lnvxe:h><emph typestyle="bf">II. BACKGROUND</emph></lnvxe:h>
<lnvxe:h><emph typestyle="bf">A. California's Limitations on the Filing of Construction&#x2D;Related Accessibility Claims</emph></lnvxe:h>
<p i="3"><lnvxe:text>"In 2012, in an attempt to deter baseless claims and vexatious litigation, California adopted heightened pleading requirements for disability discrimination lawsuits under the Unruh Act."<lnvxe:fnr alt-content="n1" fnrtoken="ref1" fntoken="fnote1">1</lnvxe:fnr> <emph typestyle="it">Velez v. Il Fornaio (Am.) Corp.</emph>, No. CV 3:18&#x2D;1840 CAB (MDD), 2018 WL 6446169, at *6 (S.D. Cal. Dec. 10, 2018), <emph typestyle="it">rev'd on other grounds</emph>, 808 F. App'x 581 (2020). When California continued to experience large numbers of these actions, the California Legislature found that "a very small number of plaintiffs have filed a disproportionately large number of the construction&#x2D;related accessibility claims in the state . . . frequently filed against small businesses on the basis of boilerplate complaints, apparently seeking quick cash settlements rather than correction of the accessibility violation." Cal. Civ. Proc. Code &#x00A7; 425.55(a)(2).</lnvxe:text></p>
<lnvxe:footnotegrp>
<lnvxe:footnote fnrtokens="ref1" fntoken="fnote1">
<lnvxe:fnlabel alt-content="n1">1</lnvxe:fnlabel>
<lnvxe:fnbody>
<p><lnvxe:text>These heightened pleading requirements apply to "construction&#x2D;related accessibility claim[s]" brought on behalf of high&#x2D;frequency litigants. Cal. Civ. Proc. Code &#x00A7; 425.50(b)(2). A "construction&#x2D;related accessibility claim" encompasses any "civil claim," including those brought under California Civil Code &#x00A7;&#x00A7; 51, 54, 54.1, and 55, based "wholly or in part" on an alleged violation of an accessibility standard with respect to a place of public accommodation. Cal. Civ. Code &#x00A7; 55.52 (a)(1). As such, Cooper's other California state law claims are subject to the heightened pleading standards as well.</lnvxe:text></p>
</lnvxe:fnbody>
</lnvxe:footnote>
</lnvxe:footnotegrp>
<p i="3"><lnvxe:text>In response to these "special and unique circumstances," Cal. Civ. Proc. Code &#x00A7; 425.55(a)(3), California imposed additional limitations on "high&#x2D;frequency litigants"<lnvxe:fnr alt-content="n2" fnrtoken="ref2" fntoken="fnote2">2</lnvxe:fnr>:</lnvxe:text>
<lnvxe:blockquote>
<p><lnvxe:text>1. requiring high&#x2D;frequency litigants to pay a $1,000 filing fee at the time of the filing of the initial complaint in addition to the standard filing fees, (Cal. Gov't Code &#x00A7; 70616.5); and</lnvxe:text></p>
<p><lnvxe:text>2. requiring high&#x2D;frequency litigants to allege certain additional facts, including:</lnvxe:text>
<lnvxe:blockquote>
<p><lnvxe:text>a. whether the action is filed by, or on behalf of, a high&#x2D;frequency litigant, and the number of construction&#x2D;related accessibility claims filed by the high&#x2D;frequency litigant in the preceding 12 months, Cal. Civ. Proc. Code &#x00A7; 425.50(a)(4)(A)(i)&#x2D;(ii);</lnvxe:text></p>
<p><lnvxe:text>b. the high&#x2D;frequency litigant plaintiff's reason for being in the geographic area of the defendant's business, <emph typestyle="it">id.</emph> &#x00A7; 425.50(a)(4)(A)(iii); and</lnvxe:text></p>
<p><lnvxe:text>c. the reason why the high&#x2D;frequency litigant plaintiff desired to access the defendant's business, <emph typestyle="it">id.</emph> &#x00A7; 425.50(a)(4)(A)(iv).</lnvxe:text></p>
</lnvxe:blockquote></p>
</lnvxe:blockquote></p>
<lnvxe:footnotegrp>
<lnvxe:footnote fnrtokens="ref2" fntoken="fnote2">
<lnvxe:fnlabel alt-content="n2">2</lnvxe:fnlabel>
<lnvxe:fnbody>
<p><lnvxe:text>A "high&#x2D;frequency litigant" is defined as "[a] plaintiff who has filed 10 or more complaints alleging a construction&#x2D;related accessibility violation within the 12&#x2D;month period immediately preceding the filing of the current complaint alleging a construction&#x2D;related accessibility violation." Cal. Civ. Proc. Code &#x00A7; 425.55(b)(1). An attorney is also considered a high&#x2D;frequency litigant if that attorney "has represented as attorney of record 10 or more high&#x2D;frequency litigant plaintiffs in actions that were resolved within the 12&#x2D;month period immediately preceding the filing of the current complaint alleging a construction&#x2D;related accessibility violation" barring certain exceptions. <emph typestyle="it">Id.</emph> &#x00A7; 425.55(b)(2).</lnvxe:text></p>
</lnvxe:fnbody>
</lnvxe:footnote>
</lnvxe:footnotegrp>
<lnvxe:h><emph typestyle="bf">B. Supplemental Jurisdiction</emph></lnvxe:h>
<p i="3"><lnvxe:text>In an action over which a district court possesses original jurisdiction, that court "shall have supplemental jurisdiction over all other claims that are so related to claims in the action within such original jurisdiction that they form part of the same case or controversy under Article III of the United States Constitution." 28 U.S.C. &#x00A7; 1367(a).</lnvxe:text></p>
<p i="3"><lnvxe:text>Even if supplemental jurisdiction exists, district courts have discretion to decline to exercise supplemental jurisdiction "in exceptional circumstances, [if] there are other compelling reasons for declining jurisdiction." 28 U.S.C. &#x00A7; 1367(c). District courts may decline to exercise jurisdiction over supplemental state law claims "[d]epending on a host of factors" including "the circumstances of the particular case, the nature of the state law claims, the character of the governing state law, and the relationship between the state and federal claims." <emph typestyle="it">City of Chicago v. Int'l Coll. of Surgeons</emph>, 522 U.S. 156, 173 (1997). The supplemental jurisdiction statute "reflects the understanding that, when deciding whether to exercise supplemental jurisdiction, 'a federal court should consider and weigh in each case, and at every stage of the litigation, the values of judicial economy, convenience, fairness, and comity,'" also known as the <emph typestyle="it">Gibbs</emph> factors. <emph typestyle="it">Id.</emph> (quoting <emph typestyle="it">Cohill</emph>, 484 U.S. at 350).</lnvxe:text></p>
<p i="3"><lnvxe:text>If a district court declines to exercise supplemental jurisdiction under 28 U.S.C. &#x00A7; 1367(c)(1)&#x2D;(3), it need not articulate its reasons for doing so. <emph typestyle="it">See San Pedro Hotel, Inc. v. City of L.A.</emph>, 159 F.3d 470, 478 (9th Cir. 1998). But if a district court declines to exercise supplemental jurisdiction under 28 U.S.C. &#x00A7; 1367(c)(4), it need only "articulate why the circumstances of the case are exceptional in addition to inquiring whether the balance of the <emph typestyle="it">Gibbs</emph> values provide compelling reasons for declining jurisdiction in such circumstances." <emph typestyle="it">Exec. Software N. Am. Inc. v. U.S. Dist. Ct. for the Cent. Dist. of Cal.</emph>, 24 F.3d 1545, 1558 (9th Cir. 1994), <emph typestyle="it">overruled on other grounds by Cal. Dep't of Water Res. v. Powerex Corp.</emph>, 533 F.3d 1087 (9th Cir. 2008). This "inquiry is not particularly burdensome." <emph typestyle="it">Id.</emph></lnvxe:text></p>
<lnvxe:h><emph typestyle="bf">III. DISCUSSION</emph></lnvxe:h>
<lnvxe:h><emph typestyle="bf">A. The Court Declines to Exercise Supplemental Jurisdiction Over the Construction&#x2D;Related Accessibility Claims</emph></lnvxe:h>
<p i="3"><lnvxe:text>Cooper and Cooper's counsel are both high&#x2D;frequency litigants in the arena of disability claims and are not strangers within the courts of the Ninth Circuit. [Dkt. 13&#x2D;1 at 2; Dkt. 13&#x2D;2 at 2]. By filing these actions in federal court, Cooper has evaded the California legislature's limits on construction&#x2D;related accessibility claims brought by high&#x2D;frequency litigants. <emph typestyle="it">See</emph> Cal. Civ. Proc. Code &#x00A7; 425.50(4)(A). It is not, under the <emph typestyle="it">Gibbs</emph> factors, fair to Defendants that Cooper may pursue construction&#x2D;related accessibility claims in this Court while evading the limitations California has imposed on such claims. To allow federal courts to become an escape hatch and allowing Cooper to pursue such claims&#x2014;regardless of whether a particular plaintiff or the small number of law firms that frequently pursue these actions currently satisfies the definition of a "high&#x2D;frequency litigant"&#x2014;is also an affront to the comity between federal and state courts. The Ninth Circuit concluded this situation presents "exceptional circumstances" for purposes of &#x00A7; 1367(c)(4). <emph typestyle="it">Arroyo v. Rosas</emph>, 19 F.4th 1202, 1211 (9th Cir. 2021).</lnvxe:text></p>
<p i="3"><lnvxe:text>Declining to exercise supplemental jurisdiction over the state law claims at the outset of the litigation preserves federal judicial resources for the consideration of federal claims, while still allowing plaintiffs to pursue their state law claims in state court. Otherwise, continuing to exercise supplemental jurisdiction would unnecessarily force this Court to expend resources to resolve state law claims for relatively modest statutory damages and attorneys' fees even after the federal claim is moot, or to inefficiently decline to exercise supplemental jurisdiction at a later date under 28 U.S.C. &#x00A7; 1367(c)(3) once the parties and Court have spent months litigating those claims in this forum. <emph typestyle="it">See, e.g., id.</emph> at 1215&#x2D;17. Moreover, exercising the Court's discretion to decline supplemental jurisdiction does not deprive Cooper of any remedies nor preclude an ADA claim for injunctive relief.</lnvxe:text></p>
<p i="3"><lnvxe:text>The Court thus concludes that "exceptional circumstances" justify the Court's discretion to decline to exercise supplemental jurisdiction over Cooper's state law construction&#x2D;related accessibility claims in this action under 28 U.S.C. &#x00A7; 1367(c)(4). Similarly, in conducting the required case&#x2D;by&#x2D;case analysis, the Court concludes at this early stage of the litigation that declining to exercise supplemental jurisdiction over Cooper's state law construction&#x2D;related accessibility claims in these circumstances presents "compelling reasons" and supports the values of judicial economy, convenience, fairness, and comity. <emph typestyle="it">See Arroyo</emph>, 19 F.4th at 1205.</lnvxe:text></p>
<lnvxe:h><emph typestyle="bf">IV. CONCLUSION</emph></lnvxe:h>
<p i="3"><lnvxe:text>For the above reasons, the Court, in its discretion, <emph typestyle="bf">DECLINES</emph> to exercise supplemental jurisdiction over Cooper's construction&#x2D;related claims and thus <emph typestyle="bf">DISMISSES</emph> them <emph typestyle="bf">WITHOUT PREJUDICE</emph>.</lnvxe:text></p>
<p i="3"><lnvxe:text><emph typestyle="bf">IT IS SO ORDERED</emph>.</lnvxe:text></p>
</lnv:OPINION>
<lnv:SYS-AUDIT-TRAIL></lnv:SYS-AUDIT-TRAIL>
</COURTCASE>