<?xml version="1.0" encoding="UTF-8"?>
<icce_manifest fab_bundle_id="PR2024070923051300667" content_provider_id="cadicd" content_provider_scheme="ELDM_COLL_RESOLVED" content_target_type="mcs">
<metadata>
</metadata>
<item id="dar_5-24CV1180_CACD_15_20240709_131961673.pdf" selector="" action="add" version="00" guid="6CFH-CWF3-S7CF-5112-00000-00" overrideConversionId="">
<file type="source" name="dar_5-24CV1180_CACD_15_20240709_131961673.pdf" md5sum="d161ced2cc9f60e9f17cb21f3df9c6ad" />
<file type="source" name="dar_5-24cv1180_CACD_Counsel.csv" md5sum="aa292cfbc42df9916735b8061a4a184b" />
<metadata>
<pair key="CLINV_estKeyCharCount" value="8275"/>
<pair key="CLINV_receivedDateTime" value="20240709_230343"/>
<pair key="INV_keyTargetFormat" value="CCV6"/>
<pair key="CLINV_courtName" value="UNITED STATES DISTRICT COURT FOR THE CENTRAL DISTRICT OF CALIFORNIA"/>
<pair key="CLINV_judge" value="VERIFY JUDGE"/>
<pair key="CLINV_inventoryStore" value="DM"/>
<pair key="CLINV_sourceDetail" value="OR"/>
<pair key="CLINV_code" value="FDCADICD"/>
<pair key="CLINV_docket" value="5:24-CV-01180-SSS-SHKX"/>
<pair key="CLINV_autoConvert" value="UNDEFINED"/>
<pair key="CLINV_sourceType" value="P"/>
<pair key="MNCR_rci" value="1000200076"/>
<pair key="CLINV_fastFlow" value="UNDEFINED"/>
<pair key="CLINV_isTribalCourt" value="false"/>
<pair key="DSAR_CATALOG_NUMBER" value="14483316"/>
<pair key="CLINV_decisionDate" value="07-09-2024"/>
<pair key="CLINV_fileSize" value="162907"/>
<pair key="CLINV_fullCaseName" value="EXERCISE SUPPLEMENTAL JURISDICTION OVER PLAINTIFF S CALIFORNIA STATE LAW CLAIMS [DKT."/>
<pair key="CLINV_isTrialCourt" value="false"/>
<pair key="CLINV_isLegacyCourt" value="false"/>
<pair key="CLINV_TAT" value="10"/>
<pair key="CLINV_fileDate" value="07-09-2024"/>
<pair key="CLINV_duplicateItem" value="true"/>
</metadata>
</item>
</icce_manifest>
