Party Name,LineText,Party Type,Attorney Label,Attorney Name,Firm Name,Firm City,Firm State,PartyTerminateDate,AttorneyTerminateDate
Jon Carner,,Defendant,LEAD ATTORNEY,Jeffery R. Lawley,Billing Cochran Lyles Mauro & Ramsey PA,Fort Lauderdale,FL,,,
Juan Francisco Vega,,Plaintiff,ATTORNEY TO BE NOTICED,Cailynn Danielle Hayter,Shook Hardy & Bacon LLP,Kansas City,MO,,,
Juan Francisco Vega,,Plaintiff,ATTORNEY TO BE NOTICED,Ijeoma Odigwe,Shook Hardy & Bacon LLP,Kansas City,MO,,,
Juan Francisco Vega,,Plaintiff,ATTORNEY TO BE NOTICED,Jennifer M. Voss,Shook Hardy & Bacon LLP,Tampa,FL,,,
Juan Francisco Vega,,Plaintiff,ATTORNEY TO BE NOTICED,Lori-Ann Ridley,,Miramar,FL,,,
Juan Francisco Vega,,Plaintiff,LEAD ATTORNEY,Anitra R. Clement,Shook Hardy & Bacon LLP,Tampa,FL,,,
Melinda Masters,,Defendant,LEAD ATTORNEY,Jeffery R. Lawley,Billing Cochran Lyles Mauro & Ramsey PA,Fort Lauderdale,FL,,,
