<?xml version="1.0" encoding="UTF-8"?>
<icce_manifest fab_bundle_id="PR2024070923092500703" content_provider_id="ohdisd" content_provider_scheme="ELDM_COLL_RESOLVED" content_target_type="mcs">
<metadata>
</metadata>
<item id="120-cv-00706-MWM_41.pdf" selector="" action="add" version="00" guid="6CFH-D6M3-S7CF-53WW-00000-00" overrideConversionId="">
<file type="source" name="120-cv-00706-MWM_41.pdf" md5sum="98f206ab32ba8cda62d8629b0b673f11" />
<file type="source" name="counsel_120-cv-00706-MWM.htm" md5sum="09164b432e57723c0a90963552e7b166" />
<metadata>
<pair key="CLINV_estKeyCharCount" value="16263"/>
<pair key="CLINV_receivedDateTime" value="20240709_230204"/>
<pair key="INV_keyTargetFormat" value="CCV6"/>
<pair key="CLINV_courtName" value="UNITED STATES DISTRICT COURT FOR THE SOUTHERN DISTRICT OF OHIO"/>
<pair key="CLINV_judge" value="VERIFY JUDGE"/>
<pair key="CLINV_inventoryStore" value="DM"/>
<pair key="CLINV_sourceDetail" value="OP"/>
<pair key="CLINV_code" value="FDOHDISD"/>
<pair key="CLINV_docket" value="l:20-cv-706"/>
<pair key="CLINV_autoConvert" value="UNDEFINED"/>
<pair key="CLINV_sourceType" value="P"/>
<pair key="MNCR_rci" value="1000200109"/>
<pair key="CLINV_fastFlow" value="UNDEFINED"/>
<pair key="CLINV_isTribalCourt" value="false"/>
<pair key="DSAR_CATALOG_NUMBER" value="14483334"/>
<pair key="CLINV_decisionDate" value="07-09-2024"/>
<pair key="CLINV_fileSize" value="3263974"/>
<pair key="CLINV_fullCaseName" value="- CINCINNATI CAMILLE GREEN, on behalf of herself and all others similarly situated, Plaintiff, V. CORNERSTONE SERVICES, INC., Defendant."/>
<pair key="CLINV_isTrialCourt" value="false"/>
<pair key="CLINV_isLegacyCourt" value="false"/>
<pair key="CLINV_TAT" value="10"/>
<pair key="CLINV_fileDate" value="07-09-2024"/>
</metadata>
</item>
</icce_manifest>
