﻿<?xml version="1.0" encoding="utf-8" standalone="yes"?>
<Root xmlns="http://risk.regn.net/LeadList" xmlns:xsi="http://www.w3.org/2001/XMLSchema-instance" xmlns:xsd="http://www.w3.org/2001/XMLSchema" Source="http://casesearch.courts.state.md.us/casesearch/" SearchPageIdentifierPattern="" CollectionComplete="false" ID="6c5c9139-d353-45e6-a268-6d3ec96f4ffd" MultiplePageCollection="true" TimeDelayAfterPageLoad="0" DuplicateLinkChecking="false">
  <Navigation>
    <InitialNavigation>
      <Page Order="1" SourceUri="http://casesearch.courts.state.md.us/casesearch/" />
    </InitialNavigation>
  </Navigation>
  <LeadList>
    <Lead CaseKey="0000001CQ0R5F" ID="dddd5637-13a2-4690-8fde-eac70b65921b">
      <InputValue FieldID="1">0000001CQ0R5F</InputValue>
    </Lead>
    <Lead CaseKey="0000001CQ0S4Y" ID="a9515b66-0bc5-4b0b-9a5d-36b0a0629e9f">
      <InputValue FieldID="1">0000001CQ0S4Y</InputValue>
    </Lead>
    <Lead CaseKey="0000001CQ0V4R" ID="308f7a98-f184-44a9-a271-41e243e21dfc">
      <InputValue FieldID="1">0000001CQ0V4R</InputValue>
    </Lead>
    <Lead CaseKey="0000001CR0R5F" ID="88f3ec84-e1c5-4d06-af38-95707f1051df">
      <InputValue FieldID="1">0000001CR0R5F</InputValue>
    </Lead>
    <Lead CaseKey="0000001CR0S4Y" ID="9391cb4b-fe0c-476d-a913-8cd05c2500f8">
      <InputValue FieldID="1">0000001CR0S4Y</InputValue>
    </Lead>
    <Lead CaseKey="0000001CR0V4R" ID="4d91e3e6-dd29-46e3-9b47-7bf6095c106a">
      <InputValue FieldID="1">0000001CR0V4R</InputValue>
    </Lead>
    <Lead CaseKey="0000001CS0R5F" ID="05f90910-91f9-4c7a-ae7d-beb44b0504f4">
      <InputValue FieldID="1">0000001CS0R5F</InputValue>
    </Lead>
    <Lead CaseKey="0000001CT0R5F" ID="1f292910-41d6-4ee1-94ff-107d91efac0a">
      <InputValue FieldID="1">0000001CT0R5F</InputValue>
    </Lead>
    <Lead CaseKey="0000001CT0V4R" ID="6244c2ae-faa0-48b3-9a50-eb12ba2f8cb4">
      <InputValue FieldID="1">0000001CT0V4R</InputValue>
    </Lead>
    <Lead CaseKey="0000001CV0R5F" ID="0535253e-2fb7-450f-8a4e-8d573970406e">
      <InputValue FieldID="1">0000001CV0R5F</InputValue>
    </Lead>
    <Lead CaseKey="0000001CV0V4R" ID="440c9727-b078-40ef-b3d5-4df87a2d911f">
      <InputValue FieldID="1">0000001CV0V4R</InputValue>
    </Lead>
    <Lead CaseKey="0000001CW0R5F" ID="83009f95-d820-4a9d-8841-51b213ec2dd9">
      <InputValue FieldID="1">0000001CW0R5F</InputValue>
    </Lead>
    <Lead CaseKey="0000001CW0V4R" ID="bea669d3-e040-4dde-86c6-fdba39cf36b2">
      <InputValue FieldID="1">0000001CW0V4R</InputValue>
    </Lead>
    <Lead CaseKey="0000001CX0R5F" ID="78aab7b3-9f90-4e1e-8a56-960f34e74593">
      <InputValue FieldID="1">0000001CX0R5F</InputValue>
    </Lead>
    <Lead CaseKey="0000001CX0V4R" ID="6b52997f-d3e0-4b1f-b00f-061ac90ae5e6">
      <InputValue FieldID="1">0000001CX0V4R</InputValue>
    </Lead>
    <Lead CaseKey="0000001CY0R5F" ID="cfddbd4b-8d72-4549-b3f0-d4f70797d732">
      <InputValue FieldID="1">0000001CY0R5F</InputValue>
    </Lead>
    <Lead CaseKey="0000001CY0V4R" ID="ae14b394-9d4e-445c-8909-51fd6c88112d">
      <InputValue FieldID="1">0000001CY0V4R</InputValue>
    </Lead>
    <Lead CaseKey="0000001CZ0R5F" ID="3b2d40e1-8a0c-4ec1-bfcf-2a2add22bf58">
      <InputValue FieldID="1">0000001CZ0R5F</InputValue>
    </Lead>
    <Lead CaseKey="0000001CZ0V4R" ID="f8f86266-bb65-4c49-a70d-3cbbd3b2fc56">
      <InputValue FieldID="1">0000001CZ0V4R</InputValue>
    </Lead>
    <Lead CaseKey="0000001D00R5F" ID="9db3cd0b-dd40-473f-bd54-a01ece151f71">
      <InputValue FieldID="1">0000001D00R5F</InputValue>
    </Lead>
    <Lead CaseKey="0000001D00V4R" ID="2440afef-31db-428a-b5ef-cc0fb86dee01">
      <InputValue FieldID="1">0000001D00V4R</InputValue>
    </Lead>
    <Lead CaseKey="0000001D10R5F" ID="50d186a4-6185-4ab9-8354-6f15e9066f8c">
      <InputValue FieldID="1">0000001D10R5F</InputValue>
    </Lead>
    <Lead CaseKey="0000001D10V4R" ID="49a3e302-2556-4ab7-ab51-f78fb73c3a9e">
      <InputValue FieldID="1">0000001D10V4R</InputValue>
    </Lead>
    <Lead CaseKey="0000001D20R5F" ID="16656a13-8616-4e14-ac11-6ae6346a3140">
      <InputValue FieldID="1">0000001D20R5F</InputValue>
    </Lead>
    <Lead CaseKey="0000001D20V4R" ID="396c07ca-96d1-4b68-b511-60401057cc31">
      <InputValue FieldID="1">0000001D20V4R</InputValue>
    </Lead>
    <Lead CaseKey="0000001D30R5F" ID="b7bd2317-4f94-4d65-b8d6-baed3824fb44">
      <InputValue FieldID="1">0000001D30R5F</InputValue>
    </Lead>
    <Lead CaseKey="0000001D30V4R" ID="fa6e14bf-d2a1-4833-9736-d17d030014ed">
      <InputValue FieldID="1">0000001D30V4R</InputValue>
    </Lead>
    <Lead CaseKey="0000001D40R5F" ID="1148a38c-9c11-472b-b2d1-56f087f2ad4b">
      <InputValue FieldID="1">0000001D40R5F</InputValue>
    </Lead>
    <Lead CaseKey="0000001D40V4R" ID="02b36764-5303-4131-9bfe-fc8bf590a335">
      <InputValue FieldID="1">0000001D40V4R</InputValue>
    </Lead>
    <Lead CaseKey="0000001D50R5F" ID="216036d9-bf28-4f61-a072-f136e223abb0">
      <InputValue FieldID="1">0000001D50R5F</InputValue>
    </Lead>
    <Lead CaseKey="0000001D50V4R" ID="69240b94-f912-4325-a820-69c7720a5d0d">
      <InputValue FieldID="1">0000001D50V4R</InputValue>
    </Lead>
    <Lead CaseKey="0000001D60R5F" ID="da284b98-8c0f-4989-9c02-c5b7c8e3a1a8">
      <InputValue FieldID="1">0000001D60R5F</InputValue>
    </Lead>
    <Lead CaseKey="0000001D60V4R" ID="55ce9ec9-d5d4-4474-81db-cda836378efb">
      <InputValue FieldID="1">0000001D60V4R</InputValue>
    </Lead>
    <Lead CaseKey="0000001D70R5F" ID="40127d95-6f8b-4a61-be52-2b793bb88e0c">
      <InputValue FieldID="1">0000001D70R5F</InputValue>
    </Lead>
    <Lead CaseKey="0000001D70V4R" ID="256089c5-ee03-43ac-a137-3f7ac817f8c9">
      <InputValue FieldID="1">0000001D70V4R</InputValue>
    </Lead>
    <Lead CaseKey="0000001D80R5F" ID="b27dc3e1-ab6c-43df-970a-d688cb3391a8">
      <InputValue FieldID="1">0000001D80R5F</InputValue>
    </Lead>
    <Lead CaseKey="0000001D80V4R" ID="bfc6ba01-75c2-484b-8f54-7558595812e2">
      <InputValue FieldID="1">0000001D80V4R</InputValue>
    </Lead>
    <Lead CaseKey="0000001D90R5F" ID="c692736f-16c8-47e7-b2cd-c87e54aea600">
      <InputValue FieldID="1">0000001D90R5F</InputValue>
    </Lead>
    <Lead CaseKey="0000001D90V4R" ID="ca2f1a18-5987-403b-a7da-2b639089997d">
      <InputValue FieldID="1">0000001D90V4R</InputValue>
    </Lead>
    <Lead CaseKey="0000001DB0R5F" ID="ee3f0216-11e7-4761-b812-3a8827cc7325">
      <InputValue FieldID="1">0000001DB0R5F</InputValue>
    </Lead>
    <Lead CaseKey="0000001DC0R5F" ID="7bb7a350-a3f0-4886-bd00-92cba8ae1716">
      <InputValue FieldID="1">0000001DC0R5F</InputValue>
    </Lead>
    <Lead CaseKey="0000001DD0R5F" ID="6d25a1aa-adf6-4a23-8fce-eb6817425c18">
      <InputValue FieldID="1">0000001DD0R5F</InputValue>
    </Lead>
    <Lead CaseKey="0000001DF0R5F" ID="88fd4512-1339-4596-8cbe-4d683c9b21eb">
      <InputValue FieldID="1">0000001DF0R5F</InputValue>
    </Lead>
    <Lead CaseKey="0000001DF0V4R" ID="b9482a7b-3583-4d63-a3a8-08505455b171">
      <InputValue FieldID="1">0000001DF0V4R</InputValue>
    </Lead>
    <Lead CaseKey="0000001DG0R5F" ID="68782cc5-b5c1-4c4f-b507-6128426e1168">
      <InputValue FieldID="1">0000001DG0R5F</InputValue>
    </Lead>
    <Lead CaseKey="0000001DG0V4R" ID="b648051d-a8f7-463c-b0f4-aaf9350f479c">
      <InputValue FieldID="1">0000001DG0V4R</InputValue>
    </Lead>
    <Lead CaseKey="0000001DH0R5F" ID="f365ffee-20f5-4565-a227-9e28e381987b">
      <InputValue FieldID="1">0000001DH0R5F</InputValue>
    </Lead>
    <Lead CaseKey="0000001DH0V4R" ID="96d83f1d-c1c0-4451-9fd3-a0cc136eff67">
      <InputValue FieldID="1">0000001DH0V4R</InputValue>
    </Lead>
    <Lead CaseKey="0000001DJ0R5F" ID="507d46e8-b379-49a6-97b8-07ce1f184d79">
      <InputValue FieldID="1">0000001DJ0R5F</InputValue>
    </Lead>
    <Lead CaseKey="0000001DJ0V4R" ID="ed506e83-9f21-4ed7-b4ab-8b770d04db6b">
      <InputValue FieldID="1">0000001DJ0V4R</InputValue>
    </Lead>
    <Lead CaseKey="0000001DK0V4R" ID="60ba11be-188a-4261-83a8-2a117178bb74">
      <InputValue FieldID="1">0000001DK0V4R</InputValue>
    </Lead>
    <Lead CaseKey="0000001DL0V4R" ID="6d32529a-cc70-4db4-a7ac-e2406a31f5df">
      <InputValue FieldID="1">0000001DL0V4R</InputValue>
    </Lead>
    <Lead CaseKey="0000001DM0V4R" ID="acb8bd37-bcd9-40e5-acde-23f9f9bfb914">
      <InputValue FieldID="1">0000001DM0V4R</InputValue>
    </Lead>
    <Lead CaseKey="0000001DN0R5F" ID="37c6ff73-4b2e-4c12-9ad8-22a04647db0b">
      <InputValue FieldID="1">0000001DN0R5F</InputValue>
    </Lead>
    <Lead CaseKey="0000001DN0V4R" ID="aa687573-5742-4a94-b8ca-4b97e193674e">
      <InputValue FieldID="1">0000001DN0V4R</InputValue>
    </Lead>
    <Lead CaseKey="0000001DP0R5F" ID="b8f755e8-7687-47da-a08e-36dd1ca0b045">
      <InputValue FieldID="1">0000001DP0R5F</InputValue>
    </Lead>
    <Lead CaseKey="0000001DP0V4R" ID="5ade21bf-3794-4418-a237-4f88fdc95415">
      <InputValue FieldID="1">0000001DP0V4R</InputValue>
    </Lead>
    <Lead CaseKey="0000001DQ0R5F" ID="b0121a0e-9e09-4094-bb0c-543ac2dca120">
      <InputValue FieldID="1">0000001DQ0R5F</InputValue>
    </Lead>
    <Lead CaseKey="0000001DQ0V4R" ID="aca23ecd-625c-4a1c-bcc5-7841ac44938a">
      <InputValue FieldID="1">0000001DQ0V4R</InputValue>
    </Lead>
    <Lead CaseKey="0000001DR0R5F" ID="b6f4cebb-099c-44e7-8da0-800b61ac1e16">
      <InputValue FieldID="1">0000001DR0R5F</InputValue>
    </Lead>
    <Lead CaseKey="0000001DR0V4R" ID="a0ac2313-6ad7-476a-8044-da6de2087675">
      <InputValue FieldID="1">0000001DR0V4R</InputValue>
    </Lead>
    <Lead CaseKey="0000001DS0R5F" ID="ec02a67b-2127-4df4-a08d-2cf10a969dc0">
      <InputValue FieldID="1">0000001DS0R5F</InputValue>
    </Lead>
    <Lead CaseKey="0000001DS0V4R" ID="55f41eae-afe4-4e46-8b3d-c540237ade81">
      <InputValue FieldID="1">0000001DS0V4R</InputValue>
    </Lead>
    <Lead CaseKey="0000001DT0R5F" ID="4faeaa0b-9ada-4146-8ff8-17efa8781651">
      <InputValue FieldID="1">0000001DT0R5F</InputValue>
    </Lead>
    <Lead CaseKey="0000001DT0V4R" ID="176817e6-e533-48e5-bf96-52201e9a1452">
      <InputValue FieldID="1">0000001DT0V4R</InputValue>
    </Lead>
    <Lead CaseKey="0000001DV0HK3" ID="f08109db-5f9b-4662-ba88-f60b7045fe75">
      <InputValue FieldID="1">0000001DV0HK3</InputValue>
    </Lead>
    <Lead CaseKey="0000001DV0R5F" ID="eb754e0c-55cc-4610-865b-73f4d5eec158">
      <InputValue FieldID="1">0000001DV0R5F</InputValue>
    </Lead>
    <Lead CaseKey="0000001DV0V4R" ID="c59f41f1-c873-4e82-abbc-a68e30c64e77">
      <InputValue FieldID="1">0000001DV0V4R</InputValue>
    </Lead>
    <Lead CaseKey="0000001DW0R5F" ID="8e923056-e0fb-4f27-8335-e5388bb1ae34">
      <InputValue FieldID="1">0000001DW0R5F</InputValue>
    </Lead>
    <Lead CaseKey="0000001DW0V4R" ID="4da3a6ee-1313-42a6-8f2b-95a60bad3b24">
      <InputValue FieldID="1">0000001DW0V4R</InputValue>
    </Lead>
    <Lead CaseKey="0000001DX0R5F" ID="323db57d-d2f9-4342-845b-fb15454267b9">
      <InputValue FieldID="1">0000001DX0R5F</InputValue>
    </Lead>
    <Lead CaseKey="0000001DX0V4R" ID="f839da3a-aeb2-47fa-ac36-e9502844c0ba">
      <InputValue FieldID="1">0000001DX0V4R</InputValue>
    </Lead>
    <Lead CaseKey="0000001DY0R5F" ID="eb77e681-f114-4463-bb85-26b1f3c4c618">
      <InputValue FieldID="1">0000001DY0R5F</InputValue>
    </Lead>
    <Lead CaseKey="0000001DY0V4R" ID="b5a86021-f016-4c98-ae34-b6dc82c08d33">
      <InputValue FieldID="1">0000001DY0V4R</InputValue>
    </Lead>
    <Lead CaseKey="0000001DZ0R5F" ID="2d4cf3b7-ba56-42de-b39a-516b690e9613">
      <InputValue FieldID="1">0000001DZ0R5F</InputValue>
    </Lead>
    <Lead CaseKey="0000001DZ0V4R" ID="6451e1ac-ca12-426e-a500-a21d0d361585">
      <InputValue FieldID="1">0000001DZ0V4R</InputValue>
    </Lead>
    <Lead CaseKey="0000001F00R5F" ID="3909fe27-d628-4397-8d46-0431bb3d9989">
      <InputValue FieldID="1">0000001F00R5F</InputValue>
    </Lead>
    <Lead CaseKey="0000001F00V4R" ID="d70a447e-1ed2-49b4-ac5d-567e04bb8bd9">
      <InputValue FieldID="1">0000001F00V4R</InputValue>
    </Lead>
    <Lead CaseKey="0000001F10R5F" ID="493883f1-9661-486e-ae35-d3a50739e4fa">
      <InputValue FieldID="1">0000001F10R5F</InputValue>
    </Lead>
    <Lead CaseKey="0000001F10V4R" ID="97a1f41d-736d-40e4-a5ae-d4ee3ede89ad">
      <InputValue FieldID="1">0000001F10V4R</InputValue>
    </Lead>
    <Lead CaseKey="0000001F20R5F" ID="63872726-c154-4a35-872b-f673b6a13843">
      <InputValue FieldID="1">0000001F20R5F</InputValue>
    </Lead>
    <Lead CaseKey="0000001F20V4R" ID="2326b762-fb8a-4614-972a-e1a3716cf84f">
      <InputValue FieldID="1">0000001F20V4R</InputValue>
    </Lead>
    <Lead CaseKey="0000001F30R5F" ID="3301d266-e048-48f2-a188-40b86d9efb60">
      <InputValue FieldID="1">0000001F30R5F</InputValue>
    </Lead>
    <Lead CaseKey="0000001F30V4R" ID="58f5d2cc-3db9-4238-9e1f-ffa9f4c93b20">
      <InputValue FieldID="1">0000001F30V4R</InputValue>
    </Lead>
    <Lead CaseKey="0000001F40R5F" ID="7c66d50a-f811-4f8e-98a7-7c66962d2f4a">
      <InputValue FieldID="1">0000001F40R5F</InputValue>
    </Lead>
    <Lead CaseKey="0000001F40V4R" ID="af3e1b90-0168-48b4-9aa2-645ced724583">
      <InputValue FieldID="1">0000001F40V4R</InputValue>
    </Lead>
    <Lead CaseKey="0000001F50R5F" ID="75cac26a-4154-4fa3-b574-e32abc78f4e7">
      <InputValue FieldID="1">0000001F50R5F</InputValue>
    </Lead>
    <Lead CaseKey="0000001F50V4R" ID="a18ee468-75e3-497d-86cb-411c19f9945d">
      <InputValue FieldID="1">0000001F50V4R</InputValue>
    </Lead>
    <Lead CaseKey="0000001F60R5F" ID="447abd6f-87be-4936-a075-48c3d8d2ebb1">
      <InputValue FieldID="1">0000001F60R5F</InputValue>
    </Lead>
    <Lead CaseKey="0000001F60V4R" ID="b82c6b51-23ec-4d45-bc4a-51c6267bc56e">
      <InputValue FieldID="1">0000001F60V4R</InputValue>
    </Lead>
    <Lead CaseKey="0000001F70R5F" ID="45245564-19f7-4b83-955a-3507372a0aa1">
      <InputValue FieldID="1">0000001F70R5F</InputValue>
    </Lead>
    <Lead CaseKey="0000001F70V4R" ID="2d7d9e3f-bb9e-4ce6-a956-3758da58f235">
      <InputValue FieldID="1">0000001F70V4R</InputValue>
    </Lead>
    <Lead CaseKey="0000001F80R5F" ID="7de45fe6-ede0-43b6-944a-b3d03eee8f99">
      <InputValue FieldID="1">0000001F80R5F</InputValue>
    </Lead>
    <Lead CaseKey="0000001F80V4R" ID="6c6520b6-7048-4f01-9710-1942203114b6">
      <InputValue FieldID="1">0000001F80V4R</InputValue>
    </Lead>
    <Lead CaseKey="0000001F90R5F" ID="d828e8e7-6beb-4c09-874b-09ab7581fd2b">
      <InputValue FieldID="1">0000001F90R5F</InputValue>
    </Lead>
    <Lead CaseKey="0000001F90V4R" ID="6ae498ba-abc4-4cd5-b580-ee2a3894df72">
      <InputValue FieldID="1">0000001F90V4R</InputValue>
    </Lead>
    <Lead CaseKey="0000001FB0R5F" ID="2643c252-828a-4c21-a15e-2054d8990b53">
      <InputValue FieldID="1">0000001FB0R5F</InputValue>
    </Lead>
    <Lead CaseKey="0000001FB0V4R" ID="9f5f7425-e07e-4d66-9ab4-678bfeb91e07">
      <InputValue FieldID="1">0000001FB0V4R</InputValue>
    </Lead>
    <Lead CaseKey="0000001FC0R5F" ID="8af585df-4642-475f-a8d8-1f4807d7176c">
      <InputValue FieldID="1">0000001FC0R5F</InputValue>
    </Lead>
    <Lead CaseKey="0000001FC0V4R" ID="a8ed0a84-d657-428a-9752-e158ea4fd951">
      <InputValue FieldID="1">0000001FC0V4R</InputValue>
    </Lead>
    <Lead CaseKey="0000001FD0R5F" ID="08250f39-5933-44f8-a7fa-140fcf459c5e">
      <InputValue FieldID="1">0000001FD0R5F</InputValue>
    </Lead>
    <Lead CaseKey="0000001FD0V4R" ID="ec3b03a7-36bf-4562-96f7-984fbb19b4ae">
      <InputValue FieldID="1">0000001FD0V4R</InputValue>
    </Lead>
    <Lead CaseKey="0000001FF0R5F" ID="c54b895a-b03d-4174-bd4b-6e617d6cba03">
      <InputValue FieldID="1">0000001FF0R5F</InputValue>
    </Lead>
    <Lead CaseKey="0000001FF0V4R" ID="1b899e32-9c3a-4d4d-84c0-508ec5b8e146">
      <InputValue FieldID="1">0000001FF0V4R</InputValue>
    </Lead>
    <Lead CaseKey="0000001FG0R5F" ID="a642cc53-9253-4293-8f46-8045e8e1e248">
      <InputValue FieldID="1">0000001FG0R5F</InputValue>
    </Lead>
    <Lead CaseKey="0000001FG0V4R" ID="d2513632-9a46-4f07-9adc-bf1939b3e9a0">
      <InputValue FieldID="1">0000001FG0V4R</InputValue>
    </Lead>
    <Lead CaseKey="0000001FH0R5F" ID="2864734f-1220-4490-8deb-d98e3a7da292">
      <InputValue FieldID="1">0000001FH0R5F</InputValue>
    </Lead>
    <Lead CaseKey="0000001FH0V4R" ID="19eb1059-a213-4ba0-a8ad-b6c16dff081c">
      <InputValue FieldID="1">0000001FH0V4R</InputValue>
    </Lead>
    <Lead CaseKey="0000001FJ0R5F" ID="b21215ec-d0da-49ae-b5fc-aa8b41755a08">
      <InputValue FieldID="1">0000001FJ0R5F</InputValue>
    </Lead>
    <Lead CaseKey="0000001FJ0V4R" ID="eb9f236f-c5d2-4259-900b-29c71d937d6f">
      <InputValue FieldID="1">0000001FJ0V4R</InputValue>
    </Lead>
    <Lead CaseKey="0000001FK0R5F" ID="71bab410-46c9-42dd-b74f-8c2e7674da72">
      <InputValue FieldID="1">0000001FK0R5F</InputValue>
    </Lead>
    <Lead CaseKey="0000001FK0V4R" ID="cb1985bd-9bc4-46e4-b122-a0f47bbc18b8">
      <InputValue FieldID="1">0000001FK0V4R</InputValue>
    </Lead>
    <Lead CaseKey="0000001FL0R5F" ID="72a5ec9e-1d01-49d3-a083-a4903e7c0d03">
      <InputValue FieldID="1">0000001FL0R5F</InputValue>
    </Lead>
    <Lead CaseKey="0000001FL0V4R" ID="3a146848-2cbe-4e27-a2da-4e014f482270">
      <InputValue FieldID="1">0000001FL0V4R</InputValue>
    </Lead>
    <Lead CaseKey="0000001FM0R5F" ID="9215f1ae-41fa-45ec-8ca4-1f60758cf097">
      <InputValue FieldID="1">0000001FM0R5F</InputValue>
    </Lead>
    <Lead CaseKey="0000001FM0V4R" ID="2641ff5d-de25-4ab0-bac7-3763005fef51">
      <InputValue FieldID="1">0000001FM0V4R</InputValue>
    </Lead>
    <Lead CaseKey="0000001FN0R5F" ID="c49841dd-33a8-499c-9fd5-e301f77735dd">
      <InputValue FieldID="1">0000001FN0R5F</InputValue>
    </Lead>
    <Lead CaseKey="0000001FN0V4R" ID="1dbdd470-0366-48db-af4f-dc39c34f4713">
      <InputValue FieldID="1">0000001FN0V4R</InputValue>
    </Lead>
    <Lead CaseKey="0000001FP0R5F" ID="d6ff63b5-150d-4986-bfea-c714bb04838f">
      <InputValue FieldID="1">0000001FP0R5F</InputValue>
    </Lead>
    <Lead CaseKey="0000001FP0V4R" ID="8ed204f6-0de7-403d-a0d5-4bcb2fa040df">
      <InputValue FieldID="1">0000001FP0V4R</InputValue>
    </Lead>
    <Lead CaseKey="0000001FQ0R5F" ID="f574af00-ec37-462c-9da3-b833dff96062">
      <InputValue FieldID="1">0000001FQ0R5F</InputValue>
    </Lead>
    <Lead CaseKey="0000001FQ0V4R" ID="0ccbd1c8-bd42-4c22-a3ce-1c6ae745ba6e">
      <InputValue FieldID="1">0000001FQ0V4R</InputValue>
    </Lead>
    <Lead CaseKey="0000001FR0R5F" ID="f05405b2-0fce-4663-aa43-24e6b498bcf3">
      <InputValue FieldID="1">0000001FR0R5F</InputValue>
    </Lead>
    <Lead CaseKey="0000001FR0V4R" ID="aac2b401-88c2-4893-bbf2-eb8392697d35">
      <InputValue FieldID="1">0000001FR0V4R</InputValue>
    </Lead>
    <Lead CaseKey="0000001FS0R5F" ID="82613c75-692a-4d14-b301-ee24815c7b56">
      <InputValue FieldID="1">0000001FS0R5F</InputValue>
    </Lead>
    <Lead CaseKey="0000001FS0V4R" ID="2a5a4c9d-d608-4f03-8b21-a51c2037934b">
      <InputValue FieldID="1">0000001FS0V4R</InputValue>
    </Lead>
    <Lead CaseKey="0000001FT0R5F" ID="947086fa-91de-45cc-b672-3e13d49a2103">
      <InputValue FieldID="1">0000001FT0R5F</InputValue>
    </Lead>
    <Lead CaseKey="0000001FT0V4R" ID="de0c15c7-a8b1-48e8-b5ca-57d2438c1fe8">
      <InputValue FieldID="1">0000001FT0V4R</InputValue>
    </Lead>
    <Lead CaseKey="0000001FV0V4R" ID="4453940e-0a7c-4625-b4a9-229dae01ec44">
      <InputValue FieldID="1">0000001FV0V4R</InputValue>
    </Lead>
    <Lead CaseKey="0000001FW0V4R" ID="3e7e6053-e3e9-4f64-8a2f-3bb1a2db1bf4">
      <InputValue FieldID="1">0000001FW0V4R</InputValue>
    </Lead>
    <Lead CaseKey="0000001FX0V4R" ID="36031f12-ff4d-4d37-9c7f-26e2edb194c1">
      <InputValue FieldID="1">0000001FX0V4R</InputValue>
    </Lead>
    <Lead CaseKey="0000001FY0R5F" ID="0b7857a2-7cec-4baf-972d-913b0874fa12">
      <InputValue FieldID="1">0000001FY0R5F</InputValue>
    </Lead>
    <Lead CaseKey="0000001FY0V4R" ID="874ed00d-4521-4512-8b9f-7857cc9dca65">
      <InputValue FieldID="1">0000001FY0V4R</InputValue>
    </Lead>
    <Lead CaseKey="0000001FZ0R5F" ID="78c4fcb4-71fc-4734-9d4e-7e43ede33dbb">
      <InputValue FieldID="1">0000001FZ0R5F</InputValue>
    </Lead>
    <Lead CaseKey="0000001FZ0V4R" ID="8aa44c28-fcb7-4694-a883-6cf55564de1a">
      <InputValue FieldID="1">0000001FZ0V4R</InputValue>
    </Lead>
    <Lead CaseKey="0000001G00R5F" ID="5770bc97-aa8f-4939-9224-b3c2a8e10760">
      <InputValue FieldID="1">0000001G00R5F</InputValue>
    </Lead>
    <Lead CaseKey="0000001G00V4R" ID="2fea247e-abd4-41e9-a925-966bcca41fd7">
      <InputValue FieldID="1">0000001G00V4R</InputValue>
    </Lead>
    <Lead CaseKey="0000001G10R5F" ID="0d8d2b03-fabf-41c6-acd9-eb8770f4abc3">
      <InputValue FieldID="1">0000001G10R5F</InputValue>
    </Lead>
    <Lead CaseKey="0000001G10V4R" ID="2d3f2003-38ee-4bde-9038-b65cc7b5626b">
      <InputValue FieldID="1">0000001G10V4R</InputValue>
    </Lead>
    <Lead CaseKey="0000001G20R5F" ID="2784a21c-55f7-4e6c-8cae-df482dc9d270">
      <InputValue FieldID="1">0000001G20R5F</InputValue>
    </Lead>
    <Lead CaseKey="0000001G20V4R" ID="b26dc485-1469-4026-b1a9-0deaa7bb66e5">
      <InputValue FieldID="1">0000001G20V4R</InputValue>
    </Lead>
    <Lead CaseKey="0000001G30R5F" ID="9b3be1df-cc54-40a4-a49e-8fed72c58c32">
      <InputValue FieldID="1">0000001G30R5F</InputValue>
    </Lead>
    <Lead CaseKey="0000001G30V4R" ID="e753f548-3dd4-4bc9-b92d-ea65b3dc5dfc">
      <InputValue FieldID="1">0000001G30V4R</InputValue>
    </Lead>
    <Lead CaseKey="0000001G40R5F" ID="76be6d86-42f5-4b84-b745-727de0c6417e">
      <InputValue FieldID="1">0000001G40R5F</InputValue>
    </Lead>
    <Lead CaseKey="0000001G50R5F" ID="620f08e3-6cb8-4445-bac4-4762b4554e72">
      <InputValue FieldID="1">0000001G50R5F</InputValue>
    </Lead>
    <Lead CaseKey="0000001G60R5F" ID="37ec3044-9c47-4377-b43c-cdd1c699f8d1">
      <InputValue FieldID="1">0000001G60R5F</InputValue>
    </Lead>
    <Lead CaseKey="0000001G70R5F" ID="a969b368-16d4-4698-ab5b-bd320443a079">
      <InputValue FieldID="1">0000001G70R5F</InputValue>
    </Lead>
    <Lead CaseKey="0000001G80R5F" ID="e83df5bb-9179-4d52-85a1-072f4abadd77">
      <InputValue FieldID="1">0000001G80R5F</InputValue>
    </Lead>
    <Lead CaseKey="0000001G90R5F" ID="96bc654f-d044-4dd4-bae3-d2b45bcf24ff">
      <InputValue FieldID="1">0000001G90R5F</InputValue>
    </Lead>
    <Lead CaseKey="0000001GB0R5F" ID="cb28681a-be0b-4de0-9080-b9b3a2770665">
      <InputValue FieldID="1">0000001GB0R5F</InputValue>
    </Lead>
    <Lead CaseKey="0000001GC0R5F" ID="d5730432-12d9-45ad-a8d5-45eb1a09af9e">
      <InputValue FieldID="1">0000001GC0R5F</InputValue>
    </Lead>
    <Lead CaseKey="0000001GD0R5F" ID="79a39d64-9bb6-4cc6-8ce5-e60d60b70dae">
      <InputValue FieldID="1">0000001GD0R5F</InputValue>
    </Lead>
    <Lead CaseKey="0000001GD0V4R" ID="07e2cbc6-6eff-4fe6-9f49-3c56292ee8d4">
      <InputValue FieldID="1">0000001GD0V4R</InputValue>
    </Lead>
    <Lead CaseKey="0000001GF0R5F" ID="6dae4853-0c6f-49aa-a8fb-ac8cab68908a">
      <InputValue FieldID="1">0000001GF0R5F</InputValue>
    </Lead>
    <Lead CaseKey="0000001GF0V4R" ID="87cebe6b-2c38-4b7a-8e23-b83c861e503e">
      <InputValue FieldID="1">0000001GF0V4R</InputValue>
    </Lead>
    <Lead CaseKey="0000001GG0R5F" ID="971c439e-fb92-44a1-b54b-c2b6a632e100">
      <InputValue FieldID="1">0000001GG0R5F</InputValue>
    </Lead>
    <Lead CaseKey="0000001GH0R5F" ID="527f021e-17de-4f87-abf2-5b23186c2e42">
      <InputValue FieldID="1">0000001GH0R5F</InputValue>
    </Lead>
    <Lead CaseKey="0000001GJ0R5F" ID="7b4454e7-3c1b-4aae-b23d-8416e367d28f">
      <InputValue FieldID="1">0000001GJ0R5F</InputValue>
    </Lead>
    <Lead CaseKey="0000001H10R5F" ID="f7d7ece1-f611-4670-89d5-dfd7e80345f1">
      <InputValue FieldID="1">0000001H10R5F</InputValue>
    </Lead>
    <Lead CaseKey="0000001H20R5F" ID="3165ca7c-8ae1-4555-9a61-3f4a53fd063a">
      <InputValue FieldID="1">0000001H20R5F</InputValue>
    </Lead>
    <Lead CaseKey="0000001H30R5F" ID="4b51b1d7-cb0e-44f4-b2c0-bea8f038bd8a">
      <InputValue FieldID="1">0000001H30R5F</InputValue>
    </Lead>
    <Lead CaseKey="0000001H40R5F" ID="4bc70f32-1ee5-4500-814a-6d7e5460acc0">
      <InputValue FieldID="1">0000001H40R5F</InputValue>
    </Lead>
    <Lead CaseKey="0000001H50R5F" ID="23d39437-4b8b-4692-8bcc-52c7f8835bef">
      <InputValue FieldID="1">0000001H50R5F</InputValue>
    </Lead>
    <Lead CaseKey="0000001HH0LZB" ID="68eeb7e0-f952-405d-bf8c-b5d69ab5b215">
      <InputValue FieldID="1">0000001HH0LZB</InputValue>
    </Lead>
    <Lead CaseKey="0000001HJ0LZB" ID="8744621a-c0fe-413b-a416-9b6464cc9242">
      <InputValue FieldID="1">0000001HJ0LZB</InputValue>
    </Lead>
    <Lead CaseKey="0000001HK0LZB" ID="689cf14e-95c3-4de0-ad2b-e2e2842fe216">
      <InputValue FieldID="1">0000001HK0LZB</InputValue>
    </Lead>
    <Lead CaseKey="0000001HL0LZB" ID="5495a63c-3c8f-47a8-93a4-c80c1e798c9b">
      <InputValue FieldID="1">0000001HL0LZB</InputValue>
    </Lead>
    <Lead CaseKey="0000001HM0LZB" ID="27249377-6dca-4bcb-a877-db52eb23554f">
      <InputValue FieldID="1">0000001HM0LZB</InputValue>
    </Lead>
    <Lead CaseKey="0000001HN0LZB" ID="d8de50e8-3fc1-4b52-b6d0-3382a183e40f">
      <InputValue FieldID="1">0000001HN0LZB</InputValue>
    </Lead>
    <Lead CaseKey="0000001HP0LZB" ID="95c83179-d7a8-4044-b2bf-e2f65475cdd3">
      <InputValue FieldID="1">0000001HP0LZB</InputValue>
    </Lead>
    <Lead CaseKey="0000001HQ0LZB" ID="bd13ee8b-8435-4a1e-8ad8-01940d00870c">
      <InputValue FieldID="1">0000001HQ0LZB</InputValue>
    </Lead>
    <Lead CaseKey="0000001HR0LZB" ID="73bf3436-114e-44b0-8c8d-28a517129b3b">
      <InputValue FieldID="1">0000001HR0LZB</InputValue>
    </Lead>
    <Lead CaseKey="0000001HS0LZB" ID="47be0bcc-da9a-470a-8d35-fce17404c8ba">
      <InputValue FieldID="1">0000001HS0LZB</InputValue>
    </Lead>
    <Lead CaseKey="0000001HT0LZB" ID="ae3ac985-5738-43e8-8f05-2a4b6f6860ef">
      <InputValue FieldID="1">0000001HT0LZB</InputValue>
    </Lead>
    <Lead CaseKey="0000001HV0LZB" ID="9be3f19f-11b5-4c05-b5aa-c9a88f609fb0">
      <InputValue FieldID="1">0000001HV0LZB</InputValue>
    </Lead>
    <Lead CaseKey="0000001J10LZB" ID="07dd93b6-4825-4738-958e-2c15ee53859f">
      <InputValue FieldID="1">0000001J10LZB</InputValue>
    </Lead>
    <Lead CaseKey="0000001J20LZB" ID="ba241523-50e0-4b3c-9619-2a1034df4f78">
      <InputValue FieldID="1">0000001J20LZB</InputValue>
    </Lead>
    <Lead CaseKey="0000001J30LZB" ID="ac504c68-c4f5-44f0-9388-b164aba0eb52">
      <InputValue FieldID="1">0000001J30LZB</InputValue>
    </Lead>
    <Lead CaseKey="0000001J40LZB" ID="2642361a-12ea-4f92-b8ab-3a98f0a74cba">
      <InputValue FieldID="1">0000001J40LZB</InputValue>
    </Lead>
    <Lead CaseKey="0000001J50LZB" ID="75701282-eb68-4702-81e3-40ebbf7e90fe">
      <InputValue FieldID="1">0000001J50LZB</InputValue>
    </Lead>
    <Lead CaseKey="0000001J60LZB" ID="b7dd1f6a-e00e-40e6-bb57-bc4d61c5efd2">
      <InputValue FieldID="1">0000001J60LZB</InputValue>
    </Lead>
    <Lead CaseKey="0000001J70LZB" ID="05c6a770-f2ea-42ae-8931-039c93f41db0">
      <InputValue FieldID="1">0000001J70LZB</InputValue>
    </Lead>
    <Lead CaseKey="0000001J80LZB" ID="b306c792-2807-46ed-a8f4-a7659148b834">
      <InputValue FieldID="1">0000001J80LZB</InputValue>
    </Lead>
    <Lead CaseKey="0000001K40V7B" ID="862c9372-9d98-4d9b-8a6d-f2e6a8792308">
      <InputValue FieldID="1">0000001K40V7B</InputValue>
    </Lead>
    <Lead CaseKey="0000001K50V7B" ID="c520767b-7d12-4242-9755-9edd7f081c1f">
      <InputValue FieldID="1">0000001K50V7B</InputValue>
    </Lead>
    <Lead CaseKey="0000001K60V7B" ID="adffc013-3748-4335-9714-51b0903458dc">
      <InputValue FieldID="1">0000001K60V7B</InputValue>
    </Lead>
    <Lead CaseKey="0000001K70V7B" ID="9654329c-c3b9-4457-9abb-d8d9ad281ae1">
      <InputValue FieldID="1">0000001K70V7B</InputValue>
    </Lead>
    <Lead CaseKey="0000001K80V7B" ID="2ee793a7-ef89-474d-8ea5-329d7d1063d7">
      <InputValue FieldID="1">0000001K80V7B</InputValue>
    </Lead>
    <Lead CaseKey="0000001K90V7B" ID="36f22921-1322-47e7-96d8-a3c11b6a9354">
      <InputValue FieldID="1">0000001K90V7B</InputValue>
    </Lead>
    <Lead CaseKey="0000001KB0V7B" ID="4c20c499-d059-4986-a9f4-3aa2bcf30e44">
      <InputValue FieldID="1">0000001KB0V7B</InputValue>
    </Lead>
    <Lead CaseKey="0000001KC0V7B" ID="324cb565-4461-4f92-84b3-0c0115c94d34">
      <InputValue FieldID="1">0000001KC0V7B</InputValue>
    </Lead>
    <Lead CaseKey="0000001KD0V7B" ID="f45fcff2-34e8-42a0-9c56-d56bb344d9aa">
      <InputValue FieldID="1">0000001KD0V7B</InputValue>
    </Lead>
    <Lead CaseKey="0000001KF0V7B" ID="d015808f-a447-4a0f-8c3a-5563bd7b4489">
      <InputValue FieldID="1">0000001KF0V7B</InputValue>
    </Lead>
    <Lead CaseKey="0000001KG0V7B" ID="9e649244-bb41-4a89-9dbe-05d055a55997">
      <InputValue FieldID="1">0000001KG0V7B</InputValue>
    </Lead>
    <Lead CaseKey="0000001KH0V7B" ID="6fe87bbf-0665-4c4b-b2c6-23a91251f116">
      <InputValue FieldID="1">0000001KH0V7B</InputValue>
    </Lead>
    <Lead CaseKey="0000001KJ0V7B" ID="86fa428f-d517-45a8-8cbd-cb15a65f4924">
      <InputValue FieldID="1">0000001KJ0V7B</InputValue>
    </Lead>
    <Lead CaseKey="0000001KK0V7B" ID="0c409899-52d9-4311-a662-36c378a8932d">
      <InputValue FieldID="1">0000001KK0V7B</InputValue>
    </Lead>
    <Lead CaseKey="0000001KL0V7B" ID="737b24d0-3f6b-48b8-a45e-0c187f95e943">
      <InputValue FieldID="1">0000001KL0V7B</InputValue>
    </Lead>
    <Lead CaseKey="0000001KM0V7B" ID="e7c8ae94-65bd-43d0-8fc0-ebb2cbba4f23">
      <InputValue FieldID="1">0000001KM0V7B</InputValue>
    </Lead>
    <Lead CaseKey="0000001KN0V7B" ID="3cdff71f-189a-463c-8008-81c6eddb5fb9">
      <InputValue FieldID="1">0000001KN0V7B</InputValue>
    </Lead>
    <Lead CaseKey="0000001KP0V7B" ID="f70596e5-ca74-4ed0-9886-7de206da4530">
      <InputValue FieldID="1">0000001KP0V7B</InputValue>
    </Lead>
    <Lead CaseKey="0000001KQ0V7B" ID="a701e9f2-a160-4edd-be4b-cb0e2ae3766c">
      <InputValue FieldID="1">0000001KQ0V7B</InputValue>
    </Lead>
    <Lead CaseKey="0000001KR0V7B" ID="a10601b8-c29f-416b-91e2-4a06baaee636">
      <InputValue FieldID="1">0000001KR0V7B</InputValue>
    </Lead>
    <Lead CaseKey="0000001KS0V7B" ID="78ae9bc3-f56f-40a6-8df3-38fcfa5bbe55">
      <InputValue FieldID="1">0000001KS0V7B</InputValue>
    </Lead>
    <Lead CaseKey="0000001KT0SMJ" ID="934b0073-d827-4e90-b237-0c2181f0af96">
      <InputValue FieldID="1">0000001KT0SMJ</InputValue>
    </Lead>
    <Lead CaseKey="0000001KT0V7B" ID="c9425819-4685-4f19-88cc-38c649eb0b74">
      <InputValue FieldID="1">0000001KT0V7B</InputValue>
    </Lead>
    <Lead CaseKey="0000001KV0SMJ" ID="28b27b57-0237-43fd-9a6b-0b833962b274">
      <InputValue FieldID="1">0000001KV0SMJ</InputValue>
    </Lead>
    <Lead CaseKey="0000001KV0V7B" ID="1112457f-e82d-4ef2-80eb-10f1dbdb2961">
      <InputValue FieldID="1">0000001KV0V7B</InputValue>
    </Lead>
    <Lead CaseKey="0000001KW0SMJ" ID="36141013-1b3c-4f08-8a3d-a00ae801bbd8">
      <InputValue FieldID="1">0000001KW0SMJ</InputValue>
    </Lead>
    <Lead CaseKey="0000001KW0V7B" ID="87241184-01fd-4912-8fa4-17dc28df2835">
      <InputValue FieldID="1">0000001KW0V7B</InputValue>
    </Lead>
    <Lead CaseKey="0000001KX0SMJ" ID="c0efcc1a-c450-4c08-9086-7bb749b2cc38">
      <InputValue FieldID="1">0000001KX0SMJ</InputValue>
    </Lead>
    <Lead CaseKey="0000001KX0V7B" ID="3a783215-7642-4151-80ee-ee3a8044507e">
      <InputValue FieldID="1">0000001KX0V7B</InputValue>
    </Lead>
    <Lead CaseKey="0000001KY0SMJ" ID="704fd68f-b1de-4d29-b2fb-a38d255e3678">
      <InputValue FieldID="1">0000001KY0SMJ</InputValue>
    </Lead>
    <Lead CaseKey="0000001KY0V7B" ID="44b0b748-4632-4027-b6aa-7c5c93d5bcf5">
      <InputValue FieldID="1">0000001KY0V7B</InputValue>
    </Lead>
    <Lead CaseKey="0000001KZ0SMJ" ID="325deacc-98d9-4e24-b027-db679b93cbf6">
      <InputValue FieldID="1">0000001KZ0SMJ</InputValue>
    </Lead>
    <Lead CaseKey="0000001KZ0V7B" ID="1fded1b2-a71a-4d98-9f80-ff328096e726">
      <InputValue FieldID="1">0000001KZ0V7B</InputValue>
    </Lead>
    <Lead CaseKey="0000001L00SMJ" ID="ad911d7b-15d0-410b-8e03-7189605810ef">
      <InputValue FieldID="1">0000001L00SMJ</InputValue>
    </Lead>
    <Lead CaseKey="0000001L00V7B" ID="946a0175-79dd-414c-9644-518e4d6b5578">
      <InputValue FieldID="1">0000001L00V7B</InputValue>
    </Lead>
    <Lead CaseKey="0000001L10SMJ" ID="37a52b63-9867-4efa-97d0-05f697b170b5">
      <InputValue FieldID="1">0000001L10SMJ</InputValue>
    </Lead>
    <Lead CaseKey="0000001L10V7B" ID="064bef2d-2d70-4a2f-b52c-6fe52f7a0bb1">
      <InputValue FieldID="1">0000001L10V7B</InputValue>
    </Lead>
    <Lead CaseKey="0000001L20SMJ" ID="39dab0a3-01e0-4b44-a66d-a75274acd6db">
      <InputValue FieldID="1">0000001L20SMJ</InputValue>
    </Lead>
    <Lead CaseKey="0000001L20V7B" ID="585fff5f-6ff4-494f-a912-1ae99037f70b">
      <InputValue FieldID="1">0000001L20V7B</InputValue>
    </Lead>
    <Lead CaseKey="0000001L30SMJ" ID="c1899766-d501-4266-8847-325b87961ddd">
      <InputValue FieldID="1">0000001L30SMJ</InputValue>
    </Lead>
    <Lead CaseKey="0000001L30V7B" ID="b28284a0-2f91-4693-906f-ceb97a181897">
      <InputValue FieldID="1">0000001L30V7B</InputValue>
    </Lead>
    <Lead CaseKey="0000001L40SMJ" ID="efb5ef75-5ded-4b60-b529-2d91ca1e8ec7">
      <InputValue FieldID="1">0000001L40SMJ</InputValue>
    </Lead>
    <Lead CaseKey="0000001L40V7B" ID="654b0790-191a-44bc-9e03-57454af9640a">
      <InputValue FieldID="1">0000001L40V7B</InputValue>
    </Lead>
    <Lead CaseKey="0000001L50SMJ" ID="d959c672-d789-48d5-8b4b-9b1459e17e39">
      <InputValue FieldID="1">0000001L50SMJ</InputValue>
    </Lead>
    <Lead CaseKey="0000001L50V7B" ID="97091e44-ccb7-4b02-bd3d-719b1f319ad3">
      <InputValue FieldID="1">0000001L50V7B</InputValue>
    </Lead>
    <Lead CaseKey="0000001L60SMJ" ID="3b59ad3f-d364-4607-99f6-a2e5931a468c">
      <InputValue FieldID="1">0000001L60SMJ</InputValue>
    </Lead>
    <Lead CaseKey="0000001L60V7B" ID="35decf28-efa3-4e17-9b94-1b9b3ad414a0">
      <InputValue FieldID="1">0000001L60V7B</InputValue>
    </Lead>
    <Lead CaseKey="0000001L70SMJ" ID="ebf19592-b726-43da-83e0-cd7299ff831d">
      <InputValue FieldID="1">0000001L70SMJ</InputValue>
    </Lead>
    <Lead CaseKey="0000001L80SMJ" ID="540614ce-b773-423e-9010-e5123a9ded98">
      <InputValue FieldID="1">0000001L80SMJ</InputValue>
    </Lead>
    <Lead CaseKey="0000001L80V7B" ID="183d46f5-2cd5-4e24-93ff-bc93ac553739">
      <InputValue FieldID="1">0000001L80V7B</InputValue>
    </Lead>
    <Lead CaseKey="0000001L90V7B" ID="6402dd9a-f58e-4430-816c-099df27d3959">
      <InputValue FieldID="1">0000001L90V7B</InputValue>
    </Lead>
    <Lead CaseKey="0000001LB0V7B" ID="5b407c26-7311-4212-b196-30a422e1604e">
      <InputValue FieldID="1">0000001LB0V7B</InputValue>
    </Lead>
    <Lead CaseKey="0000001LC0V7B" ID="fe1b1579-e99d-4b9d-86bd-4f3aebfbf0c7">
      <InputValue FieldID="1">0000001LC0V7B</InputValue>
    </Lead>
    <Lead CaseKey="0000001LD0V7B" ID="bfd672d3-2f26-44a8-8ced-ac74d9aa6aeb">
      <InputValue FieldID="1">0000001LD0V7B</InputValue>
    </Lead>
    <Lead CaseKey="0000001LF0V7B" ID="e46d0005-bfa0-4484-8a9d-4e3a4642d9c0">
      <InputValue FieldID="1">0000001LF0V7B</InputValue>
    </Lead>
    <Lead CaseKey="0000001LG0V7B" ID="c7770a10-fcab-4e99-b2c3-1664485f08e8">
      <InputValue FieldID="1">0000001LG0V7B</InputValue>
    </Lead>
    <Lead CaseKey="0000001LH0SMJ" ID="171b7d70-a1ee-4de3-b224-bd1706db41ee">
      <InputValue FieldID="1">0000001LH0SMJ</InputValue>
    </Lead>
    <Lead CaseKey="0000001LH0V7B" ID="e937e630-cf1e-4b2d-8da9-02b39698450e">
      <InputValue FieldID="1">0000001LH0V7B</InputValue>
    </Lead>
    <Lead CaseKey="0000001LJ0SMJ" ID="9f97fced-37b2-4a61-af7c-c0bc86d6155f">
      <InputValue FieldID="1">0000001LJ0SMJ</InputValue>
    </Lead>
    <Lead CaseKey="0000001LJ0V7B" ID="16c84979-370d-4208-a115-a21e7922ed8b">
      <InputValue FieldID="1">0000001LJ0V7B</InputValue>
    </Lead>
    <Lead CaseKey="0000001LK0SMJ" ID="9ad8d666-61c5-4400-9815-ba23feb42891">
      <InputValue FieldID="1">0000001LK0SMJ</InputValue>
    </Lead>
    <Lead CaseKey="0000001LL0SMJ" ID="e184d3ca-5401-4232-a8d0-fa9aad92df42">
      <InputValue FieldID="1">0000001LL0SMJ</InputValue>
    </Lead>
    <Lead CaseKey="0000001LM0SMJ" ID="6e18d036-49c2-4fba-93cb-3b52033be818">
      <InputValue FieldID="1">0000001LM0SMJ</InputValue>
    </Lead>
    <Lead CaseKey="0000001LN0SMJ" ID="32c5dda2-052f-46c1-8c8f-35d973485e80">
      <InputValue FieldID="1">0000001LN0SMJ</InputValue>
    </Lead>
    <Lead CaseKey="0000001LP0SMJ" ID="2eb68a8f-dc96-4319-8dd4-c214a1640fb0">
      <InputValue FieldID="1">0000001LP0SMJ</InputValue>
    </Lead>
    <Lead CaseKey="0000001LP0V7B" ID="b70d9fdd-ebc7-4a58-b1e2-afa39e45cd60">
      <InputValue FieldID="1">0000001LP0V7B</InputValue>
    </Lead>
    <Lead CaseKey="0000001LQ0SMJ" ID="9d822d54-b0a0-449f-8821-f812a7005f25">
      <InputValue FieldID="1">0000001LQ0SMJ</InputValue>
    </Lead>
    <Lead CaseKey="0000001LQ0V7B" ID="a0916047-3a2b-4f8b-a0a4-215a4477a7d2">
      <InputValue FieldID="1">0000001LQ0V7B</InputValue>
    </Lead>
    <Lead CaseKey="0000001LR0SMJ" ID="53977d04-2f8c-4f4b-8358-258abf2b4881">
      <InputValue FieldID="1">0000001LR0SMJ</InputValue>
    </Lead>
    <Lead CaseKey="0000001LR0V7B" ID="18bb4e8a-fc41-49ed-9e05-6c66b5b44b4d">
      <InputValue FieldID="1">0000001LR0V7B</InputValue>
    </Lead>
    <Lead CaseKey="0000001LS0SMJ" ID="d6509981-b8ac-470b-a36b-9328174f1a3b">
      <InputValue FieldID="1">0000001LS0SMJ</InputValue>
    </Lead>
    <Lead CaseKey="0000001LS0V7B" ID="09c79e66-a4b0-4cd2-8200-4e98377ad97e">
      <InputValue FieldID="1">0000001LS0V7B</InputValue>
    </Lead>
    <Lead CaseKey="0000001LT0SMJ" ID="3f14aeaf-007c-4cc4-8039-f7c804545b2c">
      <InputValue FieldID="1">0000001LT0SMJ</InputValue>
    </Lead>
    <Lead CaseKey="0000001LT0V7B" ID="130fb876-e8a5-4aa0-a040-cd9e63399554">
      <InputValue FieldID="1">0000001LT0V7B</InputValue>
    </Lead>
    <Lead CaseKey="0000001LV0V7B" ID="9881243c-cbd5-4ba8-afc0-f715139a5ba9">
      <InputValue FieldID="1">0000001LV0V7B</InputValue>
    </Lead>
    <Lead CaseKey="0000001LW0V7B" ID="8f90221d-9749-4146-8765-6d9cd3ed2f8c">
      <InputValue FieldID="1">0000001LW0V7B</InputValue>
    </Lead>
    <Lead CaseKey="0000001LX0SMJ" ID="8920ea95-3687-435e-a653-778a72052a07">
      <InputValue FieldID="1">0000001LX0SMJ</InputValue>
    </Lead>
    <Lead CaseKey="0000001LX0V7B" ID="a9959032-9204-45e2-a6c4-47ce3f6d897b">
      <InputValue FieldID="1">0000001LX0V7B</InputValue>
    </Lead>
    <Lead CaseKey="0000001LY0SMJ" ID="1a28046e-304e-4373-b179-d78fe416b173">
      <InputValue FieldID="1">0000001LY0SMJ</InputValue>
    </Lead>
    <Lead CaseKey="0000001LY0V7B" ID="dcba9384-6ed3-4bf7-85e3-cebc6349d996">
      <InputValue FieldID="1">0000001LY0V7B</InputValue>
    </Lead>
    <Lead CaseKey="0000001LZ0SMJ" ID="589fa9fe-841d-4d6f-b44f-853f43630630">
      <InputValue FieldID="1">0000001LZ0SMJ</InputValue>
    </Lead>
    <Lead CaseKey="0000001LZ0V7B" ID="372c55b0-e178-47fa-9952-9c51652f2a84">
      <InputValue FieldID="1">0000001LZ0V7B</InputValue>
    </Lead>
    <Lead CaseKey="0000001M00SMJ" ID="6039f7b9-8ed9-4abc-a84c-3a6b9faeadc5">
      <InputValue FieldID="1">0000001M00SMJ</InputValue>
    </Lead>
    <Lead CaseKey="0000001M00V7B" ID="e92b750b-7474-4599-b51c-3b14fef07474">
      <InputValue FieldID="1">0000001M00V7B</InputValue>
    </Lead>
    <Lead CaseKey="0000001M10SMJ" ID="e4d54cdd-3b9a-448f-ac11-1bb91b391fc4">
      <InputValue FieldID="1">0000001M10SMJ</InputValue>
    </Lead>
    <Lead CaseKey="0000001M10V7B" ID="5b32ff39-3862-42a2-8d93-715fe71dd4e9">
      <InputValue FieldID="1">0000001M10V7B</InputValue>
    </Lead>
    <Lead CaseKey="0000001M20SMJ" ID="a291802a-2174-427e-bf97-2f8df742c070">
      <InputValue FieldID="1">0000001M20SMJ</InputValue>
    </Lead>
    <Lead CaseKey="0000001M20V7B" ID="7a8c7443-798d-4131-9ab5-f82fece4ca0d">
      <InputValue FieldID="1">0000001M20V7B</InputValue>
    </Lead>
    <Lead CaseKey="0000001M30SMJ" ID="5c207cd6-fec1-46ec-9d79-b8519c9e560e">
      <InputValue FieldID="1">0000001M30SMJ</InputValue>
    </Lead>
    <Lead CaseKey="0000001M30V7B" ID="7347cc88-00e5-43ee-9682-91d5d7a2eb85">
      <InputValue FieldID="1">0000001M30V7B</InputValue>
    </Lead>
    <Lead CaseKey="0000001M40SMJ" ID="34d6a7f2-eb01-4f28-a24f-69858d423440">
      <InputValue FieldID="1">0000001M40SMJ</InputValue>
    </Lead>
    <Lead CaseKey="0000001M40V7B" ID="429ecebe-ee83-4a0a-895a-6456eda8b25f">
      <InputValue FieldID="1">0000001M40V7B</InputValue>
    </Lead>
    <Lead CaseKey="0000001MJ0SMJ" ID="516af6b4-da3e-446d-aa3e-f0124e8c4495">
      <InputValue FieldID="1">0000001MJ0SMJ</InputValue>
    </Lead>
    <Lead CaseKey="0000001MK0SMJ" ID="ff460d30-2646-4313-9344-8c42d10a0dab">
      <InputValue FieldID="1">0000001MK0SMJ</InputValue>
    </Lead>
    <Lead CaseKey="0000001ML0SMJ" ID="7b7ebb08-72f5-4b89-bffb-3cc661b366f3">
      <InputValue FieldID="1">0000001ML0SMJ</InputValue>
    </Lead>
    <Lead CaseKey="0000001ML0V7B" ID="f3e8f3be-2c4e-4453-94de-47cfd0b68d89">
      <InputValue FieldID="1">0000001ML0V7B</InputValue>
    </Lead>
    <Lead CaseKey="0000001MM0SMJ" ID="16831aee-ff28-4f47-8d1b-9718c5c2b7c9">
      <InputValue FieldID="1">0000001MM0SMJ</InputValue>
    </Lead>
    <Lead CaseKey="0000001MM0V7B" ID="c90a7d31-e452-462e-afc8-13e8eb7879a6">
      <InputValue FieldID="1">0000001MM0V7B</InputValue>
    </Lead>
    <Lead CaseKey="0000001MN0SMJ" ID="99ac019b-c1d0-47f5-bb72-3026e87b5054">
      <InputValue FieldID="1">0000001MN0SMJ</InputValue>
    </Lead>
    <Lead CaseKey="0000001MN0V7B" ID="7f62c75e-68d4-4dfc-b519-1a444da46235">
      <InputValue FieldID="1">0000001MN0V7B</InputValue>
    </Lead>
    <Lead CaseKey="0000001MP0SMJ" ID="0c09de03-c10d-43a9-b851-8c071c7ac275">
      <InputValue FieldID="1">0000001MP0SMJ</InputValue>
    </Lead>
    <Lead CaseKey="0000001MP0V7B" ID="c59c1dc5-2de1-4256-8ace-d169175858fa">
      <InputValue FieldID="1">0000001MP0V7B</InputValue>
    </Lead>
    <Lead CaseKey="0000001MQ0SMJ" ID="140670d2-d66d-493c-b6d6-0dae3f8bf457">
      <InputValue FieldID="1">0000001MQ0SMJ</InputValue>
    </Lead>
    <Lead CaseKey="0000001MQ0V7B" ID="1cb841b2-6299-44f5-aa2c-db9fbad42b4c">
      <InputValue FieldID="1">0000001MQ0V7B</InputValue>
    </Lead>
    <Lead CaseKey="0000001MR0SMJ" ID="635a0d0f-7366-434e-b763-eef0a46813d6">
      <InputValue FieldID="1">0000001MR0SMJ</InputValue>
    </Lead>
    <Lead CaseKey="0000001MR0V7B" ID="42ad86c3-0a2f-4658-9180-8a612ff7b5ea">
      <InputValue FieldID="1">0000001MR0V7B</InputValue>
    </Lead>
    <Lead CaseKey="0000001MS0SMJ" ID="81163da5-7062-44e3-9aa3-502054a157c3">
      <InputValue FieldID="1">0000001MS0SMJ</InputValue>
    </Lead>
    <Lead CaseKey="0000001MS0V7B" ID="3ca02802-c01e-4271-a65b-a5ef9b4e3ecc">
      <InputValue FieldID="1">0000001MS0V7B</InputValue>
    </Lead>
    <Lead CaseKey="0000001MT0SMJ" ID="5a906e1f-9168-467d-8252-363316baae70">
      <InputValue FieldID="1">0000001MT0SMJ</InputValue>
    </Lead>
    <Lead CaseKey="0000001MT0V7B" ID="804fc6ec-162f-48f7-b649-7a8f7f8531e7">
      <InputValue FieldID="1">0000001MT0V7B</InputValue>
    </Lead>
    <Lead CaseKey="0000001MV0SMJ" ID="68db62ee-33da-492d-9620-b221e95185ad">
      <InputValue FieldID="1">0000001MV0SMJ</InputValue>
    </Lead>
    <Lead CaseKey="0000001MV0V7B" ID="1504e944-75ce-4417-a9d1-bb4782a0d64e">
      <InputValue FieldID="1">0000001MV0V7B</InputValue>
    </Lead>
    <Lead CaseKey="0000001MW0SMJ" ID="14d88ec3-94ee-4f43-8cc5-94540b104fb9">
      <InputValue FieldID="1">0000001MW0SMJ</InputValue>
    </Lead>
    <Lead CaseKey="0000001MX0SMJ" ID="bd2ccf02-6e56-4e53-a57c-df4926c8a28f">
      <InputValue FieldID="1">0000001MX0SMJ</InputValue>
    </Lead>
    <Lead CaseKey="0000001N50SMJ" ID="7526a5fe-b10f-4ee9-a708-e9420cabe08a">
      <InputValue FieldID="1">0000001N50SMJ</InputValue>
    </Lead>
    <Lead CaseKey="0000001N60SMJ" ID="adfb8482-862b-4619-9f1d-31c679f3ea71">
      <InputValue FieldID="1">0000001N60SMJ</InputValue>
    </Lead>
    <Lead CaseKey="0000001N70SMJ" ID="7c633117-f8ed-4108-8550-09e699204157">
      <InputValue FieldID="1">0000001N70SMJ</InputValue>
    </Lead>
    <Lead CaseKey="0000001NB0V7B" ID="c0fd27a2-be5d-479a-a4cb-3603d337f49f">
      <InputValue FieldID="1">0000001NB0V7B</InputValue>
    </Lead>
    <Lead CaseKey="0000001NG0SMJ" ID="fe414275-0fa3-4314-ada9-2ddc72a9e3e9">
      <InputValue FieldID="1">0000001NG0SMJ</InputValue>
    </Lead>
    <Lead CaseKey="0000001NH0SMJ" ID="2ec680ae-4ad5-4b0d-8526-daf7adabe4da">
      <InputValue FieldID="1">0000001NH0SMJ</InputValue>
    </Lead>
    <Lead CaseKey="0000001NH0W9B" ID="161e5311-c206-4edd-aef1-c4d7902b181f">
      <InputValue FieldID="1">0000001NH0W9B</InputValue>
    </Lead>
    <Lead CaseKey="0000001NJ0SMJ" ID="eaffb735-f9da-4c60-bf02-b7ac2282f9a6">
      <InputValue FieldID="1">0000001NJ0SMJ</InputValue>
    </Lead>
    <Lead CaseKey="0000001NJ0WJR" ID="31f5eb7b-0681-4faa-bda4-567f4f7762f8">
      <InputValue FieldID="1">0000001NJ0WJR</InputValue>
    </Lead>
    <Lead CaseKey="0000001NK0SMJ" ID="ee9527b8-4b07-4f11-85fa-e47775a04f41">
      <InputValue FieldID="1">0000001NK0SMJ</InputValue>
    </Lead>
    <Lead CaseKey="0000001P20W9B" ID="ed6190a8-2384-45ff-924e-16a648306291">
      <InputValue FieldID="1">0000001P20W9B</InputValue>
    </Lead>
    <Lead CaseKey="0000001QR0KNK" ID="9aff2500-083e-4106-a0ef-c5c97acd6b1d">
      <InputValue FieldID="1">0000001QR0KNK</InputValue>
    </Lead>
    <Lead CaseKey="0000001QS0KNK" ID="e34289c1-9cf4-48e4-bc77-97a5056e5d3a">
      <InputValue FieldID="1">0000001QS0KNK</InputValue>
    </Lead>
    <Lead CaseKey="0000001R30WG2" ID="e026a4f8-5e29-4764-b572-71e684951192">
      <InputValue FieldID="1">0000001R30WG2</InputValue>
    </Lead>
    <Lead CaseKey="0000001R40WG2" ID="e3bba16b-cb5c-41d7-ad82-2eafd6b21ef9">
      <InputValue FieldID="1">0000001R40WG2</InputValue>
    </Lead>
    <Lead CaseKey="0000001R50WG2" ID="db234e1a-31e1-4877-b448-58a029bd66e1">
      <InputValue FieldID="1">0000001R50WG2</InputValue>
    </Lead>
    <Lead CaseKey="0000001R60WG2" ID="c6c7ea0f-292a-4efc-8a41-79db95bff5c4">
      <InputValue FieldID="1">0000001R60WG2</InputValue>
    </Lead>
    <Lead CaseKey="0000001R70WG2" ID="60719d5d-5910-45aa-8052-76012e2e24de">
      <InputValue FieldID="1">0000001R70WG2</InputValue>
    </Lead>
    <Lead CaseKey="0000001R80WG2" ID="faace017-aa18-4e74-84e2-60b4d59d4775">
      <InputValue FieldID="1">0000001R80WG2</InputValue>
    </Lead>
    <Lead CaseKey="0000001R90WG2" ID="48880724-62d5-4872-b828-8d1ae875b456">
      <InputValue FieldID="1">0000001R90WG2</InputValue>
    </Lead>
    <Lead CaseKey="0000001RB0WG2" ID="b1be89a3-74b3-4dbf-a9d4-4bb5e677a7fa">
      <InputValue FieldID="1">0000001RB0WG2</InputValue>
    </Lead>
    <Lead CaseKey="0000001RC0WG2" ID="d4588fa7-8209-4f17-a5af-35b32db81fa0">
      <InputValue FieldID="1">0000001RC0WG2</InputValue>
    </Lead>
    <Lead CaseKey="0000001RD0WG2" ID="a53030cb-dc55-4a6a-bc3d-8343ce11ab37">
      <InputValue FieldID="1">0000001RD0WG2</InputValue>
    </Lead>
    <Lead CaseKey="0000001RF0WG2" ID="d5e66c38-8f60-49d6-a99a-54f7c50edb55">
      <InputValue FieldID="1">0000001RF0WG2</InputValue>
    </Lead>
    <Lead CaseKey="0000001RG0WG2" ID="07f3cb97-7252-4043-bf99-92fb3b16f6b2">
      <InputValue FieldID="1">0000001RG0WG2</InputValue>
    </Lead>
    <Lead CaseKey="0000001RH0WG2" ID="8a8b1c3b-5a19-4dca-8124-5749ad22aa48">
      <InputValue FieldID="1">0000001RH0WG2</InputValue>
    </Lead>
    <Lead CaseKey="0000001RJ0WG2" ID="0ccfed03-246b-45d9-989d-91ce98417256">
      <InputValue FieldID="1">0000001RJ0WG2</InputValue>
    </Lead>
    <Lead CaseKey="0000001RK0WG2" ID="04546d9f-ecb1-40c3-9069-96e81a25f3d4">
      <InputValue FieldID="1">0000001RK0WG2</InputValue>
    </Lead>
    <Lead CaseKey="0000001RL0NCV" ID="a9b5e85e-11fe-48e5-bfed-5286154d8ac5">
      <InputValue FieldID="1">0000001RL0NCV</InputValue>
    </Lead>
    <Lead CaseKey="0000001RL0WG2" ID="07c3bd09-5cef-49bd-b6a2-b968534de7b0">
      <InputValue FieldID="1">0000001RL0WG2</InputValue>
    </Lead>
    <Lead CaseKey="0000001RM0J8T" ID="74472215-373d-44be-b50d-c45ec5997a5c">
      <InputValue FieldID="1">0000001RM0J8T</InputValue>
    </Lead>
    <Lead CaseKey="0000001RM0NCV" ID="f5f8b9b8-1277-44ac-820d-da38ef1e4b02">
      <InputValue FieldID="1">0000001RM0NCV</InputValue>
    </Lead>
    <Lead CaseKey="0000001RM0WG2" ID="7abafb87-0553-4c5b-8ed1-1d2c4164ca60">
      <InputValue FieldID="1">0000001RM0WG2</InputValue>
    </Lead>
    <Lead CaseKey="0000001RN0J8T" ID="367702da-83b6-49b5-aaa1-8a53c41e61bb">
      <InputValue FieldID="1">0000001RN0J8T</InputValue>
    </Lead>
    <Lead CaseKey="0000001RN0NCV" ID="06126489-62e6-4090-bb2b-e140a2fba6bb">
      <InputValue FieldID="1">0000001RN0NCV</InputValue>
    </Lead>
    <Lead CaseKey="0000001RN0WG2" ID="198289a0-f9ca-4932-a10c-ec1d78f35c7d">
      <InputValue FieldID="1">0000001RN0WG2</InputValue>
    </Lead>
    <Lead CaseKey="0000001RP0J8T" ID="165a82aa-89cd-4c46-91a9-ab181a59f60e">
      <InputValue FieldID="1">0000001RP0J8T</InputValue>
    </Lead>
    <Lead CaseKey="0000001RP0NCV" ID="ac606304-1d5c-48b4-a8b2-5ef6d5f4ad25">
      <InputValue FieldID="1">0000001RP0NCV</InputValue>
    </Lead>
    <Lead CaseKey="0000001RP0WG2" ID="d546d807-ede4-4502-a622-527bc8709663">
      <InputValue FieldID="1">0000001RP0WG2</InputValue>
    </Lead>
    <Lead CaseKey="0000001RQ0J8T" ID="094e093b-d667-4ba1-a893-7a66a27c6d6d">
      <InputValue FieldID="1">0000001RQ0J8T</InputValue>
    </Lead>
    <Lead CaseKey="0000001RQ0NCV" ID="5fca7a43-caad-4089-b51c-e651f71b2b32">
      <InputValue FieldID="1">0000001RQ0NCV</InputValue>
    </Lead>
    <Lead CaseKey="0000001RQ0WG2" ID="0c7c2e85-b0c8-4d80-9d79-f6c9ba34fb47">
      <InputValue FieldID="1">0000001RQ0WG2</InputValue>
    </Lead>
    <Lead CaseKey="0000001RR0J8T" ID="7efc2204-55f4-471b-a5ec-d9c17b447b42">
      <InputValue FieldID="1">0000001RR0J8T</InputValue>
    </Lead>
    <Lead CaseKey="0000001RR0NCV" ID="ba8fc4d8-af48-458e-85a1-102629d734f7">
      <InputValue FieldID="1">0000001RR0NCV</InputValue>
    </Lead>
    <Lead CaseKey="0000001RR0WG2" ID="b9de190d-4846-47c9-bed5-cb77029aee04">
      <InputValue FieldID="1">0000001RR0WG2</InputValue>
    </Lead>
    <Lead CaseKey="0000001RS0J8T" ID="90daa251-0fb0-4a95-962f-d77dd8062100">
      <InputValue FieldID="1">0000001RS0J8T</InputValue>
    </Lead>
    <Lead CaseKey="0000001RS0NCV" ID="c28bed74-8bfe-4fdb-abbb-15d03370af03">
      <InputValue FieldID="1">0000001RS0NCV</InputValue>
    </Lead>
    <Lead CaseKey="0000001RS0WG2" ID="06883b4a-3843-4f1c-aff0-98113b36468f">
      <InputValue FieldID="1">0000001RS0WG2</InputValue>
    </Lead>
    <Lead CaseKey="0000001RT0J8T" ID="8712a999-7cb5-4e91-b8cf-59f2dba35d30">
      <InputValue FieldID="1">0000001RT0J8T</InputValue>
    </Lead>
    <Lead CaseKey="0000001RT0NCV" ID="0cd62477-7769-49a3-887b-b96ecd33f5b1">
      <InputValue FieldID="1">0000001RT0NCV</InputValue>
    </Lead>
    <Lead CaseKey="0000001RT0WG2" ID="edf79fbb-9378-4258-8f92-4fce524cee86">
      <InputValue FieldID="1">0000001RT0WG2</InputValue>
    </Lead>
    <Lead CaseKey="0000001RV0J8T" ID="c1206675-050b-4328-a727-0fb8c3fbebbf">
      <InputValue FieldID="1">0000001RV0J8T</InputValue>
    </Lead>
    <Lead CaseKey="0000001RV0NCV" ID="edef0fa3-2505-48cc-890e-94ba87066374">
      <InputValue FieldID="1">0000001RV0NCV</InputValue>
    </Lead>
    <Lead CaseKey="0000001RV0WG2" ID="526edfd4-37f2-4eac-9b2d-fd98d0273cd8">
      <InputValue FieldID="1">0000001RV0WG2</InputValue>
    </Lead>
    <Lead CaseKey="0000001RW0J8T" ID="f29a2141-7f2e-4182-b757-9003480b2354">
      <InputValue FieldID="1">0000001RW0J8T</InputValue>
    </Lead>
    <Lead CaseKey="0000001RW0NCV" ID="43fc7023-486e-499a-b22e-d494185a6ac4">
      <InputValue FieldID="1">0000001RW0NCV</InputValue>
    </Lead>
    <Lead CaseKey="0000001RW0WG2" ID="41f26cec-1eba-4748-827f-f86391c6857f">
      <InputValue FieldID="1">0000001RW0WG2</InputValue>
    </Lead>
    <Lead CaseKey="0000001RX0J8T" ID="20bf000d-0f11-495b-b8b3-63046a20f536">
      <InputValue FieldID="1">0000001RX0J8T</InputValue>
    </Lead>
    <Lead CaseKey="0000001RX0NCV" ID="21f5c022-7e6e-48ce-8dfc-1d845fd49364">
      <InputValue FieldID="1">0000001RX0NCV</InputValue>
    </Lead>
    <Lead CaseKey="0000001RX0WG2" ID="5e031d87-abad-4c28-8ad2-66bd6afacfb9">
      <InputValue FieldID="1">0000001RX0WG2</InputValue>
    </Lead>
    <Lead CaseKey="0000001RY0J8T" ID="5dc6c625-9c6d-4d97-88fc-132931cb5d5a">
      <InputValue FieldID="1">0000001RY0J8T</InputValue>
    </Lead>
    <Lead CaseKey="0000001RY0NCV" ID="dd28cd32-cf5c-4f55-b2e9-ffa56886d747">
      <InputValue FieldID="1">0000001RY0NCV</InputValue>
    </Lead>
    <Lead CaseKey="0000001RY0WG2" ID="2d6cdecf-7fa4-4a84-a5c9-4d104e055d3b">
      <InputValue FieldID="1">0000001RY0WG2</InputValue>
    </Lead>
    <Lead CaseKey="0000001RZ0J8T" ID="b84c4dbb-efe6-475d-a022-3df854c3217f">
      <InputValue FieldID="1">0000001RZ0J8T</InputValue>
    </Lead>
    <Lead CaseKey="0000001RZ0NCV" ID="76ba65a8-1f1e-4b32-9927-087ffa9bc1f9">
      <InputValue FieldID="1">0000001RZ0NCV</InputValue>
    </Lead>
    <Lead CaseKey="0000001RZ0WG2" ID="39d89cff-0563-450d-8ba1-bdd890c0cfda">
      <InputValue FieldID="1">0000001RZ0WG2</InputValue>
    </Lead>
    <Lead CaseKey="0000001S00NCV" ID="d23c298a-65db-46ae-b20f-b0f59ece7938">
      <InputValue FieldID="1">0000001S00NCV</InputValue>
    </Lead>
    <Lead CaseKey="0000001S00WG2" ID="1bdf7ef4-7828-4fef-9b6d-a05e9bfd9f04">
      <InputValue FieldID="1">0000001S00WG2</InputValue>
    </Lead>
    <Lead CaseKey="0000001S10J8T" ID="4cdba13c-649c-45b6-9bef-fd83c54bbf7a">
      <InputValue FieldID="1">0000001S10J8T</InputValue>
    </Lead>
    <Lead CaseKey="0000001S10NCV" ID="8aa50f3b-30b8-4969-b80a-a53ac162b4a1">
      <InputValue FieldID="1">0000001S10NCV</InputValue>
    </Lead>
    <Lead CaseKey="0000001S10WG2" ID="78924862-1045-4b27-b11b-0c448c6f7bd2">
      <InputValue FieldID="1">0000001S10WG2</InputValue>
    </Lead>
    <Lead CaseKey="0000001S20J8T" ID="3d3333f5-8e03-4630-b464-cd18962f6bc7">
      <InputValue FieldID="1">0000001S20J8T</InputValue>
    </Lead>
    <Lead CaseKey="0000001S20NCV" ID="d81fe4f4-3299-4650-9a9e-d83c8432fc47">
      <InputValue FieldID="1">0000001S20NCV</InputValue>
    </Lead>
    <Lead CaseKey="0000001S20WG2" ID="4c1691fe-204e-49a0-bdc9-81d78c5a6f88">
      <InputValue FieldID="1">0000001S20WG2</InputValue>
    </Lead>
    <Lead CaseKey="0000001S30J8T" ID="cc605500-43b5-45bd-a9fc-77ea4d17393b">
      <InputValue FieldID="1">0000001S30J8T</InputValue>
    </Lead>
    <Lead CaseKey="0000001S30NCV" ID="7d3fb4b5-5ede-4ece-b890-72ba0a060070">
      <InputValue FieldID="1">0000001S30NCV</InputValue>
    </Lead>
    <Lead CaseKey="0000001S30WG2" ID="30528441-4f12-4152-8ddb-36f0d297318d">
      <InputValue FieldID="1">0000001S30WG2</InputValue>
    </Lead>
    <Lead CaseKey="0000001S40J8T" ID="44dc2494-8077-44ea-aee3-a905c933b42f">
      <InputValue FieldID="1">0000001S40J8T</InputValue>
    </Lead>
    <Lead CaseKey="0000001S40NCV" ID="36a52e86-b151-4421-9df9-852918871d07">
      <InputValue FieldID="1">0000001S40NCV</InputValue>
    </Lead>
    <Lead CaseKey="0000001S40WG2" ID="24847ce0-e084-459f-b96c-76cd9e90e173">
      <InputValue FieldID="1">0000001S40WG2</InputValue>
    </Lead>
    <Lead CaseKey="0000001S50NCV" ID="84a67e68-1951-4bc6-8f4a-b9c18b249cc5">
      <InputValue FieldID="1">0000001S50NCV</InputValue>
    </Lead>
    <Lead CaseKey="0000001S50WG2" ID="235aa029-2c43-428c-8c1e-7ba7be4d7cb8">
      <InputValue FieldID="1">0000001S50WG2</InputValue>
    </Lead>
    <Lead CaseKey="0000001S60J8T" ID="2c68c960-5095-4424-b6d3-083c2157ea1b">
      <InputValue FieldID="1">0000001S60J8T</InputValue>
    </Lead>
    <Lead CaseKey="0000001S60NCV" ID="2edb1116-516c-45be-85b6-aed33a739321">
      <InputValue FieldID="1">0000001S60NCV</InputValue>
    </Lead>
    <Lead CaseKey="0000001S60WG2" ID="4e9813e4-81b1-4633-9d26-5f3650335d60">
      <InputValue FieldID="1">0000001S60WG2</InputValue>
    </Lead>
    <Lead CaseKey="0000001S70J8T" ID="35e3e685-1c06-4353-8aee-86efd5f8c09b">
      <InputValue FieldID="1">0000001S70J8T</InputValue>
    </Lead>
    <Lead CaseKey="0000001S70NCV" ID="46095a22-54b4-424c-beb6-c9446502de70">
      <InputValue FieldID="1">0000001S70NCV</InputValue>
    </Lead>
    <Lead CaseKey="0000001S70WG2" ID="603ec0d0-d54b-41c1-b90b-9012b1562735">
      <InputValue FieldID="1">0000001S70WG2</InputValue>
    </Lead>
    <Lead CaseKey="0000001S80J8T" ID="fe46f3b2-bddf-4cdf-b40c-316e168911f3">
      <InputValue FieldID="1">0000001S80J8T</InputValue>
    </Lead>
    <Lead CaseKey="0000001S80NCV" ID="851f3c2f-1212-46b5-b6bd-219f806d606d">
      <InputValue FieldID="1">0000001S80NCV</InputValue>
    </Lead>
    <Lead CaseKey="0000001S80WG2" ID="89f8c74d-9ce3-4c28-a07f-2581a21c5a23">
      <InputValue FieldID="1">0000001S80WG2</InputValue>
    </Lead>
    <Lead CaseKey="0000001S90J8T" ID="15f994b5-664b-4c5b-bf32-adc484a2752b">
      <InputValue FieldID="1">0000001S90J8T</InputValue>
    </Lead>
    <Lead CaseKey="0000001S90K3F" ID="67fa1aa7-0a6a-40af-98b4-b38c09875962">
      <InputValue FieldID="1">0000001S90K3F</InputValue>
    </Lead>
    <Lead CaseKey="0000001S90NCV" ID="47231fd2-abdd-4036-9248-a727bdd537d0">
      <InputValue FieldID="1">0000001S90NCV</InputValue>
    </Lead>
    <Lead CaseKey="0000001SB0J8T" ID="5551f027-2e6a-4028-bf21-80039da9ebd9">
      <InputValue FieldID="1">0000001SB0J8T</InputValue>
    </Lead>
    <Lead CaseKey="0000001SB0K3F" ID="f45537c4-ff64-4ce0-b9cb-6440889eb133">
      <InputValue FieldID="1">0000001SB0K3F</InputValue>
    </Lead>
    <Lead CaseKey="0000001SB0NCV" ID="32515f9a-8ed8-452c-81d8-dca3eddf3b2c">
      <InputValue FieldID="1">0000001SB0NCV</InputValue>
    </Lead>
    <Lead CaseKey="0000001SC0J8T" ID="5f9d707a-5ae6-413c-9743-2514d24df909">
      <InputValue FieldID="1">0000001SC0J8T</InputValue>
    </Lead>
    <Lead CaseKey="0000001SC0K3F" ID="edea2fb9-29da-4ab7-8812-ab291da8110a">
      <InputValue FieldID="1">0000001SC0K3F</InputValue>
    </Lead>
    <Lead CaseKey="0000001SC0NCV" ID="91bcefe4-1e56-4191-b935-c7684b9ae088">
      <InputValue FieldID="1">0000001SC0NCV</InputValue>
    </Lead>
    <Lead CaseKey="0000001SD0J8T" ID="cc19e61d-4d98-400c-9983-659aa77a7be1">
      <InputValue FieldID="1">0000001SD0J8T</InputValue>
    </Lead>
    <Lead CaseKey="0000001SD0K3F" ID="bed59d69-7bb7-46e8-b5ae-e7b8c6111e6c">
      <InputValue FieldID="1">0000001SD0K3F</InputValue>
    </Lead>
    <Lead CaseKey="0000001SD0NCV" ID="adad16ee-dce3-47d8-afd8-91be6f573531">
      <InputValue FieldID="1">0000001SD0NCV</InputValue>
    </Lead>
    <Lead CaseKey="0000001SF0K3F" ID="67a0af51-c8a7-41b0-8237-dfece3ff333a">
      <InputValue FieldID="1">0000001SF0K3F</InputValue>
    </Lead>
    <Lead CaseKey="0000001SF0NCV" ID="cf904ea3-9326-471e-a6ca-dff5b56b7cda">
      <InputValue FieldID="1">0000001SF0NCV</InputValue>
    </Lead>
    <Lead CaseKey="0000001SG0K3F" ID="be72d9b6-0e40-428f-b07b-0fc2964b27fe">
      <InputValue FieldID="1">0000001SG0K3F</InputValue>
    </Lead>
    <Lead CaseKey="0000001SG0NCV" ID="39067df1-f29f-40e7-b434-31a81531d5c0">
      <InputValue FieldID="1">0000001SG0NCV</InputValue>
    </Lead>
    <Lead CaseKey="0000001SH0K3F" ID="8238f7b2-824e-474a-9d99-6bccb4d26b57">
      <InputValue FieldID="1">0000001SH0K3F</InputValue>
    </Lead>
    <Lead CaseKey="0000001SH0NCV" ID="de158f6d-a6bd-4e25-8e7e-560809c87aee">
      <InputValue FieldID="1">0000001SH0NCV</InputValue>
    </Lead>
    <Lead CaseKey="0000001SJ0J8T" ID="8f35f315-7382-4d4c-9b28-36968bf31864">
      <InputValue FieldID="1">0000001SJ0J8T</InputValue>
    </Lead>
    <Lead CaseKey="0000001SJ0K3F" ID="5dd7706a-8bb3-4357-9062-6eb0f2596586">
      <InputValue FieldID="1">0000001SJ0K3F</InputValue>
    </Lead>
    <Lead CaseKey="0000001SK0J8T" ID="f811c069-377f-4958-8852-aba5735c328f">
      <InputValue FieldID="1">0000001SK0J8T</InputValue>
    </Lead>
    <Lead CaseKey="0000001SL0J8T" ID="0c7ad6e8-fd11-410b-8d6e-31260e1e6602">
      <InputValue FieldID="1">0000001SL0J8T</InputValue>
    </Lead>
    <Lead CaseKey="0000001SM0J8T" ID="1883f96b-51b4-44a0-8cf0-22a4aa540c89">
      <InputValue FieldID="1">0000001SM0J8T</InputValue>
    </Lead>
    <Lead CaseKey="0000001SM0K3F" ID="c07330d4-671b-474d-9220-6938fd0f0fcf">
      <InputValue FieldID="1">0000001SM0K3F</InputValue>
    </Lead>
    <Lead CaseKey="0000001SN0J8T" ID="849cc764-122e-4df6-bfe1-131816a4a4e2">
      <InputValue FieldID="1">0000001SN0J8T</InputValue>
    </Lead>
    <Lead CaseKey="0000001SN0K3F" ID="f4c8fa63-c29d-4d71-9599-97b53554d021">
      <InputValue FieldID="1">0000001SN0K3F</InputValue>
    </Lead>
    <Lead CaseKey="0000001SP0J8T" ID="a70ff1fe-c636-4faa-8a38-c4180228918e">
      <InputValue FieldID="1">0000001SP0J8T</InputValue>
    </Lead>
    <Lead CaseKey="0000001SP0K3F" ID="3bb5541d-bc3b-4f7f-89d0-676812a9ce0e">
      <InputValue FieldID="1">0000001SP0K3F</InputValue>
    </Lead>
    <Lead CaseKey="0000001SQ0J8T" ID="55357271-c716-4168-9213-20aa4ef85313">
      <InputValue FieldID="1">0000001SQ0J8T</InputValue>
    </Lead>
    <Lead CaseKey="0000001SQ0K3F" ID="8f075082-873e-4d8e-863e-8a7b1e68861b">
      <InputValue FieldID="1">0000001SQ0K3F</InputValue>
    </Lead>
    <Lead CaseKey="0000001SR0J8T" ID="61de65f0-edee-4920-a351-05c301a5ec51">
      <InputValue FieldID="1">0000001SR0J8T</InputValue>
    </Lead>
    <Lead CaseKey="0000001SR0K3F" ID="61f2addc-952d-452d-baaf-539f77cae117">
      <InputValue FieldID="1">0000001SR0K3F</InputValue>
    </Lead>
    <Lead CaseKey="0000001SS0J8T" ID="6b89de3a-456e-45c4-8610-c164b23f5743">
      <InputValue FieldID="1">0000001SS0J8T</InputValue>
    </Lead>
    <Lead CaseKey="0000001SS0K3F" ID="ac37664a-f96a-40db-ae07-6f675fe85442">
      <InputValue FieldID="1">0000001SS0K3F</InputValue>
    </Lead>
    <Lead CaseKey="0000001ST0J8T" ID="d0886c81-8a9e-4865-9b8e-bc1909d7185e">
      <InputValue FieldID="1">0000001ST0J8T</InputValue>
    </Lead>
    <Lead CaseKey="0000001ST0K3F" ID="0b970680-3a80-4f37-8af4-a6ee5d13efc5">
      <InputValue FieldID="1">0000001ST0K3F</InputValue>
    </Lead>
    <Lead CaseKey="0000001SV0J8T" ID="8cce0dd2-7e7c-4d41-baf8-850c5cf2510c">
      <InputValue FieldID="1">0000001SV0J8T</InputValue>
    </Lead>
    <Lead CaseKey="0000001SV0K3F" ID="84d2ae4d-75a3-4427-860f-dfe015eadcc6">
      <InputValue FieldID="1">0000001SV0K3F</InputValue>
    </Lead>
    <Lead CaseKey="0000001SW0J8T" ID="40bc7c33-aa80-42f4-a830-77caf9fff652">
      <InputValue FieldID="1">0000001SW0J8T</InputValue>
    </Lead>
    <Lead CaseKey="0000001SW0K3F" ID="3771cc82-e367-49b9-bf83-f1a9049d26e3">
      <InputValue FieldID="1">0000001SW0K3F</InputValue>
    </Lead>
    <Lead CaseKey="0000001SX0J8T" ID="f73c5a3e-eccb-4019-899a-707ba07da6fd">
      <InputValue FieldID="1">0000001SX0J8T</InputValue>
    </Lead>
    <Lead CaseKey="0000001SX0K3F" ID="107415d7-f2c7-4993-8191-ff55ea5a225e">
      <InputValue FieldID="1">0000001SX0K3F</InputValue>
    </Lead>
    <Lead CaseKey="0000001SY0K3F" ID="4b4425a9-7c06-4617-a2bb-a40909c726e5">
      <InputValue FieldID="1">0000001SY0K3F</InputValue>
    </Lead>
    <Lead CaseKey="0000001SZ0K3F" ID="24b3ef6c-ac23-419a-9e27-0533032a3958">
      <InputValue FieldID="1">0000001SZ0K3F</InputValue>
    </Lead>
    <Lead CaseKey="0000001T00K3F" ID="16d03b2b-8b6a-4da5-8782-f5bf5c8698a1">
      <InputValue FieldID="1">0000001T00K3F</InputValue>
    </Lead>
    <Lead CaseKey="0000001T10B9V" ID="6eb4160f-f17a-41ff-955f-f14276202faa">
      <InputValue FieldID="1">0000001T10B9V</InputValue>
    </Lead>
    <Lead CaseKey="0000001T10J8T" ID="e8d1d5c5-1292-4c14-8160-177e82b497ae">
      <InputValue FieldID="1">0000001T10J8T</InputValue>
    </Lead>
    <Lead CaseKey="0000001T10K3F" ID="26e6c2c0-b6d0-4b09-a67a-b07b8e5eae09">
      <InputValue FieldID="1">0000001T10K3F</InputValue>
    </Lead>
    <Lead CaseKey="0000001T20B9V" ID="55e08d06-62af-46c4-b6e4-9712a0e11a9a">
      <InputValue FieldID="1">0000001T20B9V</InputValue>
    </Lead>
    <Lead CaseKey="0000001T20J8T" ID="c1511535-e575-4e54-b536-eb326012390e">
      <InputValue FieldID="1">0000001T20J8T</InputValue>
    </Lead>
    <Lead CaseKey="0000001T20K3F" ID="e71e6eb0-613e-4095-a5e4-fae60d00b63e">
      <InputValue FieldID="1">0000001T20K3F</InputValue>
    </Lead>
    <Lead CaseKey="0000001T30B9V" ID="97db4792-b39d-419f-9952-2cf37386a33a">
      <InputValue FieldID="1">0000001T30B9V</InputValue>
    </Lead>
    <Lead CaseKey="0000001T30K3F" ID="3556715c-bb3c-4046-acd7-c41c9e7dde45">
      <InputValue FieldID="1">0000001T30K3F</InputValue>
    </Lead>
    <Lead CaseKey="0000001T40B9V" ID="2169d7f4-cf5e-47c8-8f4b-05f6f16d282d">
      <InputValue FieldID="1">0000001T40B9V</InputValue>
    </Lead>
    <Lead CaseKey="0000001T40K3F" ID="a1f6af4e-9397-4259-93a6-4026073921b7">
      <InputValue FieldID="1">0000001T40K3F</InputValue>
    </Lead>
    <Lead CaseKey="0000001T50B9V" ID="47c5461f-5280-4813-987b-87ac281fb976">
      <InputValue FieldID="1">0000001T50B9V</InputValue>
    </Lead>
    <Lead CaseKey="0000001T50K3F" ID="7361a2fd-3bdc-4654-9a7f-01948c0ff5f7">
      <InputValue FieldID="1">0000001T50K3F</InputValue>
    </Lead>
    <Lead CaseKey="0000001T60B9V" ID="c9231fcf-2b1c-485c-9ed5-179782a65005">
      <InputValue FieldID="1">0000001T60B9V</InputValue>
    </Lead>
    <Lead CaseKey="0000001T60K3F" ID="839d822f-2065-4b9e-b31c-b290140a85b8">
      <InputValue FieldID="1">0000001T60K3F</InputValue>
    </Lead>
    <Lead CaseKey="0000001T70B9V" ID="8a8d3ee4-d7b7-4e25-a22b-2258ac2724d5">
      <InputValue FieldID="1">0000001T70B9V</InputValue>
    </Lead>
    <Lead CaseKey="0000001T80B9V" ID="5562ce60-3fc0-461c-afc4-10fa17c68907">
      <InputValue FieldID="1">0000001T80B9V</InputValue>
    </Lead>
    <Lead CaseKey="0000001T90B9V" ID="59adb9e0-b468-4fe8-8571-2949d4978682">
      <InputValue FieldID="1">0000001T90B9V</InputValue>
    </Lead>
    <Lead CaseKey="0000001TB0B9V" ID="cba9a464-2055-4180-a4b7-65d0f2b1529f">
      <InputValue FieldID="1">0000001TB0B9V</InputValue>
    </Lead>
    <Lead CaseKey="0000001TC0B9V" ID="b2755f0c-cfc7-4b93-9769-414ca89f957c">
      <InputValue FieldID="1">0000001TC0B9V</InputValue>
    </Lead>
    <Lead CaseKey="0000001TD0B9V" ID="91284192-1d44-428e-bfca-e492b5cdef8c">
      <InputValue FieldID="1">0000001TD0B9V</InputValue>
    </Lead>
    <Lead CaseKey="0000001TF0B9V" ID="c0edfe14-6c75-4e2b-96d0-20aafd427e7d">
      <InputValue FieldID="1">0000001TF0B9V</InputValue>
    </Lead>
    <Lead CaseKey="0000001TF0K3F" ID="c9ad92bb-7b42-4ed8-8e2d-f259a83e8058">
      <InputValue FieldID="1">0000001TF0K3F</InputValue>
    </Lead>
    <Lead CaseKey="0000001TG0B9V" ID="0521c10f-a2ba-4629-ac4a-d72e2e403a65">
      <InputValue FieldID="1">0000001TG0B9V</InputValue>
    </Lead>
    <Lead CaseKey="0000001TG0K3F" ID="6a07e07c-d845-41b3-91eb-2ed45181ed1f">
      <InputValue FieldID="1">0000001TG0K3F</InputValue>
    </Lead>
    <Lead CaseKey="0000001TH0B9V" ID="2b755ae3-be7c-4776-b620-839725b880a7">
      <InputValue FieldID="1">0000001TH0B9V</InputValue>
    </Lead>
    <Lead CaseKey="0000001TH0K3F" ID="fe212016-e15d-4629-ad2e-2642a7192b53">
      <InputValue FieldID="1">0000001TH0K3F</InputValue>
    </Lead>
    <Lead CaseKey="0000001TJ0B9V" ID="50dacf24-a39c-4df8-8a7b-938daaedb769">
      <InputValue FieldID="1">0000001TJ0B9V</InputValue>
    </Lead>
    <Lead CaseKey="0000001TJ0K3F" ID="4126c091-285c-4dd5-87c1-fd0a5f84c784">
      <InputValue FieldID="1">0000001TJ0K3F</InputValue>
    </Lead>
    <Lead CaseKey="0000001TK0B9V" ID="0fc90fa5-5ab6-442b-be4e-1624683bf483">
      <InputValue FieldID="1">0000001TK0B9V</InputValue>
    </Lead>
    <Lead CaseKey="0000001TK0K3F" ID="44625564-8e79-4a01-8c0c-7bdca1fe7fd5">
      <InputValue FieldID="1">0000001TK0K3F</InputValue>
    </Lead>
    <Lead CaseKey="0000001TL0B9V" ID="ad421798-135a-461e-9451-0c2300928243">
      <InputValue FieldID="1">0000001TL0B9V</InputValue>
    </Lead>
    <Lead CaseKey="0000001TL0K3F" ID="374afe0e-9000-4618-a553-1e454689dee3">
      <InputValue FieldID="1">0000001TL0K3F</InputValue>
    </Lead>
    <Lead CaseKey="0000001TM0B0M" ID="2dacb202-7362-4897-a387-09d0fe33a9ef">
      <InputValue FieldID="1">0000001TM0B0M</InputValue>
    </Lead>
    <Lead CaseKey="0000001TM0B9V" ID="46d2a35f-cdf0-41c7-8cbe-e40382dfd46d">
      <InputValue FieldID="1">0000001TM0B9V</InputValue>
    </Lead>
    <Lead CaseKey="0000001TM0K3F" ID="90d8846f-a11c-45c8-beed-ff21d07fa7ca">
      <InputValue FieldID="1">0000001TM0K3F</InputValue>
    </Lead>
    <Lead CaseKey="0000001TN0B0M" ID="b0a61961-60f9-4363-8a8f-db138dff3250">
      <InputValue FieldID="1">0000001TN0B0M</InputValue>
    </Lead>
    <Lead CaseKey="0000001TN0B9V" ID="ad6f417c-318e-43d1-95e7-5ae090cea2b4">
      <InputValue FieldID="1">0000001TN0B9V</InputValue>
    </Lead>
    <Lead CaseKey="0000001TN0K3F" ID="9cc268eb-47d8-4da5-88d2-6ed2322d5ed3">
      <InputValue FieldID="1">0000001TN0K3F</InputValue>
    </Lead>
    <Lead CaseKey="0000001TP0B0M" ID="9f47ca9a-fe90-4fee-a787-9f4a4809cc3b">
      <InputValue FieldID="1">0000001TP0B0M</InputValue>
    </Lead>
    <Lead CaseKey="0000001TP0B9V" ID="64f93f00-c633-4fa4-a7ab-7c3e43833cb5">
      <InputValue FieldID="1">0000001TP0B9V</InputValue>
    </Lead>
    <Lead CaseKey="0000001TP0K3F" ID="c81627ce-6514-46f6-bf02-4c19d1361a0a">
      <InputValue FieldID="1">0000001TP0K3F</InputValue>
    </Lead>
    <Lead CaseKey="0000001TQ0B0M" ID="0d266fc8-aba1-4bc8-a32a-32058b9af86f">
      <InputValue FieldID="1">0000001TQ0B0M</InputValue>
    </Lead>
    <Lead CaseKey="0000001TQ0B9V" ID="dc0aec63-cb16-44c5-9f13-83c8e361011a">
      <InputValue FieldID="1">0000001TQ0B9V</InputValue>
    </Lead>
    <Lead CaseKey="0000001TR0B0M" ID="402729ce-b06c-451d-865b-a51e64ff3990">
      <InputValue FieldID="1">0000001TR0B0M</InputValue>
    </Lead>
    <Lead CaseKey="0000001TR0B9V" ID="78537aa9-ec31-4b41-a6d3-204646a4ae54">
      <InputValue FieldID="1">0000001TR0B9V</InputValue>
    </Lead>
    <Lead CaseKey="0000001TS0B0M" ID="717713e2-b7ad-405d-92db-87f85c91213f">
      <InputValue FieldID="1">0000001TS0B0M</InputValue>
    </Lead>
    <Lead CaseKey="0000001TS0B9V" ID="18a2f6a8-5cf6-4966-a75c-a8246c283507">
      <InputValue FieldID="1">0000001TS0B9V</InputValue>
    </Lead>
    <Lead CaseKey="0000001TT0B9V" ID="d4438f87-3711-4189-8551-6a6949b5eb49">
      <InputValue FieldID="1">0000001TT0B9V</InputValue>
    </Lead>
    <Lead CaseKey="0000001TV0B9V" ID="27df6f0f-09d9-4c77-9753-da7b62761f86">
      <InputValue FieldID="1">0000001TV0B9V</InputValue>
    </Lead>
    <Lead CaseKey="0000001TW0B9V" ID="95b50ebb-3b43-4715-834e-c5375c6fda34">
      <InputValue FieldID="1">0000001TW0B9V</InputValue>
    </Lead>
    <Lead CaseKey="0000001TX0B9V" ID="848db4c0-3503-439a-968e-f7aa93479431">
      <InputValue FieldID="1">0000001TX0B9V</InputValue>
    </Lead>
    <Lead CaseKey="0000001TY0B9V" ID="5caf36f9-d60b-49cd-b8f8-f2cf565fc744">
      <InputValue FieldID="1">0000001TY0B9V</InputValue>
    </Lead>
    <Lead CaseKey="0000001TZ0B9V" ID="06b8a52c-61f0-4235-ab78-96721cfd251b">
      <InputValue FieldID="1">0000001TZ0B9V</InputValue>
    </Lead>
    <Lead CaseKey="0000001V00B9V" ID="e80a54fd-90fa-43aa-b000-b4c9127a6bf6">
      <InputValue FieldID="1">0000001V00B9V</InputValue>
    </Lead>
    <Lead CaseKey="0000001V00BY7" ID="4ccc34d9-b8d4-4a74-b295-10a352f1a763">
      <InputValue FieldID="1">0000001V00BY7</InputValue>
    </Lead>
    <Lead CaseKey="0000001V10B9V" ID="54c06fe1-5763-48c1-a446-c803d0545080">
      <InputValue FieldID="1">0000001V10B9V</InputValue>
    </Lead>
    <Lead CaseKey="0000001V10BY7" ID="3f8843cf-055c-4d30-a70c-34ff2f1cfbd3">
      <InputValue FieldID="1">0000001V10BY7</InputValue>
    </Lead>
    <Lead CaseKey="0000001V20B9V" ID="a6d18908-bdbe-49db-955d-9e07025530a9">
      <InputValue FieldID="1">0000001V20B9V</InputValue>
    </Lead>
    <Lead CaseKey="0000001V20BY7" ID="4ba7a6d1-3ac9-44bc-9492-82127bafc583">
      <InputValue FieldID="1">0000001V20BY7</InputValue>
    </Lead>
    <Lead CaseKey="0000001V30B9V" ID="63114095-bc58-4daa-9172-3d736c55663c">
      <InputValue FieldID="1">0000001V30B9V</InputValue>
    </Lead>
    <Lead CaseKey="0000001V30BY7" ID="d1e06cac-a7b9-489e-a405-e6a45f7461b9">
      <InputValue FieldID="1">0000001V30BY7</InputValue>
    </Lead>
    <Lead CaseKey="0000001V30KNJ" ID="12d30354-657e-451c-b85f-5212714d9a5c">
      <InputValue FieldID="1">0000001V30KNJ</InputValue>
    </Lead>
    <Lead CaseKey="0000001V40B0M" ID="9315f308-48fe-4058-b101-84b9daf623f2">
      <InputValue FieldID="1">0000001V40B0M</InputValue>
    </Lead>
    <Lead CaseKey="0000001V40B9V" ID="71aef3ef-0ada-4eea-9a66-f485a4fe5229">
      <InputValue FieldID="1">0000001V40B9V</InputValue>
    </Lead>
    <Lead CaseKey="0000001V40BY7" ID="31133a77-1516-4fd9-9a86-c56ff4e1867b">
      <InputValue FieldID="1">0000001V40BY7</InputValue>
    </Lead>
    <Lead CaseKey="0000001V40KNJ" ID="53dc2dbb-8d89-4189-91ed-51219b826d06">
      <InputValue FieldID="1">0000001V40KNJ</InputValue>
    </Lead>
    <Lead CaseKey="0000001V50B9V" ID="7ccb92f8-6255-429f-ac54-bd7d65bd331f">
      <InputValue FieldID="1">0000001V50B9V</InputValue>
    </Lead>
  </LeadList>
</Root>