﻿<?xml version="1.0" encoding="utf-8" standalone="yes"?>
<Root xmlns="http://risk.regn.net/LeadList" xmlns:xsi="http://www.w3.org/2001/XMLSchema-instance" xmlns:xsd="http://www.w3.org/2001/XMLSchema" Source="http://casesearch.courts.state.md.us/casesearch/" SearchPageIdentifierPattern="" CollectionComplete="false" ID="b6076295-adbb-4702-8994-12ae455233dd" MultiplePageCollection="true" TimeDelayAfterPageLoad="0" DuplicateLinkChecking="false">
  <Navigation>
    <InitialNavigation>
      <Page Order="1" SourceUri="http://casesearch.courts.state.md.us/casesearch/" />
    </InitialNavigation>
  </Navigation>
  <LeadList>
    <Lead CaseKey="00000034Q0V6S" ID="1258f6c0-e884-4b42-a381-c63a863e77ec">
      <InputValue FieldID="1">00000034Q0V6S</InputValue>
    </Lead>
    <Lead CaseKey="00000034R0V6S" ID="6f183e2c-706c-4759-9090-83caf66ab405">
      <InputValue FieldID="1">00000034R0V6S</InputValue>
    </Lead>
    <Lead CaseKey="00000034S0V6S" ID="4091ccc5-549d-4c01-8b58-1ecee32709fb">
      <InputValue FieldID="1">00000034S0V6S</InputValue>
    </Lead>
    <Lead CaseKey="00000034T0V6S" ID="aff1d259-8548-425a-b1e2-d95741cfeabe">
      <InputValue FieldID="1">00000034T0V6S</InputValue>
    </Lead>
    <Lead CaseKey="00000034V0V6S" ID="719e4348-77ed-4ed1-addc-15392e9bceeb">
      <InputValue FieldID="1">00000034V0V6S</InputValue>
    </Lead>
    <Lead CaseKey="00000034W0V6S" ID="e5e64324-82ec-488f-b283-ae45ff00d20c">
      <InputValue FieldID="1">00000034W0V6S</InputValue>
    </Lead>
    <Lead CaseKey="00000034X0V6S" ID="8ea2b64a-97f6-40a5-9c4a-7cab65b1b15d">
      <InputValue FieldID="1">00000034X0V6S</InputValue>
    </Lead>
    <Lead CaseKey="00000034Y0V6S" ID="96805608-0c2b-4a69-a084-a216d449f60e">
      <InputValue FieldID="1">00000034Y0V6S</InputValue>
    </Lead>
    <Lead CaseKey="00000034Z0V6S" ID="b82ac83f-2b3d-40e1-85a3-f805c9b70a8e">
      <InputValue FieldID="1">00000034Z0V6S</InputValue>
    </Lead>
    <Lead CaseKey="0000003500V6S" ID="a489aaad-ec2f-40ae-9afb-1409062e9956">
      <InputValue FieldID="1">0000003500V6S</InputValue>
    </Lead>
    <Lead CaseKey="0000003570V6S" ID="305f539b-9bb1-4797-8c4d-c1dcce582c95">
      <InputValue FieldID="1">0000003570V6S</InputValue>
    </Lead>
    <Lead CaseKey="0000003580V6S" ID="3856e43a-e2d8-40ff-9c43-4ba9b8d9ae73">
      <InputValue FieldID="1">0000003580V6S</InputValue>
    </Lead>
    <Lead CaseKey="0000003590V6S" ID="89f5fe5c-21f2-4dfc-8d57-904cc5c30eac">
      <InputValue FieldID="1">0000003590V6S</InputValue>
    </Lead>
    <Lead CaseKey="00000035C0V6S" ID="f65c7b1b-3242-4e76-adcb-4509bccbdfac">
      <InputValue FieldID="1">00000035C0V6S</InputValue>
    </Lead>
    <Lead CaseKey="00000035D0V6S" ID="47a6e3af-b108-4dac-85ea-66eedee11668">
      <InputValue FieldID="1">00000035D0V6S</InputValue>
    </Lead>
    <Lead CaseKey="00000035F0V6S" ID="1ec6bd8e-9975-4cc5-98c2-89927a889aad">
      <InputValue FieldID="1">00000035F0V6S</InputValue>
    </Lead>
    <Lead CaseKey="00000035G0V6S" ID="6797e9be-50a9-42c1-a173-2ffcc7ec7228">
      <InputValue FieldID="1">00000035G0V6S</InputValue>
    </Lead>
    <Lead CaseKey="00000035H0V6S" ID="a92faf6a-4a5c-4c39-a34a-d5836865648a">
      <InputValue FieldID="1">00000035H0V6S</InputValue>
    </Lead>
    <Lead CaseKey="00000035J0V6S" ID="786a40a9-5317-462b-9783-799e30aa86b3">
      <InputValue FieldID="1">00000035J0V6S</InputValue>
    </Lead>
    <Lead CaseKey="00000035K0V6S" ID="588216ba-d259-4e70-a804-7d2c1794c240">
      <InputValue FieldID="1">00000035K0V6S</InputValue>
    </Lead>
    <Lead CaseKey="00000035L0V6S" ID="c0293d29-62e8-48ab-b270-f95002b4694e">
      <InputValue FieldID="1">00000035L0V6S</InputValue>
    </Lead>
    <Lead CaseKey="00000035M0V6S" ID="d03e48ee-03c8-4cb6-a163-924c1d972155">
      <InputValue FieldID="1">00000035M0V6S</InputValue>
    </Lead>
    <Lead CaseKey="00000035N0V6S" ID="68e1b5b6-5dec-452c-8957-c955fc23c0c0">
      <InputValue FieldID="1">00000035N0V6S</InputValue>
    </Lead>
    <Lead CaseKey="00000035P0V6S" ID="aec423b5-5407-4716-822e-53313654eeb9">
      <InputValue FieldID="1">00000035P0V6S</InputValue>
    </Lead>
    <Lead CaseKey="00000035Q0V6S" ID="9017c92f-6e1a-4c79-b355-1a02c7a49ddf">
      <InputValue FieldID="1">00000035Q0V6S</InputValue>
    </Lead>
    <Lead CaseKey="00000035R0V6S" ID="4766c83b-af03-49fd-943f-4db22c2a330c">
      <InputValue FieldID="1">00000035R0V6S</InputValue>
    </Lead>
    <Lead CaseKey="00000035S0V6S" ID="abcd0e3b-387a-428c-94a4-20958138a9c8">
      <InputValue FieldID="1">00000035S0V6S</InputValue>
    </Lead>
    <Lead CaseKey="00000035T0V6S" ID="bd8d9ebe-e724-4f93-9b1e-42219924b7d3">
      <InputValue FieldID="1">00000035T0V6S</InputValue>
    </Lead>
    <Lead CaseKey="00000035V0V6S" ID="f3635dab-779f-4e68-9927-5d54697acf61">
      <InputValue FieldID="1">00000035V0V6S</InputValue>
    </Lead>
    <Lead CaseKey="00000035W0V6S" ID="f36df7b2-1706-4ad4-9785-5ed9f4a6e16d">
      <InputValue FieldID="1">00000035W0V6S</InputValue>
    </Lead>
    <Lead CaseKey="00000035X0V6S" ID="f94df741-0787-4498-aa5d-2c6e1a2f91d8">
      <InputValue FieldID="1">00000035X0V6S</InputValue>
    </Lead>
    <Lead CaseKey="00000035Y0V6S" ID="23a5fd20-2a08-4e3f-88e9-4011acee6a54">
      <InputValue FieldID="1">00000035Y0V6S</InputValue>
    </Lead>
    <Lead CaseKey="00000035Z0V6S" ID="3b24da86-2f83-4afb-b7ab-d024d8f1888e">
      <InputValue FieldID="1">00000035Z0V6S</InputValue>
    </Lead>
    <Lead CaseKey="0000003600V6S" ID="7b0aed7f-83f8-4ba1-83ad-3312372cba21">
      <InputValue FieldID="1">0000003600V6S</InputValue>
    </Lead>
    <Lead CaseKey="0000003610V6S" ID="a10fe4eb-e93d-4654-929f-853833c69fcd">
      <InputValue FieldID="1">0000003610V6S</InputValue>
    </Lead>
    <Lead CaseKey="0000003620V6S" ID="cde0dee7-6e86-4fd1-9fac-1da6f7a0c8d0">
      <InputValue FieldID="1">0000003620V6S</InputValue>
    </Lead>
    <Lead CaseKey="0000003630V6S" ID="c3fb5b91-66be-4e5d-a725-2c2cf1542988">
      <InputValue FieldID="1">0000003630V6S</InputValue>
    </Lead>
    <Lead CaseKey="0000003640V6S" ID="237b4e85-991b-4c0c-961d-affa81e4c180">
      <InputValue FieldID="1">0000003640V6S</InputValue>
    </Lead>
    <Lead CaseKey="0000003650V6S" ID="8c28514f-5913-4e36-8265-6672fa230684">
      <InputValue FieldID="1">0000003650V6S</InputValue>
    </Lead>
    <Lead CaseKey="0000003670V6S" ID="4eb2cd22-75aa-42c7-a0b5-86f893d35f95">
      <InputValue FieldID="1">0000003670V6S</InputValue>
    </Lead>
    <Lead CaseKey="0000003680V6S" ID="fe103be3-d527-4fb5-8521-ed076b840dab">
      <InputValue FieldID="1">0000003680V6S</InputValue>
    </Lead>
    <Lead CaseKey="0000003690V6S" ID="90d9f4fa-a8f8-4d35-a009-79e5d185404c">
      <InputValue FieldID="1">0000003690V6S</InputValue>
    </Lead>
    <Lead CaseKey="00000036B0V6S" ID="d31d550a-56c4-47d5-a7c1-4cc5cc08234a">
      <InputValue FieldID="1">00000036B0V6S</InputValue>
    </Lead>
    <Lead CaseKey="00000036C0NTY" ID="34842b75-3e05-47ba-8afd-0c46a79474c8">
      <InputValue FieldID="1">00000036C0NTY</InputValue>
    </Lead>
    <Lead CaseKey="00000036C0V6S" ID="ae620bc9-f474-4bb7-8704-a5deecc42b5e">
      <InputValue FieldID="1">00000036C0V6S</InputValue>
    </Lead>
    <Lead CaseKey="00000036D0NTY" ID="cde2fec5-3a74-49d4-82f1-b1d4af2762a9">
      <InputValue FieldID="1">00000036D0NTY</InputValue>
    </Lead>
    <Lead CaseKey="00000036D0V6S" ID="0ffdc682-3fd3-4479-a596-aa07e328040e">
      <InputValue FieldID="1">00000036D0V6S</InputValue>
    </Lead>
    <Lead CaseKey="00000036F0NTY" ID="876a5276-160c-47f6-be8b-013c6ac0712e">
      <InputValue FieldID="1">00000036F0NTY</InputValue>
    </Lead>
    <Lead CaseKey="00000036F0V6S" ID="640547dc-d97f-455b-a1bd-26504712c176">
      <InputValue FieldID="1">00000036F0V6S</InputValue>
    </Lead>
    <Lead CaseKey="00000036G0NTY" ID="65b7c625-d8c4-4119-89ac-cdc5d5d2ef51">
      <InputValue FieldID="1">00000036G0NTY</InputValue>
    </Lead>
    <Lead CaseKey="00000036G0V6S" ID="5ce80f71-4056-4ae6-9aed-d9a4e43fe1f8">
      <InputValue FieldID="1">00000036G0V6S</InputValue>
    </Lead>
    <Lead CaseKey="00000036H0V6S" ID="c911e8ce-599f-4c6a-b822-3703206be7b0">
      <InputValue FieldID="1">00000036H0V6S</InputValue>
    </Lead>
    <Lead CaseKey="00000036J0V6S" ID="62658bb1-6572-405c-8d87-6152eeb70811">
      <InputValue FieldID="1">00000036J0V6S</InputValue>
    </Lead>
    <Lead CaseKey="00000036K0V6S" ID="170b2873-efb2-4f10-ae48-3b80cb2d737d">
      <InputValue FieldID="1">00000036K0V6S</InputValue>
    </Lead>
    <Lead CaseKey="00000036L0V6S" ID="c0617b77-c48b-488a-b2cb-5ec4fa766c34">
      <InputValue FieldID="1">00000036L0V6S</InputValue>
    </Lead>
    <Lead CaseKey="00000036M0V6S" ID="f282eb7c-a752-47fc-8e2b-18382469fc81">
      <InputValue FieldID="1">00000036M0V6S</InputValue>
    </Lead>
    <Lead CaseKey="00000036N0V6S" ID="205c3c76-8b13-4682-a327-6c6eef4a65b2">
      <InputValue FieldID="1">00000036N0V6S</InputValue>
    </Lead>
    <Lead CaseKey="00000036P0V6S" ID="7873ed52-42a2-4fe4-9fce-1d134e0301f3">
      <InputValue FieldID="1">00000036P0V6S</InputValue>
    </Lead>
    <Lead CaseKey="00000036Q0V6S" ID="44ea3636-5f4a-46fd-af11-8dee3b0f47e8">
      <InputValue FieldID="1">00000036Q0V6S</InputValue>
    </Lead>
    <Lead CaseKey="00000036R0V6S" ID="b0bafe75-9868-4c57-9a82-e11caf34c980">
      <InputValue FieldID="1">00000036R0V6S</InputValue>
    </Lead>
    <Lead CaseKey="00000036S0V6S" ID="ac0f05ab-c0e9-4201-a3b9-bd2fac0a65ed">
      <InputValue FieldID="1">00000036S0V6S</InputValue>
    </Lead>
    <Lead CaseKey="00000036T0V6S" ID="b7eecd92-2167-4ecb-af1a-fdadc3ecc719">
      <InputValue FieldID="1">00000036T0V6S</InputValue>
    </Lead>
    <Lead CaseKey="00000036V0V6S" ID="e990ef57-2c32-4436-b087-b295f16691d7">
      <InputValue FieldID="1">00000036V0V6S</InputValue>
    </Lead>
    <Lead CaseKey="00000036W0V6S" ID="86c8af53-c72b-4a82-b8cb-2897047d23d9">
      <InputValue FieldID="1">00000036W0V6S</InputValue>
    </Lead>
    <Lead CaseKey="00000036X0V6S" ID="5490d5e7-72d6-4984-bc0b-a51e94d35dd6">
      <InputValue FieldID="1">00000036X0V6S</InputValue>
    </Lead>
    <Lead CaseKey="00000036Y0V6S" ID="757fee3f-7999-44fe-a1a1-7c3b38645762">
      <InputValue FieldID="1">00000036Y0V6S</InputValue>
    </Lead>
    <Lead CaseKey="00000036Z0V6S" ID="63ef13d6-fba6-42cb-a51c-33bb3dcac808">
      <InputValue FieldID="1">00000036Z0V6S</InputValue>
    </Lead>
    <Lead CaseKey="0000003700V6S" ID="e31eb6c7-6d76-4ff2-8fb4-140c91aaf16f">
      <InputValue FieldID="1">0000003700V6S</InputValue>
    </Lead>
    <Lead CaseKey="0000003710V6S" ID="06d59e61-0e1a-4890-b8a4-82c6d0101b44">
      <InputValue FieldID="1">0000003710V6S</InputValue>
    </Lead>
    <Lead CaseKey="0000003720V6S" ID="5c1a7d06-d183-480a-8f39-cc93c2405388">
      <InputValue FieldID="1">0000003720V6S</InputValue>
    </Lead>
    <Lead CaseKey="0000003730V6S" ID="cba91ada-69be-4b32-ae51-cc7953be96e0">
      <InputValue FieldID="1">0000003730V6S</InputValue>
    </Lead>
    <Lead CaseKey="0000003740V6S" ID="0eb54465-b462-4a9c-9d15-14f07d3f3cfb">
      <InputValue FieldID="1">0000003740V6S</InputValue>
    </Lead>
    <Lead CaseKey="0000003750V6S" ID="3885e153-1553-41d1-bb3a-718cbb2f2fd6">
      <InputValue FieldID="1">0000003750V6S</InputValue>
    </Lead>
    <Lead CaseKey="0000003760V6S" ID="888b2ca8-8bcd-4dc9-907a-9a82a16ce7cc">
      <InputValue FieldID="1">0000003760V6S</InputValue>
    </Lead>
    <Lead CaseKey="0000003770V6S" ID="e3418476-cadd-4dcc-a907-80b64256dfd2">
      <InputValue FieldID="1">0000003770V6S</InputValue>
    </Lead>
    <Lead CaseKey="0000003780V6S" ID="1969f71e-ad63-48a8-a1c6-81ab54aea61f">
      <InputValue FieldID="1">0000003780V6S</InputValue>
    </Lead>
    <Lead CaseKey="0000003790V6S" ID="a818886b-21a1-407c-a81b-6429709d77da">
      <InputValue FieldID="1">0000003790V6S</InputValue>
    </Lead>
    <Lead CaseKey="00000037B0V6S" ID="9dff0b61-2b51-4c62-8968-0896b9b05c74">
      <InputValue FieldID="1">00000037B0V6S</InputValue>
    </Lead>
    <Lead CaseKey="00000037C0V6S" ID="2149514f-0edd-491f-9374-58e5f7da1bba">
      <InputValue FieldID="1">00000037C0V6S</InputValue>
    </Lead>
    <Lead CaseKey="00000037D0V6S" ID="2f6e194f-c594-4641-a051-0be87e2d14c6">
      <InputValue FieldID="1">00000037D0V6S</InputValue>
    </Lead>
    <Lead CaseKey="00000037F0V6S" ID="0d6fa2c4-8f33-4166-9dda-1b9b56d871dc">
      <InputValue FieldID="1">00000037F0V6S</InputValue>
    </Lead>
    <Lead CaseKey="00000037G0V6S" ID="96cdd2df-b83b-4865-a4ec-d3df03ef27e8">
      <InputValue FieldID="1">00000037G0V6S</InputValue>
    </Lead>
    <Lead CaseKey="00000037W0V6S" ID="3ed25108-bce4-4601-89be-af3a0a16704b">
      <InputValue FieldID="1">00000037W0V6S</InputValue>
    </Lead>
    <Lead CaseKey="00000037X0V6S" ID="52a22aba-30cc-44bb-97b5-04aa9e9908d2">
      <InputValue FieldID="1">00000037X0V6S</InputValue>
    </Lead>
    <Lead CaseKey="0000003840V6S" ID="f6a0d137-ba78-43ba-8fb7-da0f7914caa0">
      <InputValue FieldID="1">0000003840V6S</InputValue>
    </Lead>
    <Lead CaseKey="0000003850V6S" ID="410524d9-3dd7-49e9-b5b7-47176ec59317">
      <InputValue FieldID="1">0000003850V6S</InputValue>
    </Lead>
    <Lead CaseKey="0000003860LTV" ID="083c8652-0aba-49bd-b640-4b2e15f63982">
      <InputValue FieldID="1">0000003860LTV</InputValue>
    </Lead>
    <Lead CaseKey="0000003860V6S" ID="0dffbfda-f5e9-4b66-9630-364c91ebde65">
      <InputValue FieldID="1">0000003860V6S</InputValue>
    </Lead>
    <Lead CaseKey="0000003870LTV" ID="ae28c545-6b33-4d12-8b2d-c6ac8e4dd70c">
      <InputValue FieldID="1">0000003870LTV</InputValue>
    </Lead>
    <Lead CaseKey="0000003870V6S" ID="8c40a395-a875-40c9-b9a2-b51e76a687a4">
      <InputValue FieldID="1">0000003870V6S</InputValue>
    </Lead>
    <Lead CaseKey="0000003880LTV" ID="c19234c3-19e6-4352-bdbb-e6332160eb65">
      <InputValue FieldID="1">0000003880LTV</InputValue>
    </Lead>
    <Lead CaseKey="0000003880V6S" ID="5938f94d-53a7-48a7-b03a-a862d77d3d46">
      <InputValue FieldID="1">0000003880V6S</InputValue>
    </Lead>
    <Lead CaseKey="0000003890LTV" ID="82c1bbdc-1f61-4d19-9ac3-5b6f03d1f93c">
      <InputValue FieldID="1">0000003890LTV</InputValue>
    </Lead>
    <Lead CaseKey="0000003890V6S" ID="2c191b96-57cc-459a-85e2-00f1f66da801">
      <InputValue FieldID="1">0000003890V6S</InputValue>
    </Lead>
    <Lead CaseKey="00000038B0LTV" ID="e63ae255-53ae-4436-9738-38df100b82f9">
      <InputValue FieldID="1">00000038B0LTV</InputValue>
    </Lead>
    <Lead CaseKey="00000038B0V6S" ID="40f0e5c7-5579-4fbd-aa19-22aee485bf05">
      <InputValue FieldID="1">00000038B0V6S</InputValue>
    </Lead>
    <Lead CaseKey="00000038C0V6S" ID="8e263c81-900c-4410-8a9c-c5c8cd5d5e1e">
      <InputValue FieldID="1">00000038C0V6S</InputValue>
    </Lead>
    <Lead CaseKey="00000038D0K47" ID="0b34af37-c581-4e3e-947d-ef18efdf337c">
      <InputValue FieldID="1">00000038D0K47</InputValue>
    </Lead>
    <Lead CaseKey="00000038D0V6S" ID="8ad11ae8-5f3b-4551-9d39-9db793e3ad1d">
      <InputValue FieldID="1">00000038D0V6S</InputValue>
    </Lead>
    <Lead CaseKey="00000038F0K47" ID="a2d52e96-43ac-445f-85a2-1ff8342f8211">
      <InputValue FieldID="1">00000038F0K47</InputValue>
    </Lead>
    <Lead CaseKey="00000038F0V6S" ID="f9f87c84-10f4-4243-9443-327df8645e59">
      <InputValue FieldID="1">00000038F0V6S</InputValue>
    </Lead>
    <Lead CaseKey="00000038G0K47" ID="f457336e-911e-4a16-ab96-8e977fbd1968">
      <InputValue FieldID="1">00000038G0K47</InputValue>
    </Lead>
    <Lead CaseKey="00000038G0V6S" ID="36de31b7-b57c-410e-8d52-796cb1f7fa94">
      <InputValue FieldID="1">00000038G0V6S</InputValue>
    </Lead>
    <Lead CaseKey="00000038H0K47" ID="c33dac88-f533-4694-a689-9ef0efaf8ec3">
      <InputValue FieldID="1">00000038H0K47</InputValue>
    </Lead>
    <Lead CaseKey="00000038H0V6S" ID="1fa60aa0-8db5-4283-95b1-d8a92895738d">
      <InputValue FieldID="1">00000038H0V6S</InputValue>
    </Lead>
    <Lead CaseKey="00000038J0K47" ID="3c838e1b-7a77-41e7-9b6a-1bd48e36e5ef">
      <InputValue FieldID="1">00000038J0K47</InputValue>
    </Lead>
    <Lead CaseKey="00000038J0V6S" ID="4357253c-4475-4dda-973f-3a51027474c7">
      <InputValue FieldID="1">00000038J0V6S</InputValue>
    </Lead>
    <Lead CaseKey="00000038K0K47" ID="13c0fd39-a10a-4092-baef-d21946ea5105">
      <InputValue FieldID="1">00000038K0K47</InputValue>
    </Lead>
    <Lead CaseKey="00000038K0V6S" ID="23071262-c653-4a7f-9bc5-106e07339a3f">
      <InputValue FieldID="1">00000038K0V6S</InputValue>
    </Lead>
    <Lead CaseKey="00000038L0K47" ID="23bc3973-d2c9-427c-bf7e-195f441e7811">
      <InputValue FieldID="1">00000038L0K47</InputValue>
    </Lead>
    <Lead CaseKey="00000038L0V6S" ID="633a2b11-46a5-4b61-8005-e250f1c0d9bc">
      <InputValue FieldID="1">00000038L0V6S</InputValue>
    </Lead>
    <Lead CaseKey="00000038M0K47" ID="26cb6171-513a-45e9-9541-8199afe61c0e">
      <InputValue FieldID="1">00000038M0K47</InputValue>
    </Lead>
    <Lead CaseKey="00000038M0V6S" ID="4c06e9fc-1bdf-4487-93e9-154908f29acf">
      <InputValue FieldID="1">00000038M0V6S</InputValue>
    </Lead>
    <Lead CaseKey="00000038N0K47" ID="e0785f6b-75db-4173-adfe-17788c582058">
      <InputValue FieldID="1">00000038N0K47</InputValue>
    </Lead>
    <Lead CaseKey="00000038P0K47" ID="fdec1b22-8b0c-4d32-9b7f-2525cf805087">
      <InputValue FieldID="1">00000038P0K47</InputValue>
    </Lead>
    <Lead CaseKey="00000038Q0K47" ID="11b78a7c-1abf-4c11-a2b7-3c48b766f3ae">
      <InputValue FieldID="1">00000038Q0K47</InputValue>
    </Lead>
    <Lead CaseKey="00000038Q0V6S" ID="bd30bc91-36f2-4fa0-9db1-c097a581edfa">
      <InputValue FieldID="1">00000038Q0V6S</InputValue>
    </Lead>
    <Lead CaseKey="00000038R0K47" ID="e47111fb-0937-4170-a28a-cbb3865a0365">
      <InputValue FieldID="1">00000038R0K47</InputValue>
    </Lead>
    <Lead CaseKey="00000038R0V6S" ID="ab8cb150-9917-404a-b81f-6f6ed4197f3d">
      <InputValue FieldID="1">00000038R0V6S</InputValue>
    </Lead>
    <Lead CaseKey="00000038S0K47" ID="562eb304-2862-4439-9d04-4372f7f28798">
      <InputValue FieldID="1">00000038S0K47</InputValue>
    </Lead>
    <Lead CaseKey="00000038S0V6S" ID="430d591a-e57a-4838-a756-65b7f721a0f6">
      <InputValue FieldID="1">00000038S0V6S</InputValue>
    </Lead>
    <Lead CaseKey="00000038T0K47" ID="2b864eb2-ea67-42f4-9d71-e1afe61ac3a8">
      <InputValue FieldID="1">00000038T0K47</InputValue>
    </Lead>
    <Lead CaseKey="00000038T0V6S" ID="894873d5-93d0-4805-8855-f43f5ad1cdbc">
      <InputValue FieldID="1">00000038T0V6S</InputValue>
    </Lead>
    <Lead CaseKey="00000038V0K47" ID="1fc584d1-a6cc-48de-adf3-f1edd9172989">
      <InputValue FieldID="1">00000038V0K47</InputValue>
    </Lead>
    <Lead CaseKey="00000038V0V6S" ID="78e36a30-5580-4a64-a1ab-7bb634a731ab">
      <InputValue FieldID="1">00000038V0V6S</InputValue>
    </Lead>
    <Lead CaseKey="00000038W0K47" ID="5066ba11-5b8d-4388-a8ef-de8efcbf0e3c">
      <InputValue FieldID="1">00000038W0K47</InputValue>
    </Lead>
    <Lead CaseKey="00000038W0V6S" ID="47fdcaaf-f5c3-4cc5-bcbd-e1470af69124">
      <InputValue FieldID="1">00000038W0V6S</InputValue>
    </Lead>
    <Lead CaseKey="00000038X0K47" ID="61331888-6d4a-4765-974b-9142f32c1d4c">
      <InputValue FieldID="1">00000038X0K47</InputValue>
    </Lead>
    <Lead CaseKey="00000038X0V6S" ID="071fca4f-d1fb-4932-857f-a0cdee594f72">
      <InputValue FieldID="1">00000038X0V6S</InputValue>
    </Lead>
    <Lead CaseKey="00000038Y0V6S" ID="6a84ce80-89a9-4fe6-8474-874b0fa35dee">
      <InputValue FieldID="1">00000038Y0V6S</InputValue>
    </Lead>
    <Lead CaseKey="00000038Z0V6S" ID="91b0b908-36cd-4f4b-b9ba-a7f70c099059">
      <InputValue FieldID="1">00000038Z0V6S</InputValue>
    </Lead>
    <Lead CaseKey="0000003900V6S" ID="37f8ac1f-26f4-49a5-b04a-27f3cbed2ab5">
      <InputValue FieldID="1">0000003900V6S</InputValue>
    </Lead>
    <Lead CaseKey="0000003910V6S" ID="922fc0f6-2669-4a0f-843d-4c2d234f7a60">
      <InputValue FieldID="1">0000003910V6S</InputValue>
    </Lead>
    <Lead CaseKey="0000003920K47" ID="1b23853f-761d-457a-8675-1a19a703baaa">
      <InputValue FieldID="1">0000003920K47</InputValue>
    </Lead>
    <Lead CaseKey="0000003920V6S" ID="19eacb47-fd59-472f-bc9e-07d6b5d65b9e">
      <InputValue FieldID="1">0000003920V6S</InputValue>
    </Lead>
    <Lead CaseKey="0000003930K47" ID="e1a1ea49-bd36-4c43-bac4-43d1c338fdf7">
      <InputValue FieldID="1">0000003930K47</InputValue>
    </Lead>
    <Lead CaseKey="0000003930V6S" ID="a1b53967-0bc2-47ef-9666-c5c738d758b8">
      <InputValue FieldID="1">0000003930V6S</InputValue>
    </Lead>
    <Lead CaseKey="0000003940K47" ID="e3d0020f-7606-494c-99c2-68a89c6a23f3">
      <InputValue FieldID="1">0000003940K47</InputValue>
    </Lead>
    <Lead CaseKey="0000003940V6S" ID="fa0180e5-f419-458a-b5bf-79adf89ec839">
      <InputValue FieldID="1">0000003940V6S</InputValue>
    </Lead>
    <Lead CaseKey="0000003950K47" ID="3d1f5e26-fd1c-4b6e-b13d-0cc6429f2f4c">
      <InputValue FieldID="1">0000003950K47</InputValue>
    </Lead>
    <Lead CaseKey="0000003950V6S" ID="8db48b68-b28f-4453-9d51-bae4c6e7f08e">
      <InputValue FieldID="1">0000003950V6S</InputValue>
    </Lead>
    <Lead CaseKey="0000003960K47" ID="a16ecb18-9191-4154-8152-e3d7cea5bbbb">
      <InputValue FieldID="1">0000003960K47</InputValue>
    </Lead>
    <Lead CaseKey="0000003960V6S" ID="61870030-7b11-4913-93d9-2519685affbb">
      <InputValue FieldID="1">0000003960V6S</InputValue>
    </Lead>
    <Lead CaseKey="0000003970K47" ID="c9871db3-3dad-4bca-bcdf-55f59505a990">
      <InputValue FieldID="1">0000003970K47</InputValue>
    </Lead>
    <Lead CaseKey="0000003970V6S" ID="42d81af4-292d-4a7e-9cc9-420c9b7c9645">
      <InputValue FieldID="1">0000003970V6S</InputValue>
    </Lead>
    <Lead CaseKey="0000003980V6S" ID="a9fead22-32c3-4c8b-ab53-1027cf70153a">
      <InputValue FieldID="1">0000003980V6S</InputValue>
    </Lead>
    <Lead CaseKey="0000003990V6S" ID="ed6c11d5-1317-4f3f-8026-ec07a143e97f">
      <InputValue FieldID="1">0000003990V6S</InputValue>
    </Lead>
    <Lead CaseKey="00000039B0V6S" ID="8943d135-c0e0-488f-a284-cf95c707f965">
      <InputValue FieldID="1">00000039B0V6S</InputValue>
    </Lead>
    <Lead CaseKey="00000039C0V6S" ID="ccd2f24b-b7cc-407a-80ce-a3de0c1bb981">
      <InputValue FieldID="1">00000039C0V6S</InputValue>
    </Lead>
    <Lead CaseKey="00000039D0K47" ID="420a899a-28c9-4e06-8d30-0bda947932ae">
      <InputValue FieldID="1">00000039D0K47</InputValue>
    </Lead>
    <Lead CaseKey="00000039F0K47" ID="d4dcd4f8-2b74-40b6-8113-fb2ae900f6fa">
      <InputValue FieldID="1">00000039F0K47</InputValue>
    </Lead>
    <Lead CaseKey="00000039G0K47" ID="886f2755-77b7-4971-8109-250fe360b024">
      <InputValue FieldID="1">00000039G0K47</InputValue>
    </Lead>
    <Lead CaseKey="00000039H0K47" ID="b36ef3d8-f6af-48de-958f-b8ba179b0ced">
      <InputValue FieldID="1">00000039H0K47</InputValue>
    </Lead>
    <Lead CaseKey="00000039H0V6S" ID="9136bc78-c92d-4ce4-9773-d825d8c09abf">
      <InputValue FieldID="1">00000039H0V6S</InputValue>
    </Lead>
    <Lead CaseKey="00000039J0V6S" ID="63ebf478-9913-4a0c-be80-171508b61dd5">
      <InputValue FieldID="1">00000039J0V6S</InputValue>
    </Lead>
    <Lead CaseKey="00000039K0V6S" ID="1906d7bf-91aa-4d1a-9087-cba8337caaf5">
      <InputValue FieldID="1">00000039K0V6S</InputValue>
    </Lead>
    <Lead CaseKey="00000039L0V6S" ID="54103e4d-d9ff-478f-a2b4-7f3aa4c0bb20">
      <InputValue FieldID="1">00000039L0V6S</InputValue>
    </Lead>
    <Lead CaseKey="00000039M0V6S" ID="14ac7649-b371-4e07-af44-1073458e2290">
      <InputValue FieldID="1">00000039M0V6S</InputValue>
    </Lead>
    <Lead CaseKey="00000039N0B0N" ID="b53c2048-f7be-48ee-ae42-59827508e10b">
      <InputValue FieldID="1">00000039N0B0N</InputValue>
    </Lead>
    <Lead CaseKey="00000039N0K47" ID="adc5b594-ba61-4947-a343-38ac2badb37d">
      <InputValue FieldID="1">00000039N0K47</InputValue>
    </Lead>
    <Lead CaseKey="00000039N0V6S" ID="d9962f5e-cd48-4085-89f3-c7cb9a07d0c2">
      <InputValue FieldID="1">00000039N0V6S</InputValue>
    </Lead>
    <Lead CaseKey="00000039P0B0N" ID="839bf16f-9d1f-43b3-9ae6-203d350aa436">
      <InputValue FieldID="1">00000039P0B0N</InputValue>
    </Lead>
    <Lead CaseKey="00000039P0K47" ID="bff6ff29-5a0e-4227-ac4b-65e1f311cb35">
      <InputValue FieldID="1">00000039P0K47</InputValue>
    </Lead>
    <Lead CaseKey="00000039P0V6S" ID="65aa8bc1-4298-4a9a-9571-02178333fcff">
      <InputValue FieldID="1">00000039P0V6S</InputValue>
    </Lead>
    <Lead CaseKey="00000039Q0B0N" ID="75255937-4bad-4237-ba28-6f147685fd45">
      <InputValue FieldID="1">00000039Q0B0N</InputValue>
    </Lead>
    <Lead CaseKey="00000039Q0K47" ID="ca313dd3-3fc4-4593-b3d9-30255b0772d1">
      <InputValue FieldID="1">00000039Q0K47</InputValue>
    </Lead>
    <Lead CaseKey="00000039Q0V6S" ID="009a7fb2-a194-4c87-a40d-21bdad5be916">
      <InputValue FieldID="1">00000039Q0V6S</InputValue>
    </Lead>
    <Lead CaseKey="00000039R0B0N" ID="c038aa67-1950-48e4-b054-f83972cd0dec">
      <InputValue FieldID="1">00000039R0B0N</InputValue>
    </Lead>
    <Lead CaseKey="00000039R0K47" ID="7367e358-cbca-484b-b31e-9f34a566296a">
      <InputValue FieldID="1">00000039R0K47</InputValue>
    </Lead>
    <Lead CaseKey="00000039R0V6S" ID="601c00af-1936-4cc8-94ab-9e540a759f6b">
      <InputValue FieldID="1">00000039R0V6S</InputValue>
    </Lead>
    <Lead CaseKey="00000039S0B0N" ID="2f95e214-f685-4f16-aae3-fc24787b6c4e">
      <InputValue FieldID="1">00000039S0B0N</InputValue>
    </Lead>
    <Lead CaseKey="00000039S0K47" ID="65ee8154-fd9c-4149-a0c7-9eba0c5fa953">
      <InputValue FieldID="1">00000039S0K47</InputValue>
    </Lead>
    <Lead CaseKey="00000039S0V6S" ID="bf82261e-6603-4bf5-9444-96c0a1eb9510">
      <InputValue FieldID="1">00000039S0V6S</InputValue>
    </Lead>
    <Lead CaseKey="00000039T0B0N" ID="6534c7a2-bb2a-424a-ac87-ba8c8138ad28">
      <InputValue FieldID="1">00000039T0B0N</InputValue>
    </Lead>
    <Lead CaseKey="00000039T0K47" ID="e59972e5-3f84-4cbd-89f2-e7ba337521c7">
      <InputValue FieldID="1">00000039T0K47</InputValue>
    </Lead>
    <Lead CaseKey="00000039T0V6S" ID="86bc894a-e592-43aa-9f36-c66d27999195">
      <InputValue FieldID="1">00000039T0V6S</InputValue>
    </Lead>
    <Lead CaseKey="00000039V0B0N" ID="e032f2f2-724b-4b6b-bc16-14422b89f48a">
      <InputValue FieldID="1">00000039V0B0N</InputValue>
    </Lead>
    <Lead CaseKey="00000039V0K47" ID="e52682ea-664b-4f19-a24d-c4c1db6fae3b">
      <InputValue FieldID="1">00000039V0K47</InputValue>
    </Lead>
    <Lead CaseKey="00000039V0V6S" ID="6bc5dd73-16d2-4b84-8219-95330d5721c7">
      <InputValue FieldID="1">00000039V0V6S</InputValue>
    </Lead>
    <Lead CaseKey="00000039W0B0N" ID="7b43edc6-a997-4193-8fd1-b64134ab44a6">
      <InputValue FieldID="1">00000039W0B0N</InputValue>
    </Lead>
    <Lead CaseKey="00000039W0K47" ID="297da812-f525-45a1-b10b-0e2e02261ad8">
      <InputValue FieldID="1">00000039W0K47</InputValue>
    </Lead>
    <Lead CaseKey="00000039W0V6S" ID="ce50108d-e86e-4e4a-a58c-2ce50658e4b1">
      <InputValue FieldID="1">00000039W0V6S</InputValue>
    </Lead>
    <Lead CaseKey="00000039X0B0N" ID="cf7ba0d8-7d1a-4592-816e-e902b6ce1b11">
      <InputValue FieldID="1">00000039X0B0N</InputValue>
    </Lead>
    <Lead CaseKey="00000039X0K47" ID="aef2862d-66c1-45b5-b495-d4f3bda6001e">
      <InputValue FieldID="1">00000039X0K47</InputValue>
    </Lead>
    <Lead CaseKey="00000039X0V6S" ID="4d457234-2146-4063-acaf-e14742fb0e2c">
      <InputValue FieldID="1">00000039X0V6S</InputValue>
    </Lead>
    <Lead CaseKey="00000039Y0B0N" ID="f320d33e-3e30-44f6-bf0c-710ccaee4be9">
      <InputValue FieldID="1">00000039Y0B0N</InputValue>
    </Lead>
    <Lead CaseKey="00000039Y0K47" ID="3b02a3df-1036-4206-b270-82c903fe4446">
      <InputValue FieldID="1">00000039Y0K47</InputValue>
    </Lead>
    <Lead CaseKey="00000039Y0V6S" ID="a7c08947-3a8f-4cff-a54a-9e599f49b45e">
      <InputValue FieldID="1">00000039Y0V6S</InputValue>
    </Lead>
    <Lead CaseKey="00000039Z0B0N" ID="9fcc62bc-5714-411a-a617-29b74e331d3d">
      <InputValue FieldID="1">00000039Z0B0N</InputValue>
    </Lead>
    <Lead CaseKey="00000039Z0K47" ID="ad946ba3-2cb8-4ff3-b9bd-6a9637eaf2f6">
      <InputValue FieldID="1">00000039Z0K47</InputValue>
    </Lead>
    <Lead CaseKey="00000039Z0V6S" ID="2d64e1a9-26b4-4084-a3f4-fcef372b67f6">
      <InputValue FieldID="1">00000039Z0V6S</InputValue>
    </Lead>
    <Lead CaseKey="0000003B00B0N" ID="66a5e434-dce2-4d78-ac2f-0bf3dd2a7e83">
      <InputValue FieldID="1">0000003B00B0N</InputValue>
    </Lead>
    <Lead CaseKey="0000003B00V6S" ID="f2fd117c-4863-4e45-bbfc-2131b60ca5a9">
      <InputValue FieldID="1">0000003B00V6S</InputValue>
    </Lead>
    <Lead CaseKey="0000003B10V6S" ID="1a0db243-a49f-41c1-b2fb-c079b5922813">
      <InputValue FieldID="1">0000003B10V6S</InputValue>
    </Lead>
    <Lead CaseKey="0000003B20B0N" ID="4258e7b6-56ea-443a-a589-24a0951c85c9">
      <InputValue FieldID="1">0000003B20B0N</InputValue>
    </Lead>
    <Lead CaseKey="0000003B20V6S" ID="7ad95798-d82d-4d60-98ce-a086fbff1885">
      <InputValue FieldID="1">0000003B20V6S</InputValue>
    </Lead>
    <Lead CaseKey="0000003B30B0N" ID="cf1609ce-228e-49a3-8c46-3f5d93381742">
      <InputValue FieldID="1">0000003B30B0N</InputValue>
    </Lead>
    <Lead CaseKey="0000003B30V6S" ID="ce819a00-7058-4764-99ec-04c012a128f3">
      <InputValue FieldID="1">0000003B30V6S</InputValue>
    </Lead>
    <Lead CaseKey="0000003B40V6S" ID="dfeab5c7-55d6-4536-9dd7-3d93f23d1a51">
      <InputValue FieldID="1">0000003B40V6S</InputValue>
    </Lead>
    <Lead CaseKey="0000003B50K47" ID="6f4858f2-2b26-4968-bf0c-8d433e0b0293">
      <InputValue FieldID="1">0000003B50K47</InputValue>
    </Lead>
    <Lead CaseKey="0000003B50V6S" ID="fb284bcd-b51b-4a88-8690-ca32b3fdd4dc">
      <InputValue FieldID="1">0000003B50V6S</InputValue>
    </Lead>
    <Lead CaseKey="0000003B60V6S" ID="5bd2ca48-a416-4405-9819-891cf348b261">
      <InputValue FieldID="1">0000003B60V6S</InputValue>
    </Lead>
    <Lead CaseKey="0000003B70V6S" ID="0f724031-47fd-4cd5-a3d1-6589ed4a856e">
      <InputValue FieldID="1">0000003B70V6S</InputValue>
    </Lead>
    <Lead CaseKey="0000003B80B0N" ID="175538f2-9ea6-485c-9271-46ddca45ba9a">
      <InputValue FieldID="1">0000003B80B0N</InputValue>
    </Lead>
    <Lead CaseKey="0000003B80V6S" ID="94b90b8d-4998-4c83-83bf-ad1e6d2b8529">
      <InputValue FieldID="1">0000003B80V6S</InputValue>
    </Lead>
    <Lead CaseKey="0000003B90B0N" ID="e35e28d9-2659-41f6-b5c5-1bcf84e721bd">
      <InputValue FieldID="1">0000003B90B0N</InputValue>
    </Lead>
    <Lead CaseKey="0000003B90V6S" ID="696c23ad-4335-4537-8670-57f38d256a55">
      <InputValue FieldID="1">0000003B90V6S</InputValue>
    </Lead>
    <Lead CaseKey="0000003BB0B0N" ID="444f4d51-22b0-4d6b-b579-4c7ba65b067a">
      <InputValue FieldID="1">0000003BB0B0N</InputValue>
    </Lead>
    <Lead CaseKey="0000003BB0V6S" ID="bb12d45f-058d-462e-a825-3e59d61837ef">
      <InputValue FieldID="1">0000003BB0V6S</InputValue>
    </Lead>
    <Lead CaseKey="0000003BC0B0N" ID="245320c0-97c5-4534-b826-3a82433c7868">
      <InputValue FieldID="1">0000003BC0B0N</InputValue>
    </Lead>
    <Lead CaseKey="0000003BC0V6S" ID="af5a92da-3a05-4c29-98a6-b4461a8e71f9">
      <InputValue FieldID="1">0000003BC0V6S</InputValue>
    </Lead>
    <Lead CaseKey="0000003BD0B0N" ID="572e3034-89f8-4085-8db0-55166d5c4f36">
      <InputValue FieldID="1">0000003BD0B0N</InputValue>
    </Lead>
    <Lead CaseKey="0000003BD0V6S" ID="a3309a98-3e1c-41e9-af13-c15f7d741696">
      <InputValue FieldID="1">0000003BD0V6S</InputValue>
    </Lead>
    <Lead CaseKey="0000003BF0B0N" ID="11fb57d5-f9eb-4fdc-87d2-4cfc92372bad">
      <InputValue FieldID="1">0000003BF0B0N</InputValue>
    </Lead>
    <Lead CaseKey="0000003BF0V6S" ID="47e6ad62-a4b8-452f-b54e-5085e1ee7867">
      <InputValue FieldID="1">0000003BF0V6S</InputValue>
    </Lead>
    <Lead CaseKey="0000003BG0B0N" ID="82e4706d-d320-449f-81cc-a101a4fa57f4">
      <InputValue FieldID="1">0000003BG0B0N</InputValue>
    </Lead>
    <Lead CaseKey="0000003BG0V6S" ID="a93d6193-86db-472b-af51-1cc09a106d1d">
      <InputValue FieldID="1">0000003BG0V6S</InputValue>
    </Lead>
    <Lead CaseKey="0000003BH0B0N" ID="f9b50dcb-d202-4540-9b46-0686956f29e6">
      <InputValue FieldID="1">0000003BH0B0N</InputValue>
    </Lead>
    <Lead CaseKey="0000003BH0V6S" ID="56e35c4a-5e7d-4330-842d-03378b14d0ac">
      <InputValue FieldID="1">0000003BH0V6S</InputValue>
    </Lead>
    <Lead CaseKey="0000003BJ0B0N" ID="800b7078-2cce-400f-a699-bfce480a32b3">
      <InputValue FieldID="1">0000003BJ0B0N</InputValue>
    </Lead>
    <Lead CaseKey="0000003BJ0V6S" ID="7bd77ef2-b964-4e3b-96e2-df7c661a533e">
      <InputValue FieldID="1">0000003BJ0V6S</InputValue>
    </Lead>
    <Lead CaseKey="0000003BK0B0N" ID="bf1dd370-c6ad-4f2e-a6f0-1806ff704a4c">
      <InputValue FieldID="1">0000003BK0B0N</InputValue>
    </Lead>
    <Lead CaseKey="0000003BK0V6S" ID="9a94bd91-4951-42bd-b50d-f91826c2945c">
      <InputValue FieldID="1">0000003BK0V6S</InputValue>
    </Lead>
    <Lead CaseKey="0000003BL0B0N" ID="60dcb783-5add-4f46-820d-122520960319">
      <InputValue FieldID="1">0000003BL0B0N</InputValue>
    </Lead>
    <Lead CaseKey="0000003BL0K47" ID="d4363bb2-9841-4351-8061-55249c683e8c">
      <InputValue FieldID="1">0000003BL0K47</InputValue>
    </Lead>
    <Lead CaseKey="0000003BL0V6S" ID="0a014151-d517-4f60-87a8-cf24db5b7c03">
      <InputValue FieldID="1">0000003BL0V6S</InputValue>
    </Lead>
    <Lead CaseKey="0000003BM0B0N" ID="fad24d84-d362-41e7-9a5a-cabe60d1a48f">
      <InputValue FieldID="1">0000003BM0B0N</InputValue>
    </Lead>
    <Lead CaseKey="0000003BM0K47" ID="4c02ac0d-e684-4a1f-866f-a5add556a93d">
      <InputValue FieldID="1">0000003BM0K47</InputValue>
    </Lead>
    <Lead CaseKey="0000003BM0V6S" ID="91bfef32-bf81-4926-a1eb-a99ebff89d60">
      <InputValue FieldID="1">0000003BM0V6S</InputValue>
    </Lead>
    <Lead CaseKey="0000003BN0B0N" ID="c1c92286-b242-4c3b-9961-e189738422fa">
      <InputValue FieldID="1">0000003BN0B0N</InputValue>
    </Lead>
    <Lead CaseKey="0000003BN0K47" ID="f99f2211-bc5d-4cbb-bf50-88a73ea85dc6">
      <InputValue FieldID="1">0000003BN0K47</InputValue>
    </Lead>
    <Lead CaseKey="0000003BN0V6S" ID="4c6ac2a6-d23d-4bcd-8900-b4fafae96deb">
      <InputValue FieldID="1">0000003BN0V6S</InputValue>
    </Lead>
    <Lead CaseKey="0000003BP0B0N" ID="97a8c873-4745-4c64-b986-86c170344d21">
      <InputValue FieldID="1">0000003BP0B0N</InputValue>
    </Lead>
    <Lead CaseKey="0000003BP0V6S" ID="d25ecfe4-c906-4a5d-b360-da3f73d9f98a">
      <InputValue FieldID="1">0000003BP0V6S</InputValue>
    </Lead>
    <Lead CaseKey="0000003BQ0B0N" ID="e8ca25b2-7e43-4660-a26f-0112ad07137b">
      <InputValue FieldID="1">0000003BQ0B0N</InputValue>
    </Lead>
    <Lead CaseKey="0000003BQ0V6S" ID="6b0c7bc5-032f-4ce9-b184-ce1461e4b797">
      <InputValue FieldID="1">0000003BQ0V6S</InputValue>
    </Lead>
    <Lead CaseKey="0000003BR0B0N" ID="42e6cd4c-a9b4-467e-b0e0-c585d978c30b">
      <InputValue FieldID="1">0000003BR0B0N</InputValue>
    </Lead>
    <Lead CaseKey="0000003BR0V6S" ID="289a95f9-4644-41cb-81c9-ade172924858">
      <InputValue FieldID="1">0000003BR0V6S</InputValue>
    </Lead>
    <Lead CaseKey="0000003BS0V6S" ID="bb1ca34a-943e-4f76-bf3f-1b3bc8ca72fb">
      <InputValue FieldID="1">0000003BS0V6S</InputValue>
    </Lead>
    <Lead CaseKey="0000003BX0V6S" ID="5cee1dca-fb7c-40cc-8c33-4ba3fa7aa10b">
      <InputValue FieldID="1">0000003BX0V6S</InputValue>
    </Lead>
    <Lead CaseKey="0000003BY0V6S" ID="86b6f84c-187d-4f80-bc4a-0da8b53bb754">
      <InputValue FieldID="1">0000003BY0V6S</InputValue>
    </Lead>
    <Lead CaseKey="0000003BZ0V6S" ID="f47760c0-1ebd-4213-8b60-6e44953af9d0">
      <InputValue FieldID="1">0000003BZ0V6S</InputValue>
    </Lead>
    <Lead CaseKey="0000003C00V6S" ID="8d054270-9a44-4332-bbf9-fd3e58b42c13">
      <InputValue FieldID="1">0000003C00V6S</InputValue>
    </Lead>
    <Lead CaseKey="0000003C10V6S" ID="d67a7873-4361-4222-b638-e0b6e7867298">
      <InputValue FieldID="1">0000003C10V6S</InputValue>
    </Lead>
    <Lead CaseKey="0000003C20V6S" ID="62f88942-b143-42e9-a2f5-1e69d50da9ac">
      <InputValue FieldID="1">0000003C20V6S</InputValue>
    </Lead>
    <Lead CaseKey="0000003C30B0N" ID="f57ed001-79bd-47bf-b5f1-907a6b2a832b">
      <InputValue FieldID="1">0000003C30B0N</InputValue>
    </Lead>
    <Lead CaseKey="0000003C30V6S" ID="b054ff5a-c407-46e0-973e-ab69166f0da9">
      <InputValue FieldID="1">0000003C30V6S</InputValue>
    </Lead>
    <Lead CaseKey="0000003C40B0N" ID="320fe4df-1cec-4930-9084-d6773853b0cb">
      <InputValue FieldID="1">0000003C40B0N</InputValue>
    </Lead>
    <Lead CaseKey="0000003C40V6S" ID="9e69a8cd-f895-4ab9-86a6-58f717c6fa41">
      <InputValue FieldID="1">0000003C40V6S</InputValue>
    </Lead>
    <Lead CaseKey="0000003C50V6S" ID="12873386-80a0-407d-a06a-3df9781fd3c7">
      <InputValue FieldID="1">0000003C50V6S</InputValue>
    </Lead>
    <Lead CaseKey="0000003C60V6S" ID="b05a5f72-bd24-4998-ad63-5c172d22041b">
      <InputValue FieldID="1">0000003C60V6S</InputValue>
    </Lead>
    <Lead CaseKey="0000003C70B0N" ID="6d86d8a4-3fae-4dbc-a559-06f0c723304e">
      <InputValue FieldID="1">0000003C70B0N</InputValue>
    </Lead>
    <Lead CaseKey="0000003C70V6S" ID="444f4a21-25b2-4065-b66b-7b067a494a19">
      <InputValue FieldID="1">0000003C70V6S</InputValue>
    </Lead>
    <Lead CaseKey="0000003C80B0N" ID="b6bc171c-2614-4726-bdf9-97512a940cf1">
      <InputValue FieldID="1">0000003C80B0N</InputValue>
    </Lead>
    <Lead CaseKey="0000003C80V6S" ID="2929e750-b41c-42d7-8461-e59440ff47ad">
      <InputValue FieldID="1">0000003C80V6S</InputValue>
    </Lead>
    <Lead CaseKey="0000003C90V6S" ID="473bcadf-cbc5-4d4d-963f-2a508e7a3167">
      <InputValue FieldID="1">0000003C90V6S</InputValue>
    </Lead>
    <Lead CaseKey="0000003CF0B0N" ID="097a8dc8-b07a-4bd5-9f27-fd438ec4e97b">
      <InputValue FieldID="1">0000003CF0B0N</InputValue>
    </Lead>
    <Lead CaseKey="0000003CG0B0N" ID="cb0d1671-947e-4831-82ea-3f56832cbeb6">
      <InputValue FieldID="1">0000003CG0B0N</InputValue>
    </Lead>
    <Lead CaseKey="0000003CH0B0N" ID="0195b4fe-9954-4b2a-b65f-428129233228">
      <InputValue FieldID="1">0000003CH0B0N</InputValue>
    </Lead>
    <Lead CaseKey="0000003CJ0B0N" ID="35fe3b1d-3850-438b-aa9b-c88dd70286a0">
      <InputValue FieldID="1">0000003CJ0B0N</InputValue>
    </Lead>
    <Lead CaseKey="0000003CK0B0N" ID="b4f929d3-bc88-4497-9d33-a9fed416c6c6">
      <InputValue FieldID="1">0000003CK0B0N</InputValue>
    </Lead>
    <Lead CaseKey="0000003CL0B0N" ID="97de9a7c-7a13-4d7f-9487-1482b40bb276">
      <InputValue FieldID="1">0000003CL0B0N</InputValue>
    </Lead>
    <Lead CaseKey="0000003F80C4T" ID="01eac6e5-9551-4e95-a201-7457c6f85d6b">
      <InputValue FieldID="1">0000003F80C4T</InputValue>
    </Lead>
    <Lead CaseKey="0000003F90C4T" ID="72da8804-0252-4381-a89d-62822a37c058">
      <InputValue FieldID="1">0000003F90C4T</InputValue>
    </Lead>
    <Lead CaseKey="0000003FB0C4T" ID="74a4c413-b9ef-43f4-8591-1f07ec1df77e">
      <InputValue FieldID="1">0000003FB0C4T</InputValue>
    </Lead>
    <Lead CaseKey="0000003FN0BSH" ID="104dcf29-b7c3-4cc4-8822-aae769f726c2">
      <InputValue FieldID="1">0000003FN0BSH</InputValue>
    </Lead>
    <Lead CaseKey="0000003FP0BSH" ID="1050746a-7add-4cf2-a06d-53a988f497ba">
      <InputValue FieldID="1">0000003FP0BSH</InputValue>
    </Lead>
    <Lead CaseKey="0000003FT0C4T" ID="7bcc432d-70da-4243-9b1c-42d9ea284913">
      <InputValue FieldID="1">0000003FT0C4T</InputValue>
    </Lead>
    <Lead CaseKey="0000003FV0C4T" ID="2450c67d-0921-4b1a-846e-6189af1e29ee">
      <InputValue FieldID="1">0000003FV0C4T</InputValue>
    </Lead>
    <Lead CaseKey="0000003FW0C4T" ID="7c8de408-d008-4270-bd72-6aff64cebb21">
      <InputValue FieldID="1">0000003FW0C4T</InputValue>
    </Lead>
    <Lead CaseKey="0000003FX0C4T" ID="23726377-e041-45a5-93cd-ebeef85dd79a">
      <InputValue FieldID="1">0000003FX0C4T</InputValue>
    </Lead>
    <Lead CaseKey="0000003FY0C4T" ID="96108dc8-dca8-48b1-bbb5-fd0e31247270">
      <InputValue FieldID="1">0000003FY0C4T</InputValue>
    </Lead>
    <Lead CaseKey="0000003FZ0C4T" ID="fd413fac-9c1b-450d-bf09-ee663a927aaf">
      <InputValue FieldID="1">0000003FZ0C4T</InputValue>
    </Lead>
    <Lead CaseKey="0000003G00C4T" ID="e6184b66-a374-4e6b-b655-afa97aa76cdb">
      <InputValue FieldID="1">0000003G00C4T</InputValue>
    </Lead>
    <Lead CaseKey="0000003G10C4T" ID="e531c9cf-8f55-49c5-982d-6e6449e58b0a">
      <InputValue FieldID="1">0000003G10C4T</InputValue>
    </Lead>
    <Lead CaseKey="0000003G20C4T" ID="4a614c26-2c5c-435e-a19f-e80bbae07d82">
      <InputValue FieldID="1">0000003G20C4T</InputValue>
    </Lead>
    <Lead CaseKey="0000003G30BSH" ID="1f3d4370-a13d-40d3-bc08-5d2a33423ea7">
      <InputValue FieldID="1">0000003G30BSH</InputValue>
    </Lead>
    <Lead CaseKey="0000003G30C4T" ID="db624b98-c1ac-4fe2-84ba-f6d569200fde">
      <InputValue FieldID="1">0000003G30C4T</InputValue>
    </Lead>
    <Lead CaseKey="0000003G40BSH" ID="b8736684-9ead-43da-9d34-dcf67531f525">
      <InputValue FieldID="1">0000003G40BSH</InputValue>
    </Lead>
    <Lead CaseKey="0000003G50BSH" ID="e1c8c637-df63-473c-bbf9-f36af24a66b3">
      <InputValue FieldID="1">0000003G50BSH</InputValue>
    </Lead>
    <Lead CaseKey="0000003GL0BSH" ID="422179b3-9ae8-4f0f-8367-ea65bbb6d864">
      <InputValue FieldID="1">0000003GL0BSH</InputValue>
    </Lead>
    <Lead CaseKey="0000003GM0BSH" ID="ce997cc3-7ef8-46a9-b8e6-2855eef4bd77">
      <InputValue FieldID="1">0000003GM0BSH</InputValue>
    </Lead>
    <Lead CaseKey="0000003GW0BSH" ID="45a08940-1322-400d-9e1e-23881e25b2ad">
      <InputValue FieldID="1">0000003GW0BSH</InputValue>
    </Lead>
    <Lead CaseKey="0000003GX0BSH" ID="8d9645d2-2c6b-44a0-80e5-9060ec669554">
      <InputValue FieldID="1">0000003GX0BSH</InputValue>
    </Lead>
    <Lead CaseKey="0000003GY0BSH" ID="3c3e28e2-9965-4c15-b18e-84b5b52ac5d0">
      <InputValue FieldID="1">0000003GY0BSH</InputValue>
    </Lead>
    <Lead CaseKey="0000003GZ0BSH" ID="f5cb1800-020c-4fc4-8f80-73499a5a2ff8">
      <InputValue FieldID="1">0000003GZ0BSH</InputValue>
    </Lead>
    <Lead CaseKey="0000003H00BSH" ID="cd49a23a-5899-4472-bc15-c873a994e96e">
      <InputValue FieldID="1">0000003H00BSH</InputValue>
    </Lead>
    <Lead CaseKey="0000003H10BSH" ID="0fad0799-92d4-42c2-bb63-fbb08bc23ad2">
      <InputValue FieldID="1">0000003H10BSH</InputValue>
    </Lead>
    <Lead CaseKey="0000003H20BSH" ID="3279a6d7-7b69-4502-a63e-5d528ed2796b">
      <InputValue FieldID="1">0000003H20BSH</InputValue>
    </Lead>
    <Lead CaseKey="0000003H30BSH" ID="feabe713-d253-4fd4-9a4c-230d20653bdc">
      <InputValue FieldID="1">0000003H30BSH</InputValue>
    </Lead>
    <Lead CaseKey="0000003H40BSH" ID="ad437ef4-a501-43f2-ad0a-518caed598c3">
      <InputValue FieldID="1">0000003H40BSH</InputValue>
    </Lead>
    <Lead CaseKey="0000003H50BSH" ID="cf1ff542-5358-42d4-b2bb-8ee890c8feb1">
      <InputValue FieldID="1">0000003H50BSH</InputValue>
    </Lead>
    <Lead CaseKey="0000003H60BSH" ID="9fd10165-4c88-4674-ac8c-7670c1d4c90e">
      <InputValue FieldID="1">0000003H60BSH</InputValue>
    </Lead>
    <Lead CaseKey="0000003HJ0BSH" ID="ead05b47-87d0-438b-b70f-f11c96f2ccc7">
      <InputValue FieldID="1">0000003HJ0BSH</InputValue>
    </Lead>
    <Lead CaseKey="0000003HK0BSH" ID="e59636fc-ac03-4af0-9242-8509344a9704">
      <InputValue FieldID="1">0000003HK0BSH</InputValue>
    </Lead>
    <Lead CaseKey="0000003JS0J1M" ID="a40b3ca6-a766-42ce-8dcb-dab5c6113605">
      <InputValue FieldID="1">0000003JS0J1M</InputValue>
    </Lead>
    <Lead CaseKey="0000003JT0J1M" ID="c9f8c3ca-c54d-48bd-8cd2-55b66c150d91">
      <InputValue FieldID="1">0000003JT0J1M</InputValue>
    </Lead>
    <Lead CaseKey="0000003JV0J1M" ID="f979b01c-093c-4d8e-b235-fe670a5cde3b">
      <InputValue FieldID="1">0000003JV0J1M</InputValue>
    </Lead>
    <Lead CaseKey="0000003JW0J1M" ID="e8a1e9e9-ae02-47b2-b806-55e8b84ea66e">
      <InputValue FieldID="1">0000003JW0J1M</InputValue>
    </Lead>
    <Lead CaseKey="0000003JX0J1M" ID="eefe89af-f34d-45eb-b6b9-6a99e4a4d5c5">
      <InputValue FieldID="1">0000003JX0J1M</InputValue>
    </Lead>
    <Lead CaseKey="0000003JY0J1M" ID="dffbfba8-3ef5-4678-b642-b6d25ecb44df">
      <InputValue FieldID="1">0000003JY0J1M</InputValue>
    </Lead>
    <Lead CaseKey="0000003JZ0J1M" ID="f670f1e5-4ac7-4b94-9aab-f6d13d037811">
      <InputValue FieldID="1">0000003JZ0J1M</InputValue>
    </Lead>
    <Lead CaseKey="0000003K00J1M" ID="b383a630-0249-4b7a-81f5-9b449d01c11e">
      <InputValue FieldID="1">0000003K00J1M</InputValue>
    </Lead>
    <Lead CaseKey="0000003K70CT4" ID="e6574e29-2e9c-4e11-94d5-8c4fb21feef5">
      <InputValue FieldID="1">0000003K70CT4</InputValue>
    </Lead>
    <Lead CaseKey="0000003KF0CT4" ID="84428f65-394d-41df-8119-3c9ad8978a6b">
      <InputValue FieldID="1">0000003KF0CT4</InputValue>
    </Lead>
    <Lead CaseKey="0000003KG0CT4" ID="10e4805e-b871-40a8-ade3-13291b4dcb58">
      <InputValue FieldID="1">0000003KG0CT4</InputValue>
    </Lead>
    <Lead CaseKey="0000003NS0L5M" ID="a666d1aa-7dfa-44e4-9a20-31d897c3c0c8">
      <InputValue FieldID="1">0000003NS0L5M</InputValue>
    </Lead>
    <Lead CaseKey="0000003NT0L5M" ID="fe20ffab-e5ca-4a9f-93d5-6882e3d24b76">
      <InputValue FieldID="1">0000003NT0L5M</InputValue>
    </Lead>
    <Lead CaseKey="0000003NV0L5M" ID="89a64bc6-44be-4b33-a7a2-86acdebc7018">
      <InputValue FieldID="1">0000003NV0L5M</InputValue>
    </Lead>
    <Lead CaseKey="0000003NW0L5M" ID="adb570f7-aa27-41de-9f70-cce9a4d284a0">
      <InputValue FieldID="1">0000003NW0L5M</InputValue>
    </Lead>
    <Lead CaseKey="0000003NX0L5M" ID="9d6bb048-b7a9-4903-af4b-b837b47d1e65">
      <InputValue FieldID="1">0000003NX0L5M</InputValue>
    </Lead>
    <Lead CaseKey="0000003NY0L5M" ID="d15c1e16-e882-49c1-bc59-179d21ba2b45">
      <InputValue FieldID="1">0000003NY0L5M</InputValue>
    </Lead>
    <Lead CaseKey="0000003NZ0L5M" ID="08be4e46-9cd4-406c-9175-a71affa07f6a">
      <InputValue FieldID="1">0000003NZ0L5M</InputValue>
    </Lead>
    <Lead CaseKey="0000003P00L5M" ID="1ada305c-296b-4995-9898-5e13119eff2d">
      <InputValue FieldID="1">0000003P00L5M</InputValue>
    </Lead>
    <Lead CaseKey="0000003P10L5M" ID="319c114f-8153-4499-989a-d080ce3ad483">
      <InputValue FieldID="1">0000003P10L5M</InputValue>
    </Lead>
    <Lead CaseKey="0000003P20L5M" ID="8290f5de-33f0-4c7b-98b7-638ac5bbf38d">
      <InputValue FieldID="1">0000003P20L5M</InputValue>
    </Lead>
    <Lead CaseKey="0000003P30L5M" ID="d653bfa6-2d34-45fa-bfa8-e30b35f184ef">
      <InputValue FieldID="1">0000003P30L5M</InputValue>
    </Lead>
    <Lead CaseKey="0000003P40L5M" ID="aaa9c02c-a42d-43ea-9152-10a61fc58375">
      <InputValue FieldID="1">0000003P40L5M</InputValue>
    </Lead>
    <Lead CaseKey="0000003P50L5M" ID="8e495df2-a8e7-46cb-a607-8de08e152027">
      <InputValue FieldID="1">0000003P50L5M</InputValue>
    </Lead>
    <Lead CaseKey="0000003P60L5M" ID="40e74099-5ed9-4f2e-90fa-aa156f97ef2e">
      <InputValue FieldID="1">0000003P60L5M</InputValue>
    </Lead>
    <Lead CaseKey="0000003P70L5M" ID="238bedb6-4576-474b-88b1-386fcf67aef0">
      <InputValue FieldID="1">0000003P70L5M</InputValue>
    </Lead>
    <Lead CaseKey="0000003P80L5M" ID="e0feecb7-1cb6-4544-be37-86df24e44629">
      <InputValue FieldID="1">0000003P80L5M</InputValue>
    </Lead>
    <Lead CaseKey="0000003P90L5M" ID="cc4f75f5-935d-4d5d-b397-e0d7ec2ee036">
      <InputValue FieldID="1">0000003P90L5M</InputValue>
    </Lead>
    <Lead CaseKey="0000003PB0L5M" ID="adf823d7-1b62-4a81-a6c9-7c315436925c">
      <InputValue FieldID="1">0000003PB0L5M</InputValue>
    </Lead>
    <Lead CaseKey="0000003PC0L5M" ID="de2a9e42-4773-4de6-b3e5-363d0d81d7b4">
      <InputValue FieldID="1">0000003PC0L5M</InputValue>
    </Lead>
    <Lead CaseKey="0000003PD0L5M" ID="1be74b94-1c13-426f-be5e-ceb4f4630c9a">
      <InputValue FieldID="1">0000003PD0L5M</InputValue>
    </Lead>
    <Lead CaseKey="0000003PF0L5M" ID="a39a5359-0c88-48be-a196-b25cae14b178">
      <InputValue FieldID="1">0000003PF0L5M</InputValue>
    </Lead>
    <Lead CaseKey="0000003PG0L5M" ID="40fbd672-ddc8-4608-a208-d39914c7ae83">
      <InputValue FieldID="1">0000003PG0L5M</InputValue>
    </Lead>
    <Lead CaseKey="0000003PH0L5M" ID="1c200011-a377-45ba-8640-54e78ff9d705">
      <InputValue FieldID="1">0000003PH0L5M</InputValue>
    </Lead>
    <Lead CaseKey="0000003PJ0L5M" ID="8dd7c29b-dde0-4d2c-9fc4-a51c429151b5">
      <InputValue FieldID="1">0000003PJ0L5M</InputValue>
    </Lead>
    <Lead CaseKey="0000003PK0L5M" ID="ecddc598-4902-425f-b848-f1e53a4cc8f3">
      <InputValue FieldID="1">0000003PK0L5M</InputValue>
    </Lead>
    <Lead CaseKey="0000003PL0L5M" ID="a8becd91-894a-4256-a788-36f99cc0ae99">
      <InputValue FieldID="1">0000003PL0L5M</InputValue>
    </Lead>
    <Lead CaseKey="0000003PM0L5M" ID="1f37df43-c523-4f94-b632-ceefb962873d">
      <InputValue FieldID="1">0000003PM0L5M</InputValue>
    </Lead>
    <Lead CaseKey="0000003PN0L5M" ID="d4062421-1566-4199-8180-1b2263b2e6b2">
      <InputValue FieldID="1">0000003PN0L5M</InputValue>
    </Lead>
    <Lead CaseKey="0000003PP0L5M" ID="6f7b0f7a-00f5-46c9-afee-4cf8eb176b5e">
      <InputValue FieldID="1">0000003PP0L5M</InputValue>
    </Lead>
    <Lead CaseKey="0000003PQ0L5M" ID="0a3ec0ff-a136-43e4-9c42-b6ec434e9309">
      <InputValue FieldID="1">0000003PQ0L5M</InputValue>
    </Lead>
    <Lead CaseKey="0000003PR0L5M" ID="0ce790fc-2846-4ace-9918-901cbd09cf73">
      <InputValue FieldID="1">0000003PR0L5M</InputValue>
    </Lead>
    <Lead CaseKey="0000003PS0L5M" ID="baf59ec6-eb3e-4360-86ec-afd0f81dc4a6">
      <InputValue FieldID="1">0000003PS0L5M</InputValue>
    </Lead>
    <Lead CaseKey="0000003PT0L5M" ID="1107f8d5-9ab3-4c0c-b9ac-64bdad68a39b">
      <InputValue FieldID="1">0000003PT0L5M</InputValue>
    </Lead>
    <Lead CaseKey="0000003PV0L5M" ID="d74611d8-136f-45bd-96dd-c609543e0a7d">
      <InputValue FieldID="1">0000003PV0L5M</InputValue>
    </Lead>
    <Lead CaseKey="0000003PW0L5M" ID="f30fd8e9-5233-4fc5-bb8c-2f871ee7967b">
      <InputValue FieldID="1">0000003PW0L5M</InputValue>
    </Lead>
    <Lead CaseKey="0000003PX0L5M" ID="d6ee00a6-b7ea-4140-a17b-b379f5c77da0">
      <InputValue FieldID="1">0000003PX0L5M</InputValue>
    </Lead>
    <Lead CaseKey="0000003PY0L5M" ID="f80bc618-0853-47a0-bd5b-9b4b9dae30d3">
      <InputValue FieldID="1">0000003PY0L5M</InputValue>
    </Lead>
    <Lead CaseKey="0000003PY0P8X" ID="92647264-78b1-4462-90b0-3cc0ba5d41be">
      <InputValue FieldID="1">0000003PY0P8X</InputValue>
    </Lead>
    <Lead CaseKey="0000003PZ0L5M" ID="6d517619-0f4f-4d3f-812d-d51b53c04447">
      <InputValue FieldID="1">0000003PZ0L5M</InputValue>
    </Lead>
    <Lead CaseKey="0000003PZ0P8X" ID="1c736993-296e-4327-8eee-ec2485f02acc">
      <InputValue FieldID="1">0000003PZ0P8X</InputValue>
    </Lead>
    <Lead CaseKey="0000003Q00L5M" ID="48fa7f89-7f3b-4fc3-a6e2-d9c959f486d7">
      <InputValue FieldID="1">0000003Q00L5M</InputValue>
    </Lead>
    <Lead CaseKey="0000003Q00P8X" ID="f5707e30-ffc9-4b6c-941a-eb7a8781727f">
      <InputValue FieldID="1">0000003Q00P8X</InputValue>
    </Lead>
    <Lead CaseKey="0000003Q10L5M" ID="29799817-c8e0-4271-a566-0f5c82daa441">
      <InputValue FieldID="1">0000003Q10L5M</InputValue>
    </Lead>
    <Lead CaseKey="0000003Q10P8X" ID="80984f97-d4eb-4090-a3d8-68b9e695afc4">
      <InputValue FieldID="1">0000003Q10P8X</InputValue>
    </Lead>
    <Lead CaseKey="0000003Q20L5M" ID="2463ebd9-6079-4c13-a973-fe746d40d2ac">
      <InputValue FieldID="1">0000003Q20L5M</InputValue>
    </Lead>
    <Lead CaseKey="0000003Q20P8X" ID="181ae0d5-6d51-412f-8fb2-eaeab26f5e9b">
      <InputValue FieldID="1">0000003Q20P8X</InputValue>
    </Lead>
    <Lead CaseKey="0000003Q30L5M" ID="12174d46-55bf-4f87-af62-a131f27becba">
      <InputValue FieldID="1">0000003Q30L5M</InputValue>
    </Lead>
    <Lead CaseKey="0000003Q30P8X" ID="5fc95625-470e-4785-b1db-859605a76d92">
      <InputValue FieldID="1">0000003Q30P8X</InputValue>
    </Lead>
    <Lead CaseKey="0000003Q40L5M" ID="8528b5a6-91dd-4c79-8eda-217fcd61d644">
      <InputValue FieldID="1">0000003Q40L5M</InputValue>
    </Lead>
    <Lead CaseKey="0000003Q40P8X" ID="29adcdeb-f997-4510-adee-b1e0e1d37806">
      <InputValue FieldID="1">0000003Q40P8X</InputValue>
    </Lead>
    <Lead CaseKey="0000003Q50L5M" ID="943cd9dc-2e29-4fc8-b686-adf0324826ed">
      <InputValue FieldID="1">0000003Q50L5M</InputValue>
    </Lead>
    <Lead CaseKey="0000003Q50P8X" ID="f675eb17-a5dc-4c65-8f62-4affed221206">
      <InputValue FieldID="1">0000003Q50P8X</InputValue>
    </Lead>
    <Lead CaseKey="0000003Q60L5M" ID="37791897-a1ff-42f4-ab32-5833fb2a5790">
      <InputValue FieldID="1">0000003Q60L5M</InputValue>
    </Lead>
    <Lead CaseKey="0000003Q60P8X" ID="46b8fd1d-6001-459a-b084-e78b8160f579">
      <InputValue FieldID="1">0000003Q60P8X</InputValue>
    </Lead>
    <Lead CaseKey="0000003Q70L5M" ID="ec071260-348f-41bc-a092-8d99ba8926a4">
      <InputValue FieldID="1">0000003Q70L5M</InputValue>
    </Lead>
    <Lead CaseKey="0000003Q70P8X" ID="20c767d1-7f42-4bbe-ab0d-f100164f854b">
      <InputValue FieldID="1">0000003Q70P8X</InputValue>
    </Lead>
    <Lead CaseKey="0000003Q80L5M" ID="f26cf4c5-e267-4a1a-8a70-5befbc762773">
      <InputValue FieldID="1">0000003Q80L5M</InputValue>
    </Lead>
    <Lead CaseKey="0000003Q80P8X" ID="311cb0c3-706f-4fc9-9ee8-782dec5daca7">
      <InputValue FieldID="1">0000003Q80P8X</InputValue>
    </Lead>
    <Lead CaseKey="0000003Q90L5M" ID="550daae2-e737-479a-b497-3025f88c3d64">
      <InputValue FieldID="1">0000003Q90L5M</InputValue>
    </Lead>
    <Lead CaseKey="0000003Q90P8X" ID="219ae26c-2c8c-4abd-830b-3d383c7d89b6">
      <InputValue FieldID="1">0000003Q90P8X</InputValue>
    </Lead>
    <Lead CaseKey="0000003QB0L5M" ID="0bf5cdc1-2beb-4eda-b662-811bcd33f0f9">
      <InputValue FieldID="1">0000003QB0L5M</InputValue>
    </Lead>
    <Lead CaseKey="0000003QB0P8X" ID="35ce6995-dce6-4dd3-b329-8eb35590fb7a">
      <InputValue FieldID="1">0000003QB0P8X</InputValue>
    </Lead>
    <Lead CaseKey="0000003QC0L5M" ID="0d800e60-62d2-4579-ac24-cb05b05c1b6f">
      <InputValue FieldID="1">0000003QC0L5M</InputValue>
    </Lead>
    <Lead CaseKey="0000003QC0P8X" ID="e2c55856-f469-4151-bbd4-94e4e5f4c28a">
      <InputValue FieldID="1">0000003QC0P8X</InputValue>
    </Lead>
    <Lead CaseKey="0000003QD0L5M" ID="ff68d10e-6d4f-4c11-a8e4-77aeb10253e9">
      <InputValue FieldID="1">0000003QD0L5M</InputValue>
    </Lead>
    <Lead CaseKey="0000003QD0P8X" ID="4bdcb34a-ac25-4ffd-b329-c2ab7b000c45">
      <InputValue FieldID="1">0000003QD0P8X</InputValue>
    </Lead>
    <Lead CaseKey="0000003QF0L5M" ID="62780337-d76d-4359-a629-99650b6abc10">
      <InputValue FieldID="1">0000003QF0L5M</InputValue>
    </Lead>
    <Lead CaseKey="0000003QF0P8X" ID="8c5ffb94-4c89-4b3d-8ce9-b6d43cd1e9c8">
      <InputValue FieldID="1">0000003QF0P8X</InputValue>
    </Lead>
    <Lead CaseKey="0000003QG0L5M" ID="db07ed08-0df2-4c1a-98fd-5ac3bfc42893">
      <InputValue FieldID="1">0000003QG0L5M</InputValue>
    </Lead>
    <Lead CaseKey="0000003QG0P8X" ID="2bbe2496-44df-4641-a5c4-ba7d24671c6b">
      <InputValue FieldID="1">0000003QG0P8X</InputValue>
    </Lead>
    <Lead CaseKey="0000003QH0L5M" ID="6fd05e85-d599-40ae-8c0f-4c537baa7b96">
      <InputValue FieldID="1">0000003QH0L5M</InputValue>
    </Lead>
    <Lead CaseKey="0000003QH0P8X" ID="3adb65bc-f3f1-4331-be2e-1ad560ed71ca">
      <InputValue FieldID="1">0000003QH0P8X</InputValue>
    </Lead>
    <Lead CaseKey="0000003QJ0L5M" ID="e94ef0f9-f5f9-4245-9c5b-bce9a85ba017">
      <InputValue FieldID="1">0000003QJ0L5M</InputValue>
    </Lead>
    <Lead CaseKey="0000003QJ0P8X" ID="37682342-850c-4ef3-8c7b-6ed4638d2a59">
      <InputValue FieldID="1">0000003QJ0P8X</InputValue>
    </Lead>
    <Lead CaseKey="0000003QK0L5M" ID="327a035a-a08d-46ab-b026-8f3c9e29718d">
      <InputValue FieldID="1">0000003QK0L5M</InputValue>
    </Lead>
    <Lead CaseKey="0000003QK0P8X" ID="0e18f29a-3f04-45fd-acdf-a7b50432cdbd">
      <InputValue FieldID="1">0000003QK0P8X</InputValue>
    </Lead>
    <Lead CaseKey="0000003QL0L5M" ID="2d10b3a2-371a-4bb3-87c5-984545268b98">
      <InputValue FieldID="1">0000003QL0L5M</InputValue>
    </Lead>
    <Lead CaseKey="0000003QL0P8X" ID="c9e12d40-752f-4a04-9c65-bc8aabf6f8e5">
      <InputValue FieldID="1">0000003QL0P8X</InputValue>
    </Lead>
    <Lead CaseKey="0000003QM0L5M" ID="3512f91d-7154-483c-beb9-2dffd0904ba8">
      <InputValue FieldID="1">0000003QM0L5M</InputValue>
    </Lead>
    <Lead CaseKey="0000003QM0P8X" ID="81c47e61-02a3-4087-8f20-b2a1fdebe630">
      <InputValue FieldID="1">0000003QM0P8X</InputValue>
    </Lead>
    <Lead CaseKey="0000003QN0L5M" ID="6734cf99-5bbe-4ff8-8a7b-b4a919fca392">
      <InputValue FieldID="1">0000003QN0L5M</InputValue>
    </Lead>
    <Lead CaseKey="0000003QN0P8X" ID="2f473707-a839-4202-a1e1-adc2e7753aef">
      <InputValue FieldID="1">0000003QN0P8X</InputValue>
    </Lead>
    <Lead CaseKey="0000003QP0L5M" ID="5e9d218e-06ec-4221-ac8a-edde299a6873">
      <InputValue FieldID="1">0000003QP0L5M</InputValue>
    </Lead>
    <Lead CaseKey="0000003QP0P8X" ID="b6d5df89-3209-4a06-96c4-5933244ad77b">
      <InputValue FieldID="1">0000003QP0P8X</InputValue>
    </Lead>
    <Lead CaseKey="0000003QQ0L5M" ID="d4c187d3-77ce-4279-8fc1-a236be5cce80">
      <InputValue FieldID="1">0000003QQ0L5M</InputValue>
    </Lead>
    <Lead CaseKey="0000003QQ0P8X" ID="e242ba76-6c0f-4191-9d7b-79842073d7e6">
      <InputValue FieldID="1">0000003QQ0P8X</InputValue>
    </Lead>
    <Lead CaseKey="0000003QR0L5M" ID="a35d29e6-c8e5-44c1-ba92-5c26b53baed6">
      <InputValue FieldID="1">0000003QR0L5M</InputValue>
    </Lead>
    <Lead CaseKey="0000003QR0P8X" ID="e4d04687-d42b-4c58-b828-8dc2ac468957">
      <InputValue FieldID="1">0000003QR0P8X</InputValue>
    </Lead>
    <Lead CaseKey="0000003QS0L5M" ID="4731b605-132c-42c1-a76f-e30403e18123">
      <InputValue FieldID="1">0000003QS0L5M</InputValue>
    </Lead>
    <Lead CaseKey="0000003QS0P8X" ID="4eac91ab-c91d-49c4-93d2-3d926b7db23d">
      <InputValue FieldID="1">0000003QS0P8X</InputValue>
    </Lead>
    <Lead CaseKey="0000003QT0L5M" ID="0f37825a-6fd6-4f24-9a09-9051ab1d0464">
      <InputValue FieldID="1">0000003QT0L5M</InputValue>
    </Lead>
    <Lead CaseKey="0000003QT0P8X" ID="2ec00e9e-14f1-4f6f-bf15-e4c8ccb029a3">
      <InputValue FieldID="1">0000003QT0P8X</InputValue>
    </Lead>
    <Lead CaseKey="0000003QV0L5M" ID="fa4b6044-5b9d-4949-be0c-08fd9ac4dbf3">
      <InputValue FieldID="1">0000003QV0L5M</InputValue>
    </Lead>
    <Lead CaseKey="0000003QV0P8X" ID="2393e2ad-0159-41d8-a8d9-058a9e593a73">
      <InputValue FieldID="1">0000003QV0P8X</InputValue>
    </Lead>
    <Lead CaseKey="0000003QW0L5M" ID="9b561dfc-c444-42dc-a39f-6dc109a79c5b">
      <InputValue FieldID="1">0000003QW0L5M</InputValue>
    </Lead>
    <Lead CaseKey="0000003QW0P8X" ID="f6e50e41-0e18-4c3f-b268-e4d87bb493ac">
      <InputValue FieldID="1">0000003QW0P8X</InputValue>
    </Lead>
    <Lead CaseKey="0000003QX0L5M" ID="99e31a6f-6033-496a-9348-5415bd3fd5a8">
      <InputValue FieldID="1">0000003QX0L5M</InputValue>
    </Lead>
    <Lead CaseKey="0000003QY0L5M" ID="233632fc-280a-49d8-bab8-b532a28f1976">
      <InputValue FieldID="1">0000003QY0L5M</InputValue>
    </Lead>
    <Lead CaseKey="0000003QZ0L5M" ID="50956a79-f47e-4c1d-9158-fec3ff0713c6">
      <InputValue FieldID="1">0000003QZ0L5M</InputValue>
    </Lead>
    <Lead CaseKey="0000003R00L5M" ID="28ef95f9-c664-4a5d-958d-1b75bb693e62">
      <InputValue FieldID="1">0000003R00L5M</InputValue>
    </Lead>
    <Lead CaseKey="0000003R10L5M" ID="cc891b4d-6e23-4028-aee1-649842f15662">
      <InputValue FieldID="1">0000003R10L5M</InputValue>
    </Lead>
    <Lead CaseKey="0000003R20L5M" ID="e8d1b3be-cfa2-4f34-930b-a13af802804b">
      <InputValue FieldID="1">0000003R20L5M</InputValue>
    </Lead>
    <Lead CaseKey="0000003R30L5M" ID="3f2caeef-a72c-4e75-becf-e4d32e67a757">
      <InputValue FieldID="1">0000003R30L5M</InputValue>
    </Lead>
    <Lead CaseKey="0000003R40L5M" ID="ba119aae-4a52-41c8-8219-acbf11a6f140">
      <InputValue FieldID="1">0000003R40L5M</InputValue>
    </Lead>
    <Lead CaseKey="0000003R50L5M" ID="1000234c-6897-4b51-8f9d-741f560bb36f">
      <InputValue FieldID="1">0000003R50L5M</InputValue>
    </Lead>
    <Lead CaseKey="0000003R60L5M" ID="83033020-64c8-45e7-a037-0d83ff182b75">
      <InputValue FieldID="1">0000003R60L5M</InputValue>
    </Lead>
    <Lead CaseKey="0000003R70L5M" ID="d0b63d80-2a10-494f-b2a3-fec4eee72382">
      <InputValue FieldID="1">0000003R70L5M</InputValue>
    </Lead>
    <Lead CaseKey="0000003R80L5M" ID="f916b3b7-2ebe-4205-a82d-bd326043bae4">
      <InputValue FieldID="1">0000003R80L5M</InputValue>
    </Lead>
    <Lead CaseKey="0000003R90L5M" ID="8495975b-f887-45ac-8452-23a9065ab008">
      <InputValue FieldID="1">0000003R90L5M</InputValue>
    </Lead>
    <Lead CaseKey="0000003RB0L5M" ID="7154c54a-3c9f-46b6-9817-0c27fec138d2">
      <InputValue FieldID="1">0000003RB0L5M</InputValue>
    </Lead>
    <Lead CaseKey="0000003RC0L5M" ID="fd06a8ff-5a4f-4dbd-84ed-3739a3c59546">
      <InputValue FieldID="1">0000003RC0L5M</InputValue>
    </Lead>
    <Lead CaseKey="0000003RD0L5M" ID="a9ffdcbc-51ff-4264-b3b6-e1edaf53cba4">
      <InputValue FieldID="1">0000003RD0L5M</InputValue>
    </Lead>
    <Lead CaseKey="0000003RF0L5M" ID="67a666b7-1b02-46e4-b34b-e4fe768bd40e">
      <InputValue FieldID="1">0000003RF0L5M</InputValue>
    </Lead>
    <Lead CaseKey="0000003RG0L5M" ID="edfd2d1a-4e60-4d32-9100-fe943e1c7b4a">
      <InputValue FieldID="1">0000003RG0L5M</InputValue>
    </Lead>
    <Lead CaseKey="0000003RH0L5M" ID="51d402b8-08a8-4b8b-a4f8-82764ffee15d">
      <InputValue FieldID="1">0000003RH0L5M</InputValue>
    </Lead>
    <Lead CaseKey="0000003RJ0L5M" ID="629f580f-6ea2-4ef5-be35-d89a8e51ae61">
      <InputValue FieldID="1">0000003RJ0L5M</InputValue>
    </Lead>
    <Lead CaseKey="0000003RK0L5M" ID="ef87a41d-5594-4a39-bf40-da0858f5589c">
      <InputValue FieldID="1">0000003RK0L5M</InputValue>
    </Lead>
    <Lead CaseKey="0000003RL0L5M" ID="84485ade-6df4-4610-882b-3bf81802fba9">
      <InputValue FieldID="1">0000003RL0L5M</InputValue>
    </Lead>
    <Lead CaseKey="0000003RM0L5M" ID="78a77455-df32-4988-ad37-869743d6e5b5">
      <InputValue FieldID="1">0000003RM0L5M</InputValue>
    </Lead>
    <Lead CaseKey="0000003RN0L5M" ID="93363d27-191a-49ce-9fa4-61a186066d5b">
      <InputValue FieldID="1">0000003RN0L5M</InputValue>
    </Lead>
    <Lead CaseKey="0000003RP0L5M" ID="49bb02f4-fb29-4fae-8712-13c41f635e15">
      <InputValue FieldID="1">0000003RP0L5M</InputValue>
    </Lead>
    <Lead CaseKey="0000003RQ0L5M" ID="cb7e31ed-95e0-426d-bd01-7d0f2172c181">
      <InputValue FieldID="1">0000003RQ0L5M</InputValue>
    </Lead>
    <Lead CaseKey="0000003RR0L5M" ID="662c9559-2256-455d-9335-c423b77f4fff">
      <InputValue FieldID="1">0000003RR0L5M</InputValue>
    </Lead>
    <Lead CaseKey="0000003RS0L5M" ID="7521a8c8-43e0-4ae3-9b6e-e981ccecd9f9">
      <InputValue FieldID="1">0000003RS0L5M</InputValue>
    </Lead>
    <Lead CaseKey="0000003RT0L5M" ID="f33c1d1e-d823-4bf5-a54c-3c3cada2acf3">
      <InputValue FieldID="1">0000003RT0L5M</InputValue>
    </Lead>
    <Lead CaseKey="0000003RV0L5M" ID="7447946b-56fe-4e8f-9fbd-19d450feaca8">
      <InputValue FieldID="1">0000003RV0L5M</InputValue>
    </Lead>
    <Lead CaseKey="0000003RW0L5M" ID="8d02bdca-bd37-4ac5-b000-7c33ccdcbf8b">
      <InputValue FieldID="1">0000003RW0L5M</InputValue>
    </Lead>
    <Lead CaseKey="0000003RX0L5M" ID="48c9f7a1-a592-446a-851c-6a718928c4c3">
      <InputValue FieldID="1">0000003RX0L5M</InputValue>
    </Lead>
    <Lead CaseKey="0000003RY0L5M" ID="1f71d0c6-6762-4462-a473-236287c9502a">
      <InputValue FieldID="1">0000003RY0L5M</InputValue>
    </Lead>
    <Lead CaseKey="0000003RZ0L5M" ID="93b8ad3a-ce49-4c15-8fe2-53a0f6260355">
      <InputValue FieldID="1">0000003RZ0L5M</InputValue>
    </Lead>
    <Lead CaseKey="0000003S00L5M" ID="ccfa87bc-307c-45fe-b9eb-a0eff230180c">
      <InputValue FieldID="1">0000003S00L5M</InputValue>
    </Lead>
    <Lead CaseKey="0000003S10L5M" ID="c3a3acb4-c62c-4c1e-b290-3ff7f6f67f0f">
      <InputValue FieldID="1">0000003S10L5M</InputValue>
    </Lead>
    <Lead CaseKey="0000003S20L5M" ID="7ed89b94-7e44-4d71-b757-c3aa66deeb50">
      <InputValue FieldID="1">0000003S20L5M</InputValue>
    </Lead>
    <Lead CaseKey="0000003S30L5M" ID="9a34a594-ac1f-4ccd-a747-4ea145d2259a">
      <InputValue FieldID="1">0000003S30L5M</InputValue>
    </Lead>
    <Lead CaseKey="0000003S40L5M" ID="fac31fd7-b0b0-4930-b8bd-baa3afbfcc3d">
      <InputValue FieldID="1">0000003S40L5M</InputValue>
    </Lead>
    <Lead CaseKey="0000003S50L5M" ID="05b39346-15ef-4b5e-bc57-973234107d44">
      <InputValue FieldID="1">0000003S50L5M</InputValue>
    </Lead>
    <Lead CaseKey="0000003S60L5M" ID="73cd2bf7-d088-4099-a17a-5c09e6299d06">
      <InputValue FieldID="1">0000003S60L5M</InputValue>
    </Lead>
    <Lead CaseKey="0000003S70L5M" ID="3e5ef412-f07a-41f2-a1d6-5a4a000e14ac">
      <InputValue FieldID="1">0000003S70L5M</InputValue>
    </Lead>
    <Lead CaseKey="0000003S80L5M" ID="8c32f929-4a42-43f4-ada0-6054fa14ff7a">
      <InputValue FieldID="1">0000003S80L5M</InputValue>
    </Lead>
    <Lead CaseKey="0000003S90L5M" ID="071e70de-d022-4a34-98a0-f2ddaac26516">
      <InputValue FieldID="1">0000003S90L5M</InputValue>
    </Lead>
    <Lead CaseKey="0000003SB0L5M" ID="41f31382-6309-4944-b29a-599c33f31dde">
      <InputValue FieldID="1">0000003SB0L5M</InputValue>
    </Lead>
    <Lead CaseKey="0000003SC0L5M" ID="a7d9ea6b-acf9-4a31-9800-7cae0528ab0c">
      <InputValue FieldID="1">0000003SC0L5M</InputValue>
    </Lead>
    <Lead CaseKey="0000003SD0L5M" ID="a2f8f4cf-c48b-4187-9717-d182a2032744">
      <InputValue FieldID="1">0000003SD0L5M</InputValue>
    </Lead>
    <Lead CaseKey="0000003SF0L5M" ID="ff338967-056c-43a3-9c05-cea68d17a71e">
      <InputValue FieldID="1">0000003SF0L5M</InputValue>
    </Lead>
    <Lead CaseKey="0000003SG0L5M" ID="032634b9-afa7-44f0-956a-47766918498f">
      <InputValue FieldID="1">0000003SG0L5M</InputValue>
    </Lead>
    <Lead CaseKey="0000003SH0L5M" ID="00e338e3-ca2b-4f5a-a961-46e1614c2413">
      <InputValue FieldID="1">0000003SH0L5M</InputValue>
    </Lead>
    <Lead CaseKey="0000003SJ0L5M" ID="0c6f5032-7c5f-400f-aaa8-a6678ea63e72">
      <InputValue FieldID="1">0000003SJ0L5M</InputValue>
    </Lead>
    <Lead CaseKey="0000003SK0L5M" ID="33b49328-abf9-4869-a39f-1668294bc65a">
      <InputValue FieldID="1">0000003SK0L5M</InputValue>
    </Lead>
    <Lead CaseKey="0000003SL0L5M" ID="06ed8ade-0b5f-492c-874f-91666e4fad53">
      <InputValue FieldID="1">0000003SL0L5M</InputValue>
    </Lead>
    <Lead CaseKey="0000003SM0L5M" ID="181feef4-c60c-4eef-bef3-d5fcc18438b0">
      <InputValue FieldID="1">0000003SM0L5M</InputValue>
    </Lead>
    <Lead CaseKey="0000003SN0L5M" ID="6f1c90a8-3455-4fbf-9a7a-2b471e881057">
      <InputValue FieldID="1">0000003SN0L5M</InputValue>
    </Lead>
    <Lead CaseKey="0000003SP0L5M" ID="dcd1ecaf-abba-4dbb-8c00-a78db1ef9df6">
      <InputValue FieldID="1">0000003SP0L5M</InputValue>
    </Lead>
    <Lead CaseKey="0000003SQ0L5M" ID="e8423944-9754-478c-8333-1c47b4bea403">
      <InputValue FieldID="1">0000003SQ0L5M</InputValue>
    </Lead>
    <Lead CaseKey="0000003SR0L5M" ID="f3253e2e-9988-4350-a3e1-0d889d93be8f">
      <InputValue FieldID="1">0000003SR0L5M</InputValue>
    </Lead>
    <Lead CaseKey="0000003SS0L5M" ID="229ce844-bbca-42cc-9e64-c53d1c8fd986">
      <InputValue FieldID="1">0000003SS0L5M</InputValue>
    </Lead>
    <Lead CaseKey="0000003ST0L5M" ID="7979cbee-d57e-4c27-beed-2ea2e425278b">
      <InputValue FieldID="1">0000003ST0L5M</InputValue>
    </Lead>
    <Lead CaseKey="0000003SV0L5M" ID="e55c027d-4171-4402-a4d2-f4cf976f0afc">
      <InputValue FieldID="1">0000003SV0L5M</InputValue>
    </Lead>
    <Lead CaseKey="0000003SW0L5M" ID="172597cb-81cb-4c22-a356-62a301ad81c8">
      <InputValue FieldID="1">0000003SW0L5M</InputValue>
    </Lead>
    <Lead CaseKey="0000003SX0L5M" ID="79490c2d-407e-4ba2-847c-5e403e9f44c6">
      <InputValue FieldID="1">0000003SX0L5M</InputValue>
    </Lead>
    <Lead CaseKey="0000003SY0L5M" ID="2b730bd2-578f-434c-a77d-3b697fca42a7">
      <InputValue FieldID="1">0000003SY0L5M</InputValue>
    </Lead>
    <Lead CaseKey="0000003SZ0L5M" ID="b222ec7d-85cc-4b26-ab17-4ff0224d54e9">
      <InputValue FieldID="1">0000003SZ0L5M</InputValue>
    </Lead>
    <Lead CaseKey="0000003T00L5M" ID="69da5d16-6e92-4ce5-b980-73a03f370a9b">
      <InputValue FieldID="1">0000003T00L5M</InputValue>
    </Lead>
    <Lead CaseKey="0000003T10L5M" ID="32343378-6024-48d0-a605-bec42873de60">
      <InputValue FieldID="1">0000003T10L5M</InputValue>
    </Lead>
    <Lead CaseKey="0000003T20L5M" ID="7dec848e-0213-4eb7-a96f-dd263cefc1af">
      <InputValue FieldID="1">0000003T20L5M</InputValue>
    </Lead>
    <Lead CaseKey="0000003T30L5M" ID="acaa24a6-9ea2-41a4-aa35-a4628453590c">
      <InputValue FieldID="1">0000003T30L5M</InputValue>
    </Lead>
    <Lead CaseKey="0000003T40L5M" ID="46688b54-2167-425d-bc13-e93cff09322a">
      <InputValue FieldID="1">0000003T40L5M</InputValue>
    </Lead>
    <Lead CaseKey="0000003T50L5M" ID="b3cb8d05-3039-4e2a-8829-8cb08ab1ee3d">
      <InputValue FieldID="1">0000003T50L5M</InputValue>
    </Lead>
    <Lead CaseKey="0000003T60L5M" ID="82c5594d-1b21-43d8-937f-991b711eb906">
      <InputValue FieldID="1">0000003T60L5M</InputValue>
    </Lead>
    <Lead CaseKey="0000003T70L5M" ID="e83f7b6d-3ead-4343-aab3-ddaec9a25210">
      <InputValue FieldID="1">0000003T70L5M</InputValue>
    </Lead>
    <Lead CaseKey="0000003T80L5M" ID="71280726-38b9-4508-a36f-83ea71fb7b7a">
      <InputValue FieldID="1">0000003T80L5M</InputValue>
    </Lead>
    <Lead CaseKey="0000003T90L5M" ID="c2b1ec23-9dca-4a04-82a1-99a252b942f4">
      <InputValue FieldID="1">0000003T90L5M</InputValue>
    </Lead>
    <Lead CaseKey="0000003TB0L5M" ID="433691d2-23b1-4c65-809d-b418dd58a624">
      <InputValue FieldID="1">0000003TB0L5M</InputValue>
    </Lead>
    <Lead CaseKey="0000003TC0L5M" ID="e5ebde5e-9546-4153-9ec6-5bc4160ca42a">
      <InputValue FieldID="1">0000003TC0L5M</InputValue>
    </Lead>
    <Lead CaseKey="0000003TD0L5M" ID="70f32b5f-7d06-4dbb-8b29-f67afc6ec1d3">
      <InputValue FieldID="1">0000003TD0L5M</InputValue>
    </Lead>
    <Lead CaseKey="0000003TF0L5M" ID="8a395dea-ddef-4962-99ff-1606694fa60d">
      <InputValue FieldID="1">0000003TF0L5M</InputValue>
    </Lead>
    <Lead CaseKey="0000003TG0L5M" ID="b3679919-479a-4de2-b725-b977b51a8eb2">
      <InputValue FieldID="1">0000003TG0L5M</InputValue>
    </Lead>
    <Lead CaseKey="0000003TH0L5M" ID="27b0474e-cf75-4618-b134-b93f0e66d19d">
      <InputValue FieldID="1">0000003TH0L5M</InputValue>
    </Lead>
    <Lead CaseKey="0000003TJ0L5M" ID="f9c7badf-d9a3-492d-a1f7-c8d5830f3ec1">
      <InputValue FieldID="1">0000003TJ0L5M</InputValue>
    </Lead>
    <Lead CaseKey="0000003TK0L5M" ID="3597675f-8de5-42e8-847d-f0331c756681">
      <InputValue FieldID="1">0000003TK0L5M</InputValue>
    </Lead>
    <Lead CaseKey="0000003TL0L5M" ID="9840aea7-4367-438f-96b8-218ad3325d35">
      <InputValue FieldID="1">0000003TL0L5M</InputValue>
    </Lead>
    <Lead CaseKey="0000003TM0L5M" ID="fdd32a74-8546-4895-abc6-de19d07f270a">
      <InputValue FieldID="1">0000003TM0L5M</InputValue>
    </Lead>
    <Lead CaseKey="0000003TN0L5M" ID="3af7b2e6-d6b1-452e-a9ea-f562ab26b163">
      <InputValue FieldID="1">0000003TN0L5M</InputValue>
    </Lead>
    <Lead CaseKey="0000003TP0L5M" ID="043b7625-f772-4ecc-acf6-cb620acdbf04">
      <InputValue FieldID="1">0000003TP0L5M</InputValue>
    </Lead>
    <Lead CaseKey="0000003TQ0L5M" ID="91112039-061c-4a46-8b7a-48773727c7f9">
      <InputValue FieldID="1">0000003TQ0L5M</InputValue>
    </Lead>
    <Lead CaseKey="0000003TR0L5M" ID="9f605299-2ab8-43e6-bdfa-47f56567d16a">
      <InputValue FieldID="1">0000003TR0L5M</InputValue>
    </Lead>
    <Lead CaseKey="0000003TS0L5M" ID="71cd70c7-04b7-4b36-b3e7-3e1f8f1a6e47">
      <InputValue FieldID="1">0000003TS0L5M</InputValue>
    </Lead>
    <Lead CaseKey="0000003TT0L5M" ID="6fcce664-0074-4dc2-97bb-f0ddfa776bd6">
      <InputValue FieldID="1">0000003TT0L5M</InputValue>
    </Lead>
    <Lead CaseKey="0000003TV0L5M" ID="db644cec-a2fe-4dbc-945c-b4763e3a8205">
      <InputValue FieldID="1">0000003TV0L5M</InputValue>
    </Lead>
    <Lead CaseKey="0000003TW0L5M" ID="1090c79c-6ad5-4405-a707-d50570fa0556">
      <InputValue FieldID="1">0000003TW0L5M</InputValue>
    </Lead>
    <Lead CaseKey="0000003TX0L5M" ID="6d45dcb9-5628-4755-a3d7-2eab31f94225">
      <InputValue FieldID="1">0000003TX0L5M</InputValue>
    </Lead>
    <Lead CaseKey="0000003TY0L5M" ID="cef16a5e-4118-4eba-a1cb-96ef5db3368f">
      <InputValue FieldID="1">0000003TY0L5M</InputValue>
    </Lead>
    <Lead CaseKey="0000003TZ0L5M" ID="22228777-dcae-4600-972b-315a450bf2e8">
      <InputValue FieldID="1">0000003TZ0L5M</InputValue>
    </Lead>
    <Lead CaseKey="0000003V00L5M" ID="7f37ab0e-809b-4aaf-a969-77f29ad637db">
      <InputValue FieldID="1">0000003V00L5M</InputValue>
    </Lead>
    <Lead CaseKey="0000003V10L5M" ID="8b30e3b5-403f-4ff7-8801-235597ad3a85">
      <InputValue FieldID="1">0000003V10L5M</InputValue>
    </Lead>
  </LeadList>
</Root>