﻿<?xml version="1.0" encoding="utf-8" standalone="yes"?>
<Root xmlns="http://risk.regn.net/LeadList" xmlns:xsi="http://www.w3.org/2001/XMLSchema-instance" xmlns:xsd="http://www.w3.org/2001/XMLSchema" Source="http://casesearch.courts.state.md.us/casesearch/" SearchPageIdentifierPattern="" CollectionComplete="false" ID="eab71fdb-81d6-4fb2-8e69-979c36c6659b" MultiplePageCollection="true" TimeDelayAfterPageLoad="0" DuplicateLinkChecking="false">
  <Navigation>
    <InitialNavigation>
      <Page Order="1" SourceUri="http://casesearch.courts.state.md.us/casesearch/" />
    </InitialNavigation>
  </Navigation>
  <LeadList>
    <Lead CaseKey="00000011Q0M5P" ID="94bea690-5e6d-45bb-948f-7e404ab4e9a7">
      <InputValue FieldID="1">00000011Q0M5P</InputValue>
    </Lead>
    <Lead CaseKey="00000011R0ACV" ID="447059be-1801-49fe-a57e-e75bacb87220">
      <InputValue FieldID="1">00000011R0ACV</InputValue>
    </Lead>
    <Lead CaseKey="00000011R0L2N" ID="2c0c24c9-3544-4baf-8ec9-f32b54b62b59">
      <InputValue FieldID="1">00000011R0L2N</InputValue>
    </Lead>
    <Lead CaseKey="00000011R0M5P" ID="a7026103-ea34-4cd6-8d69-aea47a22d1db">
      <InputValue FieldID="1">00000011R0M5P</InputValue>
    </Lead>
    <Lead CaseKey="00000011S0ACV" ID="afde3ed1-45fa-4814-bee0-b2d7f4b48c51">
      <InputValue FieldID="1">00000011S0ACV</InputValue>
    </Lead>
    <Lead CaseKey="00000011S0L2N" ID="c23fc3b8-da62-403d-b3c7-e07ab0721990">
      <InputValue FieldID="1">00000011S0L2N</InputValue>
    </Lead>
    <Lead CaseKey="00000011S0M5P" ID="0cb5d6ec-ab50-4a4d-bce3-3df1cfceef8f">
      <InputValue FieldID="1">00000011S0M5P</InputValue>
    </Lead>
    <Lead CaseKey="00000011T0L2N" ID="024bf7f2-c20a-4c77-abe3-85b433dae8cf">
      <InputValue FieldID="1">00000011T0L2N</InputValue>
    </Lead>
    <Lead CaseKey="00000011T0M5P" ID="9b7ee587-69d0-4779-a9cb-9d6a147be550">
      <InputValue FieldID="1">00000011T0M5P</InputValue>
    </Lead>
    <Lead CaseKey="00000011V0L2N" ID="c4e592bf-f25c-49ac-9f71-ee3265c16cd4">
      <InputValue FieldID="1">00000011V0L2N</InputValue>
    </Lead>
    <Lead CaseKey="00000011V0M5P" ID="1b61400d-d5e2-43b8-a0fb-808503913ae3">
      <InputValue FieldID="1">00000011V0M5P</InputValue>
    </Lead>
    <Lead CaseKey="00000011W0L2N" ID="53a3cee7-eb1b-4368-bbe4-0882d739134e">
      <InputValue FieldID="1">00000011W0L2N</InputValue>
    </Lead>
    <Lead CaseKey="00000011W0M5P" ID="ef476b35-420d-41a3-aee4-bbe18a9e6109">
      <InputValue FieldID="1">00000011W0M5P</InputValue>
    </Lead>
    <Lead CaseKey="00000011X0L2N" ID="8692200e-bda1-4e6f-a166-8a5ccef5b4a5">
      <InputValue FieldID="1">00000011X0L2N</InputValue>
    </Lead>
    <Lead CaseKey="00000011X0M5P" ID="1c245f49-d4b8-4ec4-a470-39967f0509ec">
      <InputValue FieldID="1">00000011X0M5P</InputValue>
    </Lead>
    <Lead CaseKey="00000011Y0L2N" ID="bbb0958c-a880-4506-bbae-b2761ae2bd92">
      <InputValue FieldID="1">00000011Y0L2N</InputValue>
    </Lead>
    <Lead CaseKey="00000011Y0M5P" ID="668a6ce7-eb97-497e-b688-03fb5986de85">
      <InputValue FieldID="1">00000011Y0M5P</InputValue>
    </Lead>
    <Lead CaseKey="00000011Y0UT5" ID="5f718e87-0e46-437f-a7f0-643452bd1bcf">
      <InputValue FieldID="1">00000011Y0UT5</InputValue>
    </Lead>
    <Lead CaseKey="00000011Z0L2N" ID="7cb4aa32-5134-4879-8092-d30c5b98a4b9">
      <InputValue FieldID="1">00000011Z0L2N</InputValue>
    </Lead>
    <Lead CaseKey="00000011Z0M5P" ID="417d8ac1-333b-493e-95d3-4be8f0ce5f33">
      <InputValue FieldID="1">00000011Z0M5P</InputValue>
    </Lead>
    <Lead CaseKey="0000001200L2N" ID="ed146d67-2272-4195-8e25-0c4d7f6e5490">
      <InputValue FieldID="1">0000001200L2N</InputValue>
    </Lead>
    <Lead CaseKey="0000001200M5P" ID="02557848-ad80-4f11-bf78-6551e9df9a23">
      <InputValue FieldID="1">0000001200M5P</InputValue>
    </Lead>
    <Lead CaseKey="0000001210L2N" ID="0969f4f4-f4eb-411c-a6b7-109e34c36558">
      <InputValue FieldID="1">0000001210L2N</InputValue>
    </Lead>
    <Lead CaseKey="0000001210M5P" ID="89ab364d-7c44-4c76-b34a-ec94c62cf51c">
      <InputValue FieldID="1">0000001210M5P</InputValue>
    </Lead>
    <Lead CaseKey="0000001220L2N" ID="7f3b6960-397a-42e9-890c-3689be74af34">
      <InputValue FieldID="1">0000001220L2N</InputValue>
    </Lead>
    <Lead CaseKey="0000001220M5P" ID="a47ddc9c-23fb-4006-8fc7-71f8a950a3c4">
      <InputValue FieldID="1">0000001220M5P</InputValue>
    </Lead>
    <Lead CaseKey="0000001230L2N" ID="27d2283f-3728-4b48-b45d-cda896c83924">
      <InputValue FieldID="1">0000001230L2N</InputValue>
    </Lead>
    <Lead CaseKey="0000001230M5P" ID="ff177c7c-781b-412e-9303-0527ebe9790d">
      <InputValue FieldID="1">0000001230M5P</InputValue>
    </Lead>
    <Lead CaseKey="0000001240L2N" ID="4f879570-744e-4ad5-9768-ff78d3d16dc1">
      <InputValue FieldID="1">0000001240L2N</InputValue>
    </Lead>
    <Lead CaseKey="0000001240M5P" ID="d28722f5-137f-4875-8ca9-281d306a55cd">
      <InputValue FieldID="1">0000001240M5P</InputValue>
    </Lead>
    <Lead CaseKey="0000001250L2N" ID="4db33a85-5d6f-4e23-99b9-5b9361b450af">
      <InputValue FieldID="1">0000001250L2N</InputValue>
    </Lead>
    <Lead CaseKey="0000001250M5P" ID="46e36de6-4d38-4767-b2eb-8a7d3b3096e0">
      <InputValue FieldID="1">0000001250M5P</InputValue>
    </Lead>
    <Lead CaseKey="0000001260L2N" ID="73c2e662-9e92-4618-804d-c231c2e8bd4e">
      <InputValue FieldID="1">0000001260L2N</InputValue>
    </Lead>
    <Lead CaseKey="0000001260M5P" ID="1d0dca5e-249b-4127-91ee-2e143b87f7e8">
      <InputValue FieldID="1">0000001260M5P</InputValue>
    </Lead>
    <Lead CaseKey="0000001270L2N" ID="26e60c7d-86ee-4795-aa8b-e36e86995f4e">
      <InputValue FieldID="1">0000001270L2N</InputValue>
    </Lead>
    <Lead CaseKey="0000001280L2N" ID="18f16b3c-0b9e-4b9f-80a4-4f58f1bae74e">
      <InputValue FieldID="1">0000001280L2N</InputValue>
    </Lead>
    <Lead CaseKey="0000001280M5P" ID="2c1f2751-834b-4af9-965b-7c21434a15d7">
      <InputValue FieldID="1">0000001280M5P</InputValue>
    </Lead>
    <Lead CaseKey="0000001290M5P" ID="7200e73b-7746-49c3-8d2c-075caaba7b5c">
      <InputValue FieldID="1">0000001290M5P</InputValue>
    </Lead>
    <Lead CaseKey="00000012G0L2N" ID="99b25076-4d1c-4156-8480-255792aedb6b">
      <InputValue FieldID="1">00000012G0L2N</InputValue>
    </Lead>
    <Lead CaseKey="00000012R0NB3" ID="69f36525-83e7-42f0-ad25-95a1214eec30">
      <InputValue FieldID="1">00000012R0NB3</InputValue>
    </Lead>
    <Lead CaseKey="00000012S0NB3" ID="6b771994-bc95-47f2-bd3b-b3cd536e217f">
      <InputValue FieldID="1">00000012S0NB3</InputValue>
    </Lead>
    <Lead CaseKey="00000012T0BQL" ID="ce3566f9-ad54-4b82-a760-a8719909edb3">
      <InputValue FieldID="1">00000012T0BQL</InputValue>
    </Lead>
    <Lead CaseKey="00000012T0NB3" ID="45a97aa0-2740-436d-8243-a63bb68f33ec">
      <InputValue FieldID="1">00000012T0NB3</InputValue>
    </Lead>
    <Lead CaseKey="00000012V0BQL" ID="b36c220e-01bb-4b12-abf1-337eb3a693d9">
      <InputValue FieldID="1">00000012V0BQL</InputValue>
    </Lead>
    <Lead CaseKey="00000012V0NB3" ID="56cac348-a317-4998-914e-dc29521ff63c">
      <InputValue FieldID="1">00000012V0NB3</InputValue>
    </Lead>
    <Lead CaseKey="00000012W0BQL" ID="fac5da1b-64b7-4daa-868f-24fd369455a4">
      <InputValue FieldID="1">00000012W0BQL</InputValue>
    </Lead>
    <Lead CaseKey="00000012X0BQL" ID="3f7e7908-b7f0-4b4c-b80b-3aaa445eaa20">
      <InputValue FieldID="1">00000012X0BQL</InputValue>
    </Lead>
    <Lead CaseKey="00000012Y0BQL" ID="612e1290-0b9d-4c6e-8d91-af730aece4c1">
      <InputValue FieldID="1">00000012Y0BQL</InputValue>
    </Lead>
    <Lead CaseKey="00000012Z0BQL" ID="01e47dcf-65cf-4eb4-84a9-4ac754641e31">
      <InputValue FieldID="1">00000012Z0BQL</InputValue>
    </Lead>
    <Lead CaseKey="0000001300BQL" ID="af13731b-94e9-4954-b228-e350b016ec9f">
      <InputValue FieldID="1">0000001300BQL</InputValue>
    </Lead>
    <Lead CaseKey="0000001310BQL" ID="d9084e84-cd8f-427c-94bd-2a67fa8fdfbc">
      <InputValue FieldID="1">0000001310BQL</InputValue>
    </Lead>
    <Lead CaseKey="0000001320BQL" ID="384df9b1-e3d9-4e32-8c3f-10920580ae7c">
      <InputValue FieldID="1">0000001320BQL</InputValue>
    </Lead>
    <Lead CaseKey="0000001330BQL" ID="059a6d7f-59fb-483a-82e6-4b32dfb39de9">
      <InputValue FieldID="1">0000001330BQL</InputValue>
    </Lead>
    <Lead CaseKey="0000001340BQL" ID="81c0a326-490e-46d3-95e3-e0020bbf1f9b">
      <InputValue FieldID="1">0000001340BQL</InputValue>
    </Lead>
    <Lead CaseKey="0000001340CZ3" ID="4d18bbc1-5fb7-4fe6-a7f8-87e8cde73659">
      <InputValue FieldID="1">0000001340CZ3</InputValue>
    </Lead>
    <Lead CaseKey="0000001350BQL" ID="53e5874a-2a2d-41b1-a119-fb791b1440d6">
      <InputValue FieldID="1">0000001350BQL</InputValue>
    </Lead>
    <Lead CaseKey="0000001350CZ3" ID="afdc1d1b-124b-41d2-bf85-84f0beaa71ec">
      <InputValue FieldID="1">0000001350CZ3</InputValue>
    </Lead>
    <Lead CaseKey="0000001360BQL" ID="4343ca91-e738-4f4f-9e1c-998eaf5942a4">
      <InputValue FieldID="1">0000001360BQL</InputValue>
    </Lead>
    <Lead CaseKey="0000001360CZ3" ID="57daa075-4be1-48cd-8ea5-1e57af80219d">
      <InputValue FieldID="1">0000001360CZ3</InputValue>
    </Lead>
    <Lead CaseKey="0000001370BQL" ID="33599575-0409-4a8b-a55d-84d6a8bbe02f">
      <InputValue FieldID="1">0000001370BQL</InputValue>
    </Lead>
    <Lead CaseKey="0000001370CZ3" ID="1cdb69a0-defd-4682-968c-d52d10e79b46">
      <InputValue FieldID="1">0000001370CZ3</InputValue>
    </Lead>
    <Lead CaseKey="0000001380BQL" ID="2e87e871-5137-4c9a-9a51-4986ea4ecc47">
      <InputValue FieldID="1">0000001380BQL</InputValue>
    </Lead>
    <Lead CaseKey="0000001380CZ3" ID="8684dd52-c4ae-4da0-9306-d58b5b8d5c0c">
      <InputValue FieldID="1">0000001380CZ3</InputValue>
    </Lead>
    <Lead CaseKey="0000001390BQL" ID="134f1257-72a4-4582-8fab-b4a275f15d65">
      <InputValue FieldID="1">0000001390BQL</InputValue>
    </Lead>
    <Lead CaseKey="0000001390CZ3" ID="f5d43d80-b70c-4f96-affc-4c25ff80fc3d">
      <InputValue FieldID="1">0000001390CZ3</InputValue>
    </Lead>
    <Lead CaseKey="00000013B0BQL" ID="b8b53229-ad38-4711-a76e-53ae1a7ae998">
      <InputValue FieldID="1">00000013B0BQL</InputValue>
    </Lead>
    <Lead CaseKey="00000013B0CZ3" ID="c0d2aa46-08de-4f8d-8380-19759349f37c">
      <InputValue FieldID="1">00000013B0CZ3</InputValue>
    </Lead>
    <Lead CaseKey="00000013C0BQL" ID="7c10874c-20c3-47dc-a314-56273199f34d">
      <InputValue FieldID="1">00000013C0BQL</InputValue>
    </Lead>
    <Lead CaseKey="00000013C0CZ3" ID="a9f0ed5b-b4e2-40e4-a508-0b9d74adfd8b">
      <InputValue FieldID="1">00000013C0CZ3</InputValue>
    </Lead>
    <Lead CaseKey="00000013D0BQL" ID="4c75e835-d381-456b-ad35-1d0677c4a26f">
      <InputValue FieldID="1">00000013D0BQL</InputValue>
    </Lead>
    <Lead CaseKey="00000013F0BQL" ID="2203a863-3676-4814-bf12-67e4fb80b095">
      <InputValue FieldID="1">00000013F0BQL</InputValue>
    </Lead>
    <Lead CaseKey="00000013G0BQL" ID="6a87dd90-5b0f-4189-8fa4-c28888732b5c">
      <InputValue FieldID="1">00000013G0BQL</InputValue>
    </Lead>
    <Lead CaseKey="00000013H0BQL" ID="50444396-bf70-4c82-a040-78ff246cb74f">
      <InputValue FieldID="1">00000013H0BQL</InputValue>
    </Lead>
    <Lead CaseKey="00000013J0BQL" ID="d459b4e2-0735-4d29-9009-331a0386934a">
      <InputValue FieldID="1">00000013J0BQL</InputValue>
    </Lead>
    <Lead CaseKey="00000013K0BQL" ID="60e1e05b-b3a6-4ec8-9b23-14bd83d4a89d">
      <InputValue FieldID="1">00000013K0BQL</InputValue>
    </Lead>
    <Lead CaseKey="00000013L0BQL" ID="0faa997e-6e72-406a-9ffa-f0c9c8027353">
      <InputValue FieldID="1">00000013L0BQL</InputValue>
    </Lead>
    <Lead CaseKey="00000013M0BQL" ID="f7b97a80-234f-4c7b-ae4b-698f097124e2">
      <InputValue FieldID="1">00000013M0BQL</InputValue>
    </Lead>
    <Lead CaseKey="00000013N0BQL" ID="f8b61bf9-1785-4712-a25b-3c0083b8b9b0">
      <InputValue FieldID="1">00000013N0BQL</InputValue>
    </Lead>
    <Lead CaseKey="00000013P0BQL" ID="76096725-270a-464d-af65-1d4486b79476">
      <InputValue FieldID="1">00000013P0BQL</InputValue>
    </Lead>
    <Lead CaseKey="00000013Q0BQL" ID="42420236-cb5b-4b1f-9c96-007444b1b4e6">
      <InputValue FieldID="1">00000013Q0BQL</InputValue>
    </Lead>
    <Lead CaseKey="00000013R0BQL" ID="398dd636-425f-4077-90bf-5fac4a6ca3da">
      <InputValue FieldID="1">00000013R0BQL</InputValue>
    </Lead>
    <Lead CaseKey="00000013S0BQL" ID="c086c190-e487-4e6b-aeeb-6865bb10b104">
      <InputValue FieldID="1">00000013S0BQL</InputValue>
    </Lead>
    <Lead CaseKey="00000013T0BQL" ID="adde0d1d-268d-48a0-bb4b-45d753cb8bf6">
      <InputValue FieldID="1">00000013T0BQL</InputValue>
    </Lead>
    <Lead CaseKey="00000013V0BQL" ID="9dc38151-d71d-4411-a713-71e29acd84bd">
      <InputValue FieldID="1">00000013V0BQL</InputValue>
    </Lead>
    <Lead CaseKey="00000013W0V6W" ID="f4700bff-68e7-43a6-b147-c24035a019f9">
      <InputValue FieldID="1">00000013W0V6W</InputValue>
    </Lead>
    <Lead CaseKey="00000013X0V6W" ID="e8e237b1-35a2-45c9-9aec-835ad9a48606">
      <InputValue FieldID="1">00000013X0V6W</InputValue>
    </Lead>
    <Lead CaseKey="00000013Y0BQL" ID="9c4a4860-0b73-48f7-b952-437b9479cd5b">
      <InputValue FieldID="1">00000013Y0BQL</InputValue>
    </Lead>
    <Lead CaseKey="00000013Y0V6W" ID="829ea122-a1d4-4a94-8e09-e2ca753ec97a">
      <InputValue FieldID="1">00000013Y0V6W</InputValue>
    </Lead>
    <Lead CaseKey="00000013Z0BQL" ID="20b57ae6-0c9b-4589-962b-9ed2a2592050">
      <InputValue FieldID="1">00000013Z0BQL</InputValue>
    </Lead>
    <Lead CaseKey="00000013Z0V6P" ID="d957f00f-5701-40c0-9d3f-bdaa949f22bd">
      <InputValue FieldID="1">00000013Z0V6P</InputValue>
    </Lead>
    <Lead CaseKey="00000013Z0V6W" ID="dafc4575-1528-4f19-a3b5-1c5178c05201">
      <InputValue FieldID="1">00000013Z0V6W</InputValue>
    </Lead>
    <Lead CaseKey="0000001400BQL" ID="501df6e9-0672-4f82-ba31-61f0b594d473">
      <InputValue FieldID="1">0000001400BQL</InputValue>
    </Lead>
    <Lead CaseKey="0000001400V6P" ID="ae10ea0a-98e2-429a-85e9-983a077f6908">
      <InputValue FieldID="1">0000001400V6P</InputValue>
    </Lead>
    <Lead CaseKey="0000001400V6W" ID="b715457a-81d1-49f0-91eb-7e625e554aaf">
      <InputValue FieldID="1">0000001400V6W</InputValue>
    </Lead>
    <Lead CaseKey="0000001410BQL" ID="5e7c5888-84a0-4e61-93bb-47880bff2c41">
      <InputValue FieldID="1">0000001410BQL</InputValue>
    </Lead>
    <Lead CaseKey="0000001410V6P" ID="e4636e58-edf1-4ed7-b11e-e75bfdd68eb6">
      <InputValue FieldID="1">0000001410V6P</InputValue>
    </Lead>
    <Lead CaseKey="0000001410V6W" ID="a86875aa-636a-4777-a81d-6d2a9c2951a3">
      <InputValue FieldID="1">0000001410V6W</InputValue>
    </Lead>
    <Lead CaseKey="0000001420BQL" ID="97031311-6d80-42cc-ba67-77b22a87d984">
      <InputValue FieldID="1">0000001420BQL</InputValue>
    </Lead>
    <Lead CaseKey="0000001420V6P" ID="6332ae37-77ee-4985-b90b-0eb93ac4cd5f">
      <InputValue FieldID="1">0000001420V6P</InputValue>
    </Lead>
    <Lead CaseKey="0000001420V6W" ID="54cb535d-dbe3-457a-b3ec-51ddaf194fb3">
      <InputValue FieldID="1">0000001420V6W</InputValue>
    </Lead>
    <Lead CaseKey="0000001430BQL" ID="2e6f64c7-3578-4030-a30c-44cd472c5d61">
      <InputValue FieldID="1">0000001430BQL</InputValue>
    </Lead>
    <Lead CaseKey="0000001430V6P" ID="85f206dd-300b-4aa4-8515-09b8bc81da7d">
      <InputValue FieldID="1">0000001430V6P</InputValue>
    </Lead>
    <Lead CaseKey="0000001430V6W" ID="f44168a2-a88a-4b7c-bd70-4e31bec30644">
      <InputValue FieldID="1">0000001430V6W</InputValue>
    </Lead>
    <Lead CaseKey="0000001440BQL" ID="fe92d32e-bccf-46cd-b2ad-7f1363150ad2">
      <InputValue FieldID="1">0000001440BQL</InputValue>
    </Lead>
    <Lead CaseKey="0000001450BQL" ID="ee6c4c22-76d3-4b99-a07c-f0285dc8729e">
      <InputValue FieldID="1">0000001450BQL</InputValue>
    </Lead>
    <Lead CaseKey="0000001460BQL" ID="bec1f048-934c-45aa-ae3d-0278a3a8e60a">
      <InputValue FieldID="1">0000001460BQL</InputValue>
    </Lead>
    <Lead CaseKey="0000001470BQL" ID="d3e1e24e-7eb5-438b-ba00-dc6216756f6f">
      <InputValue FieldID="1">0000001470BQL</InputValue>
    </Lead>
    <Lead CaseKey="0000001490BQL" ID="1b222018-3d3e-45b4-b78a-c3948e1b3f4e">
      <InputValue FieldID="1">0000001490BQL</InputValue>
    </Lead>
    <Lead CaseKey="00000014B0BQL" ID="442db7d8-0d9e-4d9b-beec-9cbff2b6cc4e">
      <InputValue FieldID="1">00000014B0BQL</InputValue>
    </Lead>
    <Lead CaseKey="00000014C0BQL" ID="8c9c6418-0d88-4947-8c84-d7c4cc52a5d6">
      <InputValue FieldID="1">00000014C0BQL</InputValue>
    </Lead>
    <Lead CaseKey="00000014D0BQL" ID="953407b3-8afc-4527-bae9-1587836c3674">
      <InputValue FieldID="1">00000014D0BQL</InputValue>
    </Lead>
    <Lead CaseKey="00000014F0BQL" ID="4e547aac-3d57-4802-be5b-76ee954b5aa7">
      <InputValue FieldID="1">00000014F0BQL</InputValue>
    </Lead>
    <Lead CaseKey="00000014F0V6P" ID="bf80ad70-cfe5-4b3f-80f4-e90b190fec91">
      <InputValue FieldID="1">00000014F0V6P</InputValue>
    </Lead>
    <Lead CaseKey="00000014G0BQL" ID="90be61c4-2231-4161-8a3a-2b511db89a4b">
      <InputValue FieldID="1">00000014G0BQL</InputValue>
    </Lead>
    <Lead CaseKey="00000014G0LM8" ID="20e6e6ef-504e-4e42-98cb-a87c7c130b3d">
      <InputValue FieldID="1">00000014G0LM8</InputValue>
    </Lead>
    <Lead CaseKey="00000014H0BQL" ID="81982ddc-ca60-4a69-b7c7-319ecd6884d8">
      <InputValue FieldID="1">00000014H0BQL</InputValue>
    </Lead>
    <Lead CaseKey="00000014H0LM8" ID="fb27b575-7c28-4ff3-82fe-d42b176f603f">
      <InputValue FieldID="1">00000014H0LM8</InputValue>
    </Lead>
    <Lead CaseKey="00000014J0BQL" ID="1dee1c2c-392b-4544-82e4-9c9d968c64a6">
      <InputValue FieldID="1">00000014J0BQL</InputValue>
    </Lead>
    <Lead CaseKey="00000014J0LM8" ID="775e8cda-7efb-42b4-b60e-962272740179">
      <InputValue FieldID="1">00000014J0LM8</InputValue>
    </Lead>
    <Lead CaseKey="00000014K0BQL" ID="dee2ba31-1c20-4026-ab9d-fbe27f2139a8">
      <InputValue FieldID="1">00000014K0BQL</InputValue>
    </Lead>
    <Lead CaseKey="00000014K0LM8" ID="31bdef1d-83fa-4db2-abca-ea26db4e4610">
      <InputValue FieldID="1">00000014K0LM8</InputValue>
    </Lead>
    <Lead CaseKey="00000014L0BQL" ID="5179bbff-20b2-4a11-b6b1-ef5a45ef8ba3">
      <InputValue FieldID="1">00000014L0BQL</InputValue>
    </Lead>
    <Lead CaseKey="00000014L0LM8" ID="59642802-bbad-4946-970b-7e5551952780">
      <InputValue FieldID="1">00000014L0LM8</InputValue>
    </Lead>
    <Lead CaseKey="00000014M0BQL" ID="ca33b04b-2cb1-4a57-a47a-81465cc700f2">
      <InputValue FieldID="1">00000014M0BQL</InputValue>
    </Lead>
    <Lead CaseKey="00000014M0LM8" ID="3cbf9598-f8e5-4648-bce9-1c3c13c8ab0d">
      <InputValue FieldID="1">00000014M0LM8</InputValue>
    </Lead>
    <Lead CaseKey="00000014N0BQL" ID="16a2979a-20eb-4692-bd68-a0d4212e477c">
      <InputValue FieldID="1">00000014N0BQL</InputValue>
    </Lead>
    <Lead CaseKey="00000014N0LM8" ID="a1cf9aa3-1086-441b-be5a-5a9408258d6f">
      <InputValue FieldID="1">00000014N0LM8</InputValue>
    </Lead>
    <Lead CaseKey="00000014P0BQL" ID="7a846a1c-52c7-4ce1-8b7f-0639db1f868d">
      <InputValue FieldID="1">00000014P0BQL</InputValue>
    </Lead>
    <Lead CaseKey="00000014P0LM8" ID="94bcf3a9-95f5-4a60-ad1d-3356234e879d">
      <InputValue FieldID="1">00000014P0LM8</InputValue>
    </Lead>
    <Lead CaseKey="00000014P0V6W" ID="fb5d97ee-6357-4cfc-85ad-101cce4c2e97">
      <InputValue FieldID="1">00000014P0V6W</InputValue>
    </Lead>
    <Lead CaseKey="00000014Q0BQL" ID="81a315b1-cd16-49d5-8a00-1ed756800c31">
      <InputValue FieldID="1">00000014Q0BQL</InputValue>
    </Lead>
    <Lead CaseKey="00000014Q0LM8" ID="f596962c-2c61-4284-adad-58c83b3c448a">
      <InputValue FieldID="1">00000014Q0LM8</InputValue>
    </Lead>
    <Lead CaseKey="00000014Q0V6W" ID="483b1ac5-599a-467f-9036-a3858a32cf96">
      <InputValue FieldID="1">00000014Q0V6W</InputValue>
    </Lead>
    <Lead CaseKey="00000014R0BQL" ID="ddbab04a-a859-4f61-a5f5-7b91e970450f">
      <InputValue FieldID="1">00000014R0BQL</InputValue>
    </Lead>
    <Lead CaseKey="00000014R0LM8" ID="ab1f1a6e-92bb-41ec-b8cf-61512171c020">
      <InputValue FieldID="1">00000014R0LM8</InputValue>
    </Lead>
    <Lead CaseKey="00000014R0V6W" ID="9f9e5878-597f-4f06-8710-6605250c9d4d">
      <InputValue FieldID="1">00000014R0V6W</InputValue>
    </Lead>
    <Lead CaseKey="00000014S0BQL" ID="109de300-a53e-4006-92a9-c484982b5ca7">
      <InputValue FieldID="1">00000014S0BQL</InputValue>
    </Lead>
    <Lead CaseKey="00000014S0LM8" ID="ab72400e-c8bc-495e-b544-7855d19715af">
      <InputValue FieldID="1">00000014S0LM8</InputValue>
    </Lead>
    <Lead CaseKey="00000014S0V6W" ID="68a6a993-54a2-4ed3-8776-4dcfce0bf6b9">
      <InputValue FieldID="1">00000014S0V6W</InputValue>
    </Lead>
    <Lead CaseKey="00000014T0BQL" ID="010fb0e8-c8a2-4064-bd0c-b170868b34e2">
      <InputValue FieldID="1">00000014T0BQL</InputValue>
    </Lead>
    <Lead CaseKey="00000014T0LM8" ID="1f42f006-f133-4575-96f7-c259ef5f372f">
      <InputValue FieldID="1">00000014T0LM8</InputValue>
    </Lead>
    <Lead CaseKey="00000014T0V6W" ID="36372b5b-3c2c-4afc-93d7-386de9b4b1ce">
      <InputValue FieldID="1">00000014T0V6W</InputValue>
    </Lead>
    <Lead CaseKey="00000014V0BQL" ID="2cc0f20f-4bdb-4140-8398-aa0bd34cd783">
      <InputValue FieldID="1">00000014V0BQL</InputValue>
    </Lead>
    <Lead CaseKey="00000014V0LM8" ID="1ae78c59-cb23-40de-bc25-690e61567ebd">
      <InputValue FieldID="1">00000014V0LM8</InputValue>
    </Lead>
    <Lead CaseKey="00000014V0V6W" ID="f6de950c-076f-42ca-a3e6-3321badbd7fe">
      <InputValue FieldID="1">00000014V0V6W</InputValue>
    </Lead>
    <Lead CaseKey="00000014W0BQL" ID="2f104c0f-25dd-42d2-80a3-61972f465fee">
      <InputValue FieldID="1">00000014W0BQL</InputValue>
    </Lead>
    <Lead CaseKey="00000014W0LM8" ID="fbe94773-3408-4f38-bee9-3bbe69cf8371">
      <InputValue FieldID="1">00000014W0LM8</InputValue>
    </Lead>
    <Lead CaseKey="00000014W0V6W" ID="15dce78b-79f4-4229-82d7-3637e473ec3d">
      <InputValue FieldID="1">00000014W0V6W</InputValue>
    </Lead>
    <Lead CaseKey="00000014X0BQL" ID="8f63d2c4-5bd9-49b0-9d22-7149a6744e79">
      <InputValue FieldID="1">00000014X0BQL</InputValue>
    </Lead>
    <Lead CaseKey="00000014X0LM8" ID="f47818fe-9816-43e4-a239-4430a3373532">
      <InputValue FieldID="1">00000014X0LM8</InputValue>
    </Lead>
    <Lead CaseKey="00000014X0V6W" ID="6b5201de-8fe1-4c68-bc17-16248e1e2360">
      <InputValue FieldID="1">00000014X0V6W</InputValue>
    </Lead>
    <Lead CaseKey="00000014Y0BQL" ID="6d2c08a3-f05a-443e-8ef6-a4a383bc3670">
      <InputValue FieldID="1">00000014Y0BQL</InputValue>
    </Lead>
    <Lead CaseKey="00000014Y0LM8" ID="eebdedc0-29b5-403f-9f75-f3b8bc106ca4">
      <InputValue FieldID="1">00000014Y0LM8</InputValue>
    </Lead>
    <Lead CaseKey="00000014Y0V6W" ID="7b5fa55b-44ae-4792-8778-3e94cc467d1a">
      <InputValue FieldID="1">00000014Y0V6W</InputValue>
    </Lead>
    <Lead CaseKey="00000014Z0BQL" ID="f6f61b0e-b26b-4133-84ba-5f7544884d28">
      <InputValue FieldID="1">00000014Z0BQL</InputValue>
    </Lead>
    <Lead CaseKey="00000014Z0LM8" ID="0fa7c977-3d23-42a8-aa51-1faabe7e7a79">
      <InputValue FieldID="1">00000014Z0LM8</InputValue>
    </Lead>
    <Lead CaseKey="00000014Z0V6W" ID="ff8d8018-12c2-4c53-9758-81c7819a9c8f">
      <InputValue FieldID="1">00000014Z0V6W</InputValue>
    </Lead>
    <Lead CaseKey="0000001500BQL" ID="2272ff71-3674-4d0d-a3cb-1c33369cdbe9">
      <InputValue FieldID="1">0000001500BQL</InputValue>
    </Lead>
    <Lead CaseKey="0000001500LM8" ID="b9f67e23-64a6-4fdd-8481-7eb525e9d495">
      <InputValue FieldID="1">0000001500LM8</InputValue>
    </Lead>
    <Lead CaseKey="0000001500V6W" ID="b9030720-bea3-411e-b9df-ec76f6869fef">
      <InputValue FieldID="1">0000001500V6W</InputValue>
    </Lead>
    <Lead CaseKey="0000001510BQL" ID="2c51e017-f49f-4a89-9b73-e780f6a7a4c8">
      <InputValue FieldID="1">0000001510BQL</InputValue>
    </Lead>
    <Lead CaseKey="0000001510LM8" ID="fe0be3a9-5e4e-4582-b5c1-cd49e188245f">
      <InputValue FieldID="1">0000001510LM8</InputValue>
    </Lead>
    <Lead CaseKey="0000001520BQL" ID="cf1427d8-808a-4999-a233-e379f9235b67">
      <InputValue FieldID="1">0000001520BQL</InputValue>
    </Lead>
    <Lead CaseKey="0000001520LM8" ID="64052bdb-282b-4028-8b78-fa4e3620a41c">
      <InputValue FieldID="1">0000001520LM8</InputValue>
    </Lead>
    <Lead CaseKey="0000001530LM8" ID="7750ca91-435b-43d8-9d77-21e312f79858">
      <InputValue FieldID="1">0000001530LM8</InputValue>
    </Lead>
    <Lead CaseKey="0000001540BQL" ID="a0f66c3b-82e2-4431-8115-39daece69262">
      <InputValue FieldID="1">0000001540BQL</InputValue>
    </Lead>
    <Lead CaseKey="0000001540LM8" ID="ca24bc86-766d-447c-b0f5-c24fcee3361d">
      <InputValue FieldID="1">0000001540LM8</InputValue>
    </Lead>
    <Lead CaseKey="0000001550BQL" ID="5dbd5147-3b1e-42d3-9846-05a03a7fcbfb">
      <InputValue FieldID="1">0000001550BQL</InputValue>
    </Lead>
    <Lead CaseKey="0000001550LM8" ID="59580373-0189-43ea-b1f4-898f76648388">
      <InputValue FieldID="1">0000001550LM8</InputValue>
    </Lead>
    <Lead CaseKey="0000001560BQL" ID="67594eac-9d5c-41fe-9173-04cd8288b452">
      <InputValue FieldID="1">0000001560BQL</InputValue>
    </Lead>
    <Lead CaseKey="0000001560LM8" ID="ad6ae461-45ff-4ee1-981d-8051576f713b">
      <InputValue FieldID="1">0000001560LM8</InputValue>
    </Lead>
    <Lead CaseKey="0000001560V4R" ID="8b63106a-b07b-402e-bde5-2fb199345ff7">
      <InputValue FieldID="1">0000001560V4R</InputValue>
    </Lead>
    <Lead CaseKey="0000001560V6W" ID="1cd0ddfa-7e7a-486b-a62c-a796bb1270e0">
      <InputValue FieldID="1">0000001560V6W</InputValue>
    </Lead>
    <Lead CaseKey="0000001570BQL" ID="ead04fe0-5606-4fde-963b-eb73cd9e45f5">
      <InputValue FieldID="1">0000001570BQL</InputValue>
    </Lead>
    <Lead CaseKey="0000001570LM8" ID="e9f14023-ae2b-48ab-b123-3faf8516a52d">
      <InputValue FieldID="1">0000001570LM8</InputValue>
    </Lead>
    <Lead CaseKey="0000001570V4R" ID="c4123982-3c63-47ce-863e-20dc126bdffd">
      <InputValue FieldID="1">0000001570V4R</InputValue>
    </Lead>
    <Lead CaseKey="0000001570V6W" ID="7cbd7620-d5fd-455a-b24f-0358b2439b34">
      <InputValue FieldID="1">0000001570V6W</InputValue>
    </Lead>
    <Lead CaseKey="0000001580BQL" ID="ab71a031-7cf1-45e1-9ddb-2cfa8665a4ff">
      <InputValue FieldID="1">0000001580BQL</InputValue>
    </Lead>
    <Lead CaseKey="0000001580LM8" ID="af76f62f-8406-4592-ba29-e708d657006c">
      <InputValue FieldID="1">0000001580LM8</InputValue>
    </Lead>
    <Lead CaseKey="0000001580V4R" ID="b4169d6f-0968-4373-a85a-b5b8d6bd4f95">
      <InputValue FieldID="1">0000001580V4R</InputValue>
    </Lead>
    <Lead CaseKey="0000001590BQL" ID="a0034445-0cb7-48c7-997c-cd7d8f65c4c6">
      <InputValue FieldID="1">0000001590BQL</InputValue>
    </Lead>
    <Lead CaseKey="0000001590LM8" ID="5c452e3e-60b0-445c-9072-dec0e6e535cf">
      <InputValue FieldID="1">0000001590LM8</InputValue>
    </Lead>
    <Lead CaseKey="0000001590V4R" ID="02eaaef8-2a37-4d1a-b78b-3fa74bc8e21a">
      <InputValue FieldID="1">0000001590V4R</InputValue>
    </Lead>
    <Lead CaseKey="00000015B0BQL" ID="e8873ccf-9460-442b-b465-097966daeee4">
      <InputValue FieldID="1">00000015B0BQL</InputValue>
    </Lead>
    <Lead CaseKey="00000015B0LM8" ID="78cd68e5-67ea-4e76-99cc-5ef14ddbb579">
      <InputValue FieldID="1">00000015B0LM8</InputValue>
    </Lead>
    <Lead CaseKey="00000015B0V4R" ID="508a65d9-bc98-4e34-acd7-5007e844407f">
      <InputValue FieldID="1">00000015B0V4R</InputValue>
    </Lead>
    <Lead CaseKey="00000015C0BQL" ID="88d08e5a-279b-468f-a428-25731433c730">
      <InputValue FieldID="1">00000015C0BQL</InputValue>
    </Lead>
    <Lead CaseKey="00000015C0LM8" ID="72235f22-a812-44a7-bd60-9064986f9f9b">
      <InputValue FieldID="1">00000015C0LM8</InputValue>
    </Lead>
    <Lead CaseKey="00000015C0V4R" ID="601ebf87-7b55-4ab9-a1a9-9b340138f795">
      <InputValue FieldID="1">00000015C0V4R</InputValue>
    </Lead>
    <Lead CaseKey="00000015D0LM8" ID="b206af57-71f1-4ffd-8104-9074eeb55112">
      <InputValue FieldID="1">00000015D0LM8</InputValue>
    </Lead>
    <Lead CaseKey="00000015D0V4R" ID="4689c16c-88b2-4a2e-a42e-cb3f1d84072a">
      <InputValue FieldID="1">00000015D0V4R</InputValue>
    </Lead>
    <Lead CaseKey="00000015F0LM8" ID="4d3bac31-263c-4085-ade7-4b6a09bab140">
      <InputValue FieldID="1">00000015F0LM8</InputValue>
    </Lead>
    <Lead CaseKey="00000015F0V4R" ID="4a1f9301-c8d6-44f9-9343-a78611f2d6fc">
      <InputValue FieldID="1">00000015F0V4R</InputValue>
    </Lead>
    <Lead CaseKey="00000015G0LM8" ID="afb4c3f7-6b00-42ca-b3a1-3f6af05216ac">
      <InputValue FieldID="1">00000015G0LM8</InputValue>
    </Lead>
    <Lead CaseKey="00000015G0V4R" ID="f2c94aa1-fb24-44de-ace3-b135045c3f63">
      <InputValue FieldID="1">00000015G0V4R</InputValue>
    </Lead>
    <Lead CaseKey="00000015H0LM8" ID="2b453188-b557-48a8-9883-cae6a6d12442">
      <InputValue FieldID="1">00000015H0LM8</InputValue>
    </Lead>
    <Lead CaseKey="00000015H0V4R" ID="1c00ba78-fd06-498b-ac41-4c3a8ccc39d9">
      <InputValue FieldID="1">00000015H0V4R</InputValue>
    </Lead>
    <Lead CaseKey="00000015J0LM8" ID="66f0b81e-60bd-4ada-9399-089bfe759d18">
      <InputValue FieldID="1">00000015J0LM8</InputValue>
    </Lead>
    <Lead CaseKey="00000015J0V4R" ID="b3b4692f-3f46-49b5-8d39-ed2befe5e820">
      <InputValue FieldID="1">00000015J0V4R</InputValue>
    </Lead>
    <Lead CaseKey="00000015K0LM8" ID="4367b095-d124-4f2e-9844-4db0054783a3">
      <InputValue FieldID="1">00000015K0LM8</InputValue>
    </Lead>
    <Lead CaseKey="00000015K0V4R" ID="f1b658ec-fca3-45d5-b4e5-ed65cc46a7af">
      <InputValue FieldID="1">00000015K0V4R</InputValue>
    </Lead>
    <Lead CaseKey="00000015L0LM8" ID="dd488ec2-f9ce-46af-aa00-f061ac03d97d">
      <InputValue FieldID="1">00000015L0LM8</InputValue>
    </Lead>
    <Lead CaseKey="00000015L0V4R" ID="87d2c67c-a205-4e9e-a3e2-722822b084e8">
      <InputValue FieldID="1">00000015L0V4R</InputValue>
    </Lead>
    <Lead CaseKey="00000015M0LM8" ID="1138c7c4-a136-472c-a924-dcb4b9395f0e">
      <InputValue FieldID="1">00000015M0LM8</InputValue>
    </Lead>
    <Lead CaseKey="00000015M0V4R" ID="797977c9-4f22-47d1-b8f1-cb3897529168">
      <InputValue FieldID="1">00000015M0V4R</InputValue>
    </Lead>
    <Lead CaseKey="00000015N0BQL" ID="538f3821-7560-4e33-84a1-a8d7e65db776">
      <InputValue FieldID="1">00000015N0BQL</InputValue>
    </Lead>
    <Lead CaseKey="00000015N0LM8" ID="64151549-5234-49e1-874b-dae5855dcfc9">
      <InputValue FieldID="1">00000015N0LM8</InputValue>
    </Lead>
    <Lead CaseKey="00000015N0V4R" ID="c4b7bdec-3683-4109-886a-f66f8eece7f0">
      <InputValue FieldID="1">00000015N0V4R</InputValue>
    </Lead>
    <Lead CaseKey="00000015P0BQL" ID="e843d690-8e89-4992-8fdc-3d649ff60ea2">
      <InputValue FieldID="1">00000015P0BQL</InputValue>
    </Lead>
    <Lead CaseKey="00000015P0LM8" ID="f6e1652c-a66f-46bf-8500-19b411050fa8">
      <InputValue FieldID="1">00000015P0LM8</InputValue>
    </Lead>
    <Lead CaseKey="00000015P0V4R" ID="28f12b96-a805-463a-9e71-7a19d51f95ad">
      <InputValue FieldID="1">00000015P0V4R</InputValue>
    </Lead>
    <Lead CaseKey="00000015Q0BQL" ID="65be693f-054d-4019-ae3a-1c5dc56ff60a">
      <InputValue FieldID="1">00000015Q0BQL</InputValue>
    </Lead>
    <Lead CaseKey="00000015Q0LM8" ID="40b0c3c8-e51b-4d1b-899e-d198325543f0">
      <InputValue FieldID="1">00000015Q0LM8</InputValue>
    </Lead>
    <Lead CaseKey="00000015Q0V4R" ID="774cb5e3-e996-4b73-9e25-41186ab3dd80">
      <InputValue FieldID="1">00000015Q0V4R</InputValue>
    </Lead>
    <Lead CaseKey="00000015R0BQL" ID="0aa4ea65-63bd-4e2f-91d8-8420e50f4fc1">
      <InputValue FieldID="1">00000015R0BQL</InputValue>
    </Lead>
    <Lead CaseKey="00000015R0LM8" ID="9385de25-cdce-4e52-a090-a61e4c46878b">
      <InputValue FieldID="1">00000015R0LM8</InputValue>
    </Lead>
    <Lead CaseKey="00000015R0V4R" ID="2e396c7c-1e07-4913-838e-32f5d50daa93">
      <InputValue FieldID="1">00000015R0V4R</InputValue>
    </Lead>
    <Lead CaseKey="00000015S0BQL" ID="87bb5725-3f24-4d3d-a216-3bc1d0cc301d">
      <InputValue FieldID="1">00000015S0BQL</InputValue>
    </Lead>
    <Lead CaseKey="00000015S0LM8" ID="bbc7d04e-3208-41cd-b161-5288df4edadf">
      <InputValue FieldID="1">00000015S0LM8</InputValue>
    </Lead>
    <Lead CaseKey="00000015S0V4R" ID="337950f9-61d4-4fd7-a189-9ad3ca18d115">
      <InputValue FieldID="1">00000015S0V4R</InputValue>
    </Lead>
    <Lead CaseKey="00000015T0LM8" ID="fd0a093b-52e3-4bf3-9873-12a13edbc460">
      <InputValue FieldID="1">00000015T0LM8</InputValue>
    </Lead>
    <Lead CaseKey="00000015T0V4R" ID="a198a44c-5453-4a5d-bd9c-bbab65ec55f7">
      <InputValue FieldID="1">00000015T0V4R</InputValue>
    </Lead>
    <Lead CaseKey="00000015V0LM8" ID="545fa5c0-87dd-40b7-bb8c-f93194714e02">
      <InputValue FieldID="1">00000015V0LM8</InputValue>
    </Lead>
    <Lead CaseKey="00000015V0V4R" ID="f5d154d9-55a1-4586-ac75-7d7433c18cb7">
      <InputValue FieldID="1">00000015V0V4R</InputValue>
    </Lead>
    <Lead CaseKey="00000015W0LM8" ID="9455ccd2-527e-49dc-af5d-b5e160223e26">
      <InputValue FieldID="1">00000015W0LM8</InputValue>
    </Lead>
    <Lead CaseKey="00000015W0V4R" ID="25c2961a-4845-4d53-92d3-425bda522cb2">
      <InputValue FieldID="1">00000015W0V4R</InputValue>
    </Lead>
    <Lead CaseKey="00000015X0LM8" ID="155c2ada-706a-4032-98cf-212867205bee">
      <InputValue FieldID="1">00000015X0LM8</InputValue>
    </Lead>
    <Lead CaseKey="00000015X0V4R" ID="e0b0fb6c-18c9-414f-ba22-e6889c627041">
      <InputValue FieldID="1">00000015X0V4R</InputValue>
    </Lead>
    <Lead CaseKey="00000015Y0LM8" ID="01bb3dee-e775-4be4-a0ea-fba2c78ae4f2">
      <InputValue FieldID="1">00000015Y0LM8</InputValue>
    </Lead>
    <Lead CaseKey="00000015Y0V4R" ID="381f1fed-4d9a-404e-a93a-be541366c502">
      <InputValue FieldID="1">00000015Y0V4R</InputValue>
    </Lead>
    <Lead CaseKey="00000015Z0LM8" ID="7bb366b0-be12-4453-b847-8b195d8be7a2">
      <InputValue FieldID="1">00000015Z0LM8</InputValue>
    </Lead>
    <Lead CaseKey="00000015Z0V4R" ID="fa3bf6d0-1751-4d85-85b0-07f65b73ce5e">
      <InputValue FieldID="1">00000015Z0V4R</InputValue>
    </Lead>
    <Lead CaseKey="0000001600LM8" ID="f96f320c-f14c-434c-abb3-477d4f0567a0">
      <InputValue FieldID="1">0000001600LM8</InputValue>
    </Lead>
    <Lead CaseKey="0000001610BQL" ID="4de62a4c-c9bd-4759-9f64-d9f8beb2ac2c">
      <InputValue FieldID="1">0000001610BQL</InputValue>
    </Lead>
    <Lead CaseKey="0000001610LM8" ID="07863a65-d542-41f3-a218-74c295cb1d11">
      <InputValue FieldID="1">0000001610LM8</InputValue>
    </Lead>
    <Lead CaseKey="0000001620BQL" ID="feb5dca3-7f2a-4df8-be5f-a745bbf2d743">
      <InputValue FieldID="1">0000001620BQL</InputValue>
    </Lead>
    <Lead CaseKey="0000001620LM8" ID="e7637e86-b99e-4587-a1ed-55a1fa656d6a">
      <InputValue FieldID="1">0000001620LM8</InputValue>
    </Lead>
    <Lead CaseKey="0000001630LM8" ID="e4f48dbe-d08d-4805-b934-ed5e7fb10eb5">
      <InputValue FieldID="1">0000001630LM8</InputValue>
    </Lead>
    <Lead CaseKey="0000001640BKL" ID="711adf32-dc02-476c-bca7-1a6a791f47c4">
      <InputValue FieldID="1">0000001640BKL</InputValue>
    </Lead>
    <Lead CaseKey="0000001640LM8" ID="8fd2d549-aaa4-4bb3-bea6-9b910b673e76">
      <InputValue FieldID="1">0000001640LM8</InputValue>
    </Lead>
    <Lead CaseKey="0000001650BKL" ID="8b594068-32be-43f1-bf2d-9753f4a6345d">
      <InputValue FieldID="1">0000001650BKL</InputValue>
    </Lead>
    <Lead CaseKey="0000001650LM8" ID="f624d647-9d9b-4eb9-b4f2-6317445ad367">
      <InputValue FieldID="1">0000001650LM8</InputValue>
    </Lead>
    <Lead CaseKey="0000001660BKL" ID="610bb88e-e591-41f0-8938-81815510df19">
      <InputValue FieldID="1">0000001660BKL</InputValue>
    </Lead>
    <Lead CaseKey="0000001660LM8" ID="ce6b1a86-fba0-4698-8c03-7ffa66f237f0">
      <InputValue FieldID="1">0000001660LM8</InputValue>
    </Lead>
    <Lead CaseKey="0000001670BKL" ID="4a5ed29a-bc56-47da-b81b-43d92f199dca">
      <InputValue FieldID="1">0000001670BKL</InputValue>
    </Lead>
    <Lead CaseKey="0000001670LM8" ID="3eb1728d-7ed1-4d4b-9651-0b87d0f9d07d">
      <InputValue FieldID="1">0000001670LM8</InputValue>
    </Lead>
    <Lead CaseKey="0000001680BKL" ID="0bd309ed-6736-472c-b9a5-66bfb0f5da22">
      <InputValue FieldID="1">0000001680BKL</InputValue>
    </Lead>
    <Lead CaseKey="0000001680LM8" ID="3af29288-1811-48f1-9fe7-37440dce4186">
      <InputValue FieldID="1">0000001680LM8</InputValue>
    </Lead>
    <Lead CaseKey="0000001680V4R" ID="ac64cc3c-e559-4863-8c79-12bc6556cbc5">
      <InputValue FieldID="1">0000001680V4R</InputValue>
    </Lead>
    <Lead CaseKey="0000001690BKL" ID="ca51a59a-4fff-40b5-86ee-9e3f1c6a533a">
      <InputValue FieldID="1">0000001690BKL</InputValue>
    </Lead>
    <Lead CaseKey="0000001690C4V" ID="93c5ca6d-0640-4ed7-b2ca-25824b367ee1">
      <InputValue FieldID="1">0000001690C4V</InputValue>
    </Lead>
    <Lead CaseKey="0000001690LM8" ID="fa55dd8c-482c-4f70-8bef-f5b52c821c75">
      <InputValue FieldID="1">0000001690LM8</InputValue>
    </Lead>
    <Lead CaseKey="0000001690V4R" ID="79866311-e724-4cb9-8390-83048ba9a97e">
      <InputValue FieldID="1">0000001690V4R</InputValue>
    </Lead>
    <Lead CaseKey="00000016B0BKL" ID="51ee9c41-989b-457e-bcea-ce8f7896b279">
      <InputValue FieldID="1">00000016B0BKL</InputValue>
    </Lead>
    <Lead CaseKey="00000016B0C4V" ID="cd965c68-33e6-4cc2-a0d4-8fc2348203ba">
      <InputValue FieldID="1">00000016B0C4V</InputValue>
    </Lead>
    <Lead CaseKey="00000016B0LM8" ID="69fd39cc-2056-47aa-88a8-c66cf6b6a101">
      <InputValue FieldID="1">00000016B0LM8</InputValue>
    </Lead>
    <Lead CaseKey="00000016B0V4R" ID="14e33a9e-bc46-4642-8967-82874fe7d072">
      <InputValue FieldID="1">00000016B0V4R</InputValue>
    </Lead>
    <Lead CaseKey="00000016C0C4V" ID="21623c1e-1a2b-45ef-910e-d9aa584640a9">
      <InputValue FieldID="1">00000016C0C4V</InputValue>
    </Lead>
    <Lead CaseKey="00000016C0LM8" ID="0a94a850-74de-4030-a07b-657b2a4f3f09">
      <InputValue FieldID="1">00000016C0LM8</InputValue>
    </Lead>
    <Lead CaseKey="00000016C0V4R" ID="c41fe56f-ee61-4c83-b1b5-bb6da504dd54">
      <InputValue FieldID="1">00000016C0V4R</InputValue>
    </Lead>
    <Lead CaseKey="00000016D0BKL" ID="730f9f50-999e-4051-b76f-d5b8c5fdd952">
      <InputValue FieldID="1">00000016D0BKL</InputValue>
    </Lead>
    <Lead CaseKey="00000016D0C4V" ID="4ba07751-eef3-473c-b7ed-3b9888160f40">
      <InputValue FieldID="1">00000016D0C4V</InputValue>
    </Lead>
    <Lead CaseKey="00000016D0LM8" ID="520127fd-c71a-4d97-8bff-b9bfc20899be">
      <InputValue FieldID="1">00000016D0LM8</InputValue>
    </Lead>
    <Lead CaseKey="00000016D0V4R" ID="a532c3c7-6818-48d5-9dd8-fe552bd78bc1">
      <InputValue FieldID="1">00000016D0V4R</InputValue>
    </Lead>
    <Lead CaseKey="00000016F0BKL" ID="6c3059d1-6ac3-439a-95e8-c5c9b036ac82">
      <InputValue FieldID="1">00000016F0BKL</InputValue>
    </Lead>
    <Lead CaseKey="00000016F0C4V" ID="fdad9b15-aec5-4e80-b970-f5adc35c79b3">
      <InputValue FieldID="1">00000016F0C4V</InputValue>
    </Lead>
    <Lead CaseKey="00000016F0LM8" ID="02e1ac9c-c6d7-41fc-a54e-b4bc35943067">
      <InputValue FieldID="1">00000016F0LM8</InputValue>
    </Lead>
    <Lead CaseKey="00000016F0V4R" ID="4a85e087-2666-447c-b315-d866913f9bfd">
      <InputValue FieldID="1">00000016F0V4R</InputValue>
    </Lead>
    <Lead CaseKey="00000016G0LM8" ID="1596c6a6-2426-4c10-8ea5-4bd536649c4a">
      <InputValue FieldID="1">00000016G0LM8</InputValue>
    </Lead>
    <Lead CaseKey="00000016G0V4R" ID="6574ec61-5474-4aae-9b56-ec836a3edb23">
      <InputValue FieldID="1">00000016G0V4R</InputValue>
    </Lead>
    <Lead CaseKey="00000016H0C4V" ID="c4928c81-8769-494b-8fef-2b83cf3c2d8c">
      <InputValue FieldID="1">00000016H0C4V</InputValue>
    </Lead>
    <Lead CaseKey="00000016H0LM8" ID="2c75f68a-54ea-4649-a345-5a134ed8e42d">
      <InputValue FieldID="1">00000016H0LM8</InputValue>
    </Lead>
    <Lead CaseKey="00000016H0V4R" ID="1a774568-64a7-45ab-8453-9068313b1589">
      <InputValue FieldID="1">00000016H0V4R</InputValue>
    </Lead>
    <Lead CaseKey="00000016J0C4V" ID="42abf29d-0cb2-4752-a9a9-f032cea11067">
      <InputValue FieldID="1">00000016J0C4V</InputValue>
    </Lead>
    <Lead CaseKey="00000016J0LM8" ID="bc705ab0-b643-4f2e-8534-ca8a62d3c3cd">
      <InputValue FieldID="1">00000016J0LM8</InputValue>
    </Lead>
    <Lead CaseKey="00000016J0V4R" ID="57ad4536-2122-41b5-a683-5de69fcec480">
      <InputValue FieldID="1">00000016J0V4R</InputValue>
    </Lead>
    <Lead CaseKey="00000016K0C4V" ID="39a0d490-deef-4c22-a810-3caa67f68328">
      <InputValue FieldID="1">00000016K0C4V</InputValue>
    </Lead>
    <Lead CaseKey="00000016K0LM8" ID="7aaba7c5-bcee-4224-b35c-c7e9e45b5907">
      <InputValue FieldID="1">00000016K0LM8</InputValue>
    </Lead>
    <Lead CaseKey="00000016K0V4R" ID="307f46bb-a0e2-4da0-9c72-15dc8a9ede3f">
      <InputValue FieldID="1">00000016K0V4R</InputValue>
    </Lead>
    <Lead CaseKey="00000016L0R63" ID="859fc6d6-aba9-4325-9105-a0400f91d163">
      <InputValue FieldID="1">00000016L0R63</InputValue>
    </Lead>
    <Lead CaseKey="00000016L0V4R" ID="61045786-1737-4111-80c8-9ea522f2fdf5">
      <InputValue FieldID="1">00000016L0V4R</InputValue>
    </Lead>
    <Lead CaseKey="00000016M0R63" ID="31546c2c-833e-4566-bf52-99dbe21bb22a">
      <InputValue FieldID="1">00000016M0R63</InputValue>
    </Lead>
    <Lead CaseKey="00000016M0V4R" ID="d0bcbaed-ec1a-4fc0-9ca5-2b20226584e0">
      <InputValue FieldID="1">00000016M0V4R</InputValue>
    </Lead>
    <Lead CaseKey="00000016N0LM8" ID="87cc155c-f895-4f1c-89cd-f0076c39eb4b">
      <InputValue FieldID="1">00000016N0LM8</InputValue>
    </Lead>
    <Lead CaseKey="00000016N0R63" ID="ad770912-41a8-49ed-960f-b3b220387724">
      <InputValue FieldID="1">00000016N0R63</InputValue>
    </Lead>
    <Lead CaseKey="00000016N0V4R" ID="50ba31bb-bab9-49cb-8a6f-a59bae9894ce">
      <InputValue FieldID="1">00000016N0V4R</InputValue>
    </Lead>
    <Lead CaseKey="00000016P0LM8" ID="a0d10375-190b-4089-9d63-c6bc1b72c3be">
      <InputValue FieldID="1">00000016P0LM8</InputValue>
    </Lead>
    <Lead CaseKey="00000016P0R63" ID="68bef046-384e-4ca1-a394-61f8620d2e3d">
      <InputValue FieldID="1">00000016P0R63</InputValue>
    </Lead>
    <Lead CaseKey="00000016P0V4R" ID="6d3568e4-eeea-4b0e-bac3-ec82c0f0308f">
      <InputValue FieldID="1">00000016P0V4R</InputValue>
    </Lead>
    <Lead CaseKey="00000016Q0LM8" ID="3bfb3f1b-6379-4c30-85c7-0d53a9d885a7">
      <InputValue FieldID="1">00000016Q0LM8</InputValue>
    </Lead>
    <Lead CaseKey="00000016Q0R63" ID="da48b2b2-32fd-418f-803e-f0be7b1679d3">
      <InputValue FieldID="1">00000016Q0R63</InputValue>
    </Lead>
    <Lead CaseKey="00000016Q0V4R" ID="5702302a-ac88-4355-8483-8a96569ef453">
      <InputValue FieldID="1">00000016Q0V4R</InputValue>
    </Lead>
    <Lead CaseKey="00000016R0LM8" ID="022c59b1-b604-4d27-af35-15c492d4c505">
      <InputValue FieldID="1">00000016R0LM8</InputValue>
    </Lead>
    <Lead CaseKey="00000016R0R63" ID="aff5d7a5-bc59-41dd-9059-4cbd5bebd8ed">
      <InputValue FieldID="1">00000016R0R63</InputValue>
    </Lead>
    <Lead CaseKey="00000016R0V4R" ID="180e2f4d-b7a8-4e8a-a15a-fbae64af279f">
      <InputValue FieldID="1">00000016R0V4R</InputValue>
    </Lead>
    <Lead CaseKey="00000016S0LM8" ID="47b634ab-31c4-4569-b868-03f0c5953e06">
      <InputValue FieldID="1">00000016S0LM8</InputValue>
    </Lead>
    <Lead CaseKey="00000016S0R63" ID="d94a94cc-2885-4b27-a5a8-88bed2decb88">
      <InputValue FieldID="1">00000016S0R63</InputValue>
    </Lead>
    <Lead CaseKey="00000016S0V4R" ID="d305de0d-060c-427f-a5f3-31da89fac051">
      <InputValue FieldID="1">00000016S0V4R</InputValue>
    </Lead>
    <Lead CaseKey="00000016T0LM8" ID="22d30fe3-b89d-44fb-abb7-de7f23c33c58">
      <InputValue FieldID="1">00000016T0LM8</InputValue>
    </Lead>
    <Lead CaseKey="00000016T0R63" ID="02c0963f-e043-4093-ac53-d431374054f6">
      <InputValue FieldID="1">00000016T0R63</InputValue>
    </Lead>
    <Lead CaseKey="00000016T0V4R" ID="5f3a2161-c26d-4640-b62e-04d43ffd3d51">
      <InputValue FieldID="1">00000016T0V4R</InputValue>
    </Lead>
    <Lead CaseKey="00000016V0LM8" ID="7f40457c-3da9-468b-803d-15ac0a4ef814">
      <InputValue FieldID="1">00000016V0LM8</InputValue>
    </Lead>
    <Lead CaseKey="00000016V0R63" ID="35463a92-6787-45ca-a3e2-1f8394898c33">
      <InputValue FieldID="1">00000016V0R63</InputValue>
    </Lead>
    <Lead CaseKey="00000016V0V4R" ID="c5ed918a-c59e-4bca-b59a-96cebb80b929">
      <InputValue FieldID="1">00000016V0V4R</InputValue>
    </Lead>
    <Lead CaseKey="00000016W0LM8" ID="fea74bc2-f529-4c96-b261-3e803c97e4ac">
      <InputValue FieldID="1">00000016W0LM8</InputValue>
    </Lead>
    <Lead CaseKey="00000016W0R63" ID="aa044553-9578-4707-ae7b-b44f44ed8f9d">
      <InputValue FieldID="1">00000016W0R63</InputValue>
    </Lead>
    <Lead CaseKey="00000016W0V4R" ID="0029fa57-d819-49f8-9b59-b9abe3b08ca6">
      <InputValue FieldID="1">00000016W0V4R</InputValue>
    </Lead>
    <Lead CaseKey="00000016X0V4R" ID="3ee9ca7d-4f68-4230-b7cb-b58f1a875137">
      <InputValue FieldID="1">00000016X0V4R</InputValue>
    </Lead>
    <Lead CaseKey="00000016Y0V4R" ID="0c17e12c-7a7d-4584-b418-0e383f555b5d">
      <InputValue FieldID="1">00000016Y0V4R</InputValue>
    </Lead>
    <Lead CaseKey="0000001700V4R" ID="e70af1db-62bf-41de-941a-2d761025cb1e">
      <InputValue FieldID="1">0000001700V4R</InputValue>
    </Lead>
    <Lead CaseKey="0000001710V4R" ID="8df5f6b3-66c1-4950-a584-e0c5182530ec">
      <InputValue FieldID="1">0000001710V4R</InputValue>
    </Lead>
    <Lead CaseKey="0000001720V4R" ID="7ebaab8d-02e6-4d43-85cd-06d83abca364">
      <InputValue FieldID="1">0000001720V4R</InputValue>
    </Lead>
    <Lead CaseKey="0000001730V4R" ID="915baead-5ba4-40a2-8158-8be39d250351">
      <InputValue FieldID="1">0000001730V4R</InputValue>
    </Lead>
    <Lead CaseKey="0000001740V4R" ID="a40c79a7-1117-4ec0-963e-b7cc26bc512f">
      <InputValue FieldID="1">0000001740V4R</InputValue>
    </Lead>
    <Lead CaseKey="0000001750V4R" ID="00a1ce09-33b1-4027-ba33-093d39551f25">
      <InputValue FieldID="1">0000001750V4R</InputValue>
    </Lead>
    <Lead CaseKey="0000001760V4R" ID="843b4065-358e-4512-bebb-cbdf87bc38e6">
      <InputValue FieldID="1">0000001760V4R</InputValue>
    </Lead>
    <Lead CaseKey="0000001770V4R" ID="994d0231-412a-4d73-876d-f2b2444a9a47">
      <InputValue FieldID="1">0000001770V4R</InputValue>
    </Lead>
    <Lead CaseKey="0000001780V4R" ID="134400d2-3bfe-4906-8d19-c1dbf8c463c6">
      <InputValue FieldID="1">0000001780V4R</InputValue>
    </Lead>
    <Lead CaseKey="0000001790V4R" ID="4273d3d1-7e3a-4411-9628-e4b62b545da5">
      <InputValue FieldID="1">0000001790V4R</InputValue>
    </Lead>
    <Lead CaseKey="00000017B0V4R" ID="98d8cfbe-3ddf-4d29-af9a-908d01cc625f">
      <InputValue FieldID="1">00000017B0V4R</InputValue>
    </Lead>
    <Lead CaseKey="00000017C0V4R" ID="0b24e976-41a7-4654-943e-7e9862a5c374">
      <InputValue FieldID="1">00000017C0V4R</InputValue>
    </Lead>
    <Lead CaseKey="00000017D0BKL" ID="a7563029-6471-45cb-ab03-2bbc5848677d">
      <InputValue FieldID="1">00000017D0BKL</InputValue>
    </Lead>
    <Lead CaseKey="00000017D0V4R" ID="492f5574-d84c-440b-a000-90b1ffc55437">
      <InputValue FieldID="1">00000017D0V4R</InputValue>
    </Lead>
    <Lead CaseKey="00000017F0BKL" ID="690d5e41-80fc-4593-974d-ffbea669921c">
      <InputValue FieldID="1">00000017F0BKL</InputValue>
    </Lead>
    <Lead CaseKey="00000017F0V4R" ID="4d1303c1-fc8d-422e-8282-9f8364118c5b">
      <InputValue FieldID="1">00000017F0V4R</InputValue>
    </Lead>
    <Lead CaseKey="00000017G0V4R" ID="00726896-609d-4ab4-bd90-ec57df485058">
      <InputValue FieldID="1">00000017G0V4R</InputValue>
    </Lead>
    <Lead CaseKey="00000017H0V4R" ID="d0a7abff-f59c-40cc-90c6-30d43fcc0f25">
      <InputValue FieldID="1">00000017H0V4R</InputValue>
    </Lead>
    <Lead CaseKey="00000017J0V4R" ID="0313671d-a0f8-44a7-9369-9beab8aad63c">
      <InputValue FieldID="1">00000017J0V4R</InputValue>
    </Lead>
    <Lead CaseKey="00000017K0V4R" ID="a88dd2c6-4b16-42de-9656-69922e209663">
      <InputValue FieldID="1">00000017K0V4R</InputValue>
    </Lead>
    <Lead CaseKey="00000017L0V4R" ID="78084071-ac2a-42f1-bb87-1157ba91e80e">
      <InputValue FieldID="1">00000017L0V4R</InputValue>
    </Lead>
    <Lead CaseKey="00000017M0V4R" ID="effef2d7-987f-4960-8f2f-dbab10feed41">
      <InputValue FieldID="1">00000017M0V4R</InputValue>
    </Lead>
    <Lead CaseKey="00000017M0V75" ID="99d73496-66a1-46a1-8518-351a2d43adcd">
      <InputValue FieldID="1">00000017M0V75</InputValue>
    </Lead>
    <Lead CaseKey="00000017N0BKL" ID="0dadb56c-5493-4a57-8292-2fcdbdbf5a03">
      <InputValue FieldID="1">00000017N0BKL</InputValue>
    </Lead>
    <Lead CaseKey="00000017N0V4R" ID="326454ea-d6c6-4f4c-8ac9-14820deb4010">
      <InputValue FieldID="1">00000017N0V4R</InputValue>
    </Lead>
    <Lead CaseKey="00000017N0V75" ID="0ea2c4cc-d3ee-4fd8-9500-db0053479875">
      <InputValue FieldID="1">00000017N0V75</InputValue>
    </Lead>
    <Lead CaseKey="00000017P0BKL" ID="7a40fad2-3e69-46bf-9017-ccad4c8698bb">
      <InputValue FieldID="1">00000017P0BKL</InputValue>
    </Lead>
    <Lead CaseKey="00000017P0V4R" ID="7916386f-06af-4f29-82eb-0f3a5dba30ff">
      <InputValue FieldID="1">00000017P0V4R</InputValue>
    </Lead>
    <Lead CaseKey="00000017P0V75" ID="3dbb2213-763d-4ebd-90df-0229c2010767">
      <InputValue FieldID="1">00000017P0V75</InputValue>
    </Lead>
    <Lead CaseKey="00000017Q0BKL" ID="d09c24b6-4d32-45c7-a03f-bd6fb929625f">
      <InputValue FieldID="1">00000017Q0BKL</InputValue>
    </Lead>
    <Lead CaseKey="00000017R0BKL" ID="913581c2-65c6-4139-9af5-ba5f31e90a76">
      <InputValue FieldID="1">00000017R0BKL</InputValue>
    </Lead>
    <Lead CaseKey="00000017R0V4R" ID="ef0609bc-2000-4bf6-b891-32ac47308eb0">
      <InputValue FieldID="1">00000017R0V4R</InputValue>
    </Lead>
    <Lead CaseKey="00000017S0V4R" ID="10569001-e9c8-4a16-af18-ce6be2fad810">
      <InputValue FieldID="1">00000017S0V4R</InputValue>
    </Lead>
    <Lead CaseKey="00000017T0V4R" ID="a5becb99-8159-4b5d-b4a3-78a0d2aeb47d">
      <InputValue FieldID="1">00000017T0V4R</InputValue>
    </Lead>
    <Lead CaseKey="00000017V0V4R" ID="df522465-2e25-479f-b853-314e41fbb747">
      <InputValue FieldID="1">00000017V0V4R</InputValue>
    </Lead>
    <Lead CaseKey="00000017W0V4R" ID="fb260948-7227-43c4-a6bf-4870c3c54e2c">
      <InputValue FieldID="1">00000017W0V4R</InputValue>
    </Lead>
    <Lead CaseKey="00000017X0V4R" ID="e3d0e193-0f01-40c9-83cc-0df96cbe6751">
      <InputValue FieldID="1">00000017X0V4R</InputValue>
    </Lead>
    <Lead CaseKey="00000017Y0V4R" ID="5d10ee3f-7500-4daa-a4f4-e147758c71b7">
      <InputValue FieldID="1">00000017Y0V4R</InputValue>
    </Lead>
    <Lead CaseKey="00000017Z0V4R" ID="a83ed922-689d-4e11-a6b7-f7a984cc946a">
      <InputValue FieldID="1">00000017Z0V4R</InputValue>
    </Lead>
    <Lead CaseKey="0000001800V4R" ID="1f350748-ea26-4f28-a22f-a14782651b31">
      <InputValue FieldID="1">0000001800V4R</InputValue>
    </Lead>
    <Lead CaseKey="0000001810V4R" ID="3fbd5fc3-3441-4657-a0b4-45a5dee499d3">
      <InputValue FieldID="1">0000001810V4R</InputValue>
    </Lead>
    <Lead CaseKey="0000001820V4R" ID="13b5d9c5-5ba3-4e3d-aefe-99d64d009d4b">
      <InputValue FieldID="1">0000001820V4R</InputValue>
    </Lead>
    <Lead CaseKey="0000001830V4R" ID="2351bb9d-e055-45e8-a1c2-eb2eb415140f">
      <InputValue FieldID="1">0000001830V4R</InputValue>
    </Lead>
    <Lead CaseKey="0000001840V4R" ID="ece92ab3-1252-47a5-af7b-e4286327c0f7">
      <InputValue FieldID="1">0000001840V4R</InputValue>
    </Lead>
    <Lead CaseKey="0000001850V4R" ID="6940976a-4836-4942-af88-26b4bc3ddc93">
      <InputValue FieldID="1">0000001850V4R</InputValue>
    </Lead>
    <Lead CaseKey="0000001860V4R" ID="6b61aa6e-19df-4182-a2b6-d5620255e788">
      <InputValue FieldID="1">0000001860V4R</InputValue>
    </Lead>
    <Lead CaseKey="0000001870V4R" ID="71139f8d-43a0-4f24-8359-4942bc962442">
      <InputValue FieldID="1">0000001870V4R</InputValue>
    </Lead>
    <Lead CaseKey="0000001880V4R" ID="f397dce5-8f79-4c2c-bee0-fa54fa3dbb9d">
      <InputValue FieldID="1">0000001880V4R</InputValue>
    </Lead>
    <Lead CaseKey="0000001890V4R" ID="bb5bbeb2-c6e5-4479-bcac-f2c7af03a563">
      <InputValue FieldID="1">0000001890V4R</InputValue>
    </Lead>
    <Lead CaseKey="00000018B0V4R" ID="bd6def6f-5f24-4950-955c-cc089c590308">
      <InputValue FieldID="1">00000018B0V4R</InputValue>
    </Lead>
    <Lead CaseKey="00000018G0V4R" ID="68498c11-3078-4a2a-b6ac-6c4884d50e6c">
      <InputValue FieldID="1">00000018G0V4R</InputValue>
    </Lead>
    <Lead CaseKey="00000018H0V4R" ID="a966fe9d-713d-412e-a2d1-f06e3986d77a">
      <InputValue FieldID="1">00000018H0V4R</InputValue>
    </Lead>
    <Lead CaseKey="00000018J0V4R" ID="ecfede14-3f2d-417b-8373-ec0c7b8268af">
      <InputValue FieldID="1">00000018J0V4R</InputValue>
    </Lead>
    <Lead CaseKey="00000018R0B61" ID="d332e2f3-cfec-4d38-b953-6ae15c30a1b5">
      <InputValue FieldID="1">00000018R0B61</InputValue>
    </Lead>
    <Lead CaseKey="00000018X0V4R" ID="4cbe3261-f2a5-4bc3-82d1-e9f9a063ed66">
      <InputValue FieldID="1">00000018X0V4R</InputValue>
    </Lead>
    <Lead CaseKey="00000018Y0V4R" ID="91b7b3d4-688e-469b-96b3-0bebdc8a0901">
      <InputValue FieldID="1">00000018Y0V4R</InputValue>
    </Lead>
    <Lead CaseKey="00000018Z0V4R" ID="eec4e786-e35a-49db-99f8-15ade96bdfcc">
      <InputValue FieldID="1">00000018Z0V4R</InputValue>
    </Lead>
    <Lead CaseKey="0000001900V4R" ID="fe365b44-b666-48f9-8c6a-d1b8e214dd99">
      <InputValue FieldID="1">0000001900V4R</InputValue>
    </Lead>
    <Lead CaseKey="0000001910V4R" ID="5e2e396c-3273-4aae-8206-175dcc4ef30e">
      <InputValue FieldID="1">0000001910V4R</InputValue>
    </Lead>
    <Lead CaseKey="0000001920V4R" ID="fb33b28a-19a7-444d-8aef-7e29e5408fa0">
      <InputValue FieldID="1">0000001920V4R</InputValue>
    </Lead>
    <Lead CaseKey="0000001930V4R" ID="cc36284f-0c6d-4801-844e-5bdf0bc402ce">
      <InputValue FieldID="1">0000001930V4R</InputValue>
    </Lead>
    <Lead CaseKey="0000001940V4R" ID="d73fe091-32a0-40e0-91f0-f849b9f40ce5">
      <InputValue FieldID="1">0000001940V4R</InputValue>
    </Lead>
    <Lead CaseKey="0000001950V4R" ID="eb72f077-26d1-42c5-835c-200a4906d41d">
      <InputValue FieldID="1">0000001950V4R</InputValue>
    </Lead>
    <Lead CaseKey="0000001960V4R" ID="2eeb2326-3ba7-4f39-9339-589ac278437d">
      <InputValue FieldID="1">0000001960V4R</InputValue>
    </Lead>
    <Lead CaseKey="0000001970V4R" ID="1b820e63-acb1-40fb-880b-70da052a1f8f">
      <InputValue FieldID="1">0000001970V4R</InputValue>
    </Lead>
    <Lead CaseKey="0000001980HJM" ID="957bcb61-c5cb-4c8b-a1c8-63c0fbeeb1e9">
      <InputValue FieldID="1">0000001980HJM</InputValue>
    </Lead>
    <Lead CaseKey="0000001980V4R" ID="5dc0b0bb-fcc0-4015-881b-6ab98fe9a633">
      <InputValue FieldID="1">0000001980V4R</InputValue>
    </Lead>
    <Lead CaseKey="0000001990V4R" ID="bbd5ea4d-77b3-4082-bad5-a6a21ab01fb1">
      <InputValue FieldID="1">0000001990V4R</InputValue>
    </Lead>
    <Lead CaseKey="00000019B0V4R" ID="50605d78-4c2a-4d07-a291-0db6d8f6c899">
      <InputValue FieldID="1">00000019B0V4R</InputValue>
    </Lead>
    <Lead CaseKey="00000019C0HJM" ID="e097d616-7a90-4151-a354-e893053b7014">
      <InputValue FieldID="1">00000019C0HJM</InputValue>
    </Lead>
    <Lead CaseKey="00000019C0V4R" ID="d946248d-6fb4-400b-9f0b-61e066508aa5">
      <InputValue FieldID="1">00000019C0V4R</InputValue>
    </Lead>
    <Lead CaseKey="00000019D0HJM" ID="02f18c94-7e6c-41a2-8d13-fef74b047dfa">
      <InputValue FieldID="1">00000019D0HJM</InputValue>
    </Lead>
    <Lead CaseKey="00000019D0V4R" ID="38a57ea6-dcbf-4058-8487-02b5e8f86a7c">
      <InputValue FieldID="1">00000019D0V4R</InputValue>
    </Lead>
    <Lead CaseKey="00000019F0HJM" ID="92eb9e97-a274-4922-842f-5da15e68f365">
      <InputValue FieldID="1">00000019F0HJM</InputValue>
    </Lead>
    <Lead CaseKey="00000019F0V4R" ID="fe039367-84a6-4a04-a3ef-7b1f26750f57">
      <InputValue FieldID="1">00000019F0V4R</InputValue>
    </Lead>
    <Lead CaseKey="00000019G0HJM" ID="589f646f-9faf-49de-ac52-2aa56c6756e4">
      <InputValue FieldID="1">00000019G0HJM</InputValue>
    </Lead>
    <Lead CaseKey="00000019G0V4R" ID="386110ef-ac69-423b-bc85-73944267f58f">
      <InputValue FieldID="1">00000019G0V4R</InputValue>
    </Lead>
    <Lead CaseKey="00000019H0HJM" ID="146cf930-6bce-4375-9a4e-bd4361b2f38b">
      <InputValue FieldID="1">00000019H0HJM</InputValue>
    </Lead>
    <Lead CaseKey="00000019H0V4R" ID="f6e0aaa9-42cf-4ff8-bd95-ed3342c05738">
      <InputValue FieldID="1">00000019H0V4R</InputValue>
    </Lead>
    <Lead CaseKey="00000019J0V4R" ID="824cebbb-6375-4419-98c3-1f66d86828fc">
      <InputValue FieldID="1">00000019J0V4R</InputValue>
    </Lead>
    <Lead CaseKey="00000019K0V4R" ID="2ede4dce-11dd-408c-8100-14fad8f2137e">
      <InputValue FieldID="1">00000019K0V4R</InputValue>
    </Lead>
    <Lead CaseKey="00000019L0V4R" ID="36fa5227-f8ae-427a-871d-eec53c26845c">
      <InputValue FieldID="1">00000019L0V4R</InputValue>
    </Lead>
    <Lead CaseKey="00000019M0V4R" ID="7a1c1fde-5e6b-42a7-a5c3-5fb10affdd00">
      <InputValue FieldID="1">00000019M0V4R</InputValue>
    </Lead>
    <Lead CaseKey="00000019N0V4R" ID="d3429d37-0407-41e0-aa4a-0056938bc29b">
      <InputValue FieldID="1">00000019N0V4R</InputValue>
    </Lead>
    <Lead CaseKey="00000019P0V4R" ID="e03edcc0-ae13-46ce-81ba-e2f320d8ec51">
      <InputValue FieldID="1">00000019P0V4R</InputValue>
    </Lead>
    <Lead CaseKey="00000019Q0V4R" ID="2204f232-28e1-42f8-b0dc-c1bc877a288d">
      <InputValue FieldID="1">00000019Q0V4R</InputValue>
    </Lead>
    <Lead CaseKey="00000019R0V4R" ID="0d4e0c62-7b07-4d53-af97-a8493c2c2722">
      <InputValue FieldID="1">00000019R0V4R</InputValue>
    </Lead>
    <Lead CaseKey="00000019S0V4R" ID="92346229-5c7c-43ba-a20a-abc83f5419ae">
      <InputValue FieldID="1">00000019S0V4R</InputValue>
    </Lead>
    <Lead CaseKey="00000019T0V4R" ID="229ceaf7-ce5c-4589-a15c-4c06920edd22">
      <InputValue FieldID="1">00000019T0V4R</InputValue>
    </Lead>
    <Lead CaseKey="00000019V0V4R" ID="020ccc78-3229-40a9-8da4-d23f9e2f7c8b">
      <InputValue FieldID="1">00000019V0V4R</InputValue>
    </Lead>
    <Lead CaseKey="00000019W0V4R" ID="a3f7daa4-6ec2-4491-bf81-4c56de317dc5">
      <InputValue FieldID="1">00000019W0V4R</InputValue>
    </Lead>
    <Lead CaseKey="00000019X0V4R" ID="0b43f92f-cbb0-4baa-9f6b-ede46654f132">
      <InputValue FieldID="1">00000019X0V4R</InputValue>
    </Lead>
    <Lead CaseKey="00000019Y0V4R" ID="1cf37bbb-1230-4446-94fa-597285f0c73b">
      <InputValue FieldID="1">00000019Y0V4R</InputValue>
    </Lead>
    <Lead CaseKey="00000019Z0V4R" ID="a95d484c-e2a2-4f74-bb88-468069082d24">
      <InputValue FieldID="1">00000019Z0V4R</InputValue>
    </Lead>
    <Lead CaseKey="0000001B00V4R" ID="2cd4654c-0681-4ad5-9308-686b1fea487a">
      <InputValue FieldID="1">0000001B00V4R</InputValue>
    </Lead>
    <Lead CaseKey="0000001B10V4R" ID="c9175ce2-17b9-4c1c-93b6-f676c7ed94e0">
      <InputValue FieldID="1">0000001B10V4R</InputValue>
    </Lead>
    <Lead CaseKey="0000001B20V4R" ID="79690f6e-d8c0-407a-86a7-8f0b9b0466b2">
      <InputValue FieldID="1">0000001B20V4R</InputValue>
    </Lead>
    <Lead CaseKey="0000001B30V4R" ID="f07e2ad0-00f4-4911-969d-4c5af7b94544">
      <InputValue FieldID="1">0000001B30V4R</InputValue>
    </Lead>
    <Lead CaseKey="0000001B40V4R" ID="73a819e1-c9cf-45ac-b492-00ecef070ba1">
      <InputValue FieldID="1">0000001B40V4R</InputValue>
    </Lead>
    <Lead CaseKey="0000001B50V4R" ID="60c40ea9-64fc-432e-884c-7704b809503b">
      <InputValue FieldID="1">0000001B50V4R</InputValue>
    </Lead>
    <Lead CaseKey="0000001B60V4R" ID="8bdaf4e2-98d7-46ba-92bc-09ec4f85e5a2">
      <InputValue FieldID="1">0000001B60V4R</InputValue>
    </Lead>
    <Lead CaseKey="0000001B70V4R" ID="c05c7372-1b59-4d4b-a89f-936abe795f3f">
      <InputValue FieldID="1">0000001B70V4R</InputValue>
    </Lead>
    <Lead CaseKey="0000001B80V4R" ID="1d5ec590-4398-4571-8dd7-d80353fd71a4">
      <InputValue FieldID="1">0000001B80V4R</InputValue>
    </Lead>
    <Lead CaseKey="0000001B90V4R" ID="c444898e-0975-413f-bc39-c96f82d55363">
      <InputValue FieldID="1">0000001B90V4R</InputValue>
    </Lead>
    <Lead CaseKey="0000001BB0V4R" ID="b4fc9d95-494a-4072-8e0b-7a80200504a2">
      <InputValue FieldID="1">0000001BB0V4R</InputValue>
    </Lead>
    <Lead CaseKey="0000001BC0V4R" ID="55dcb6ea-168d-45ec-a460-0aa80dc9a784">
      <InputValue FieldID="1">0000001BC0V4R</InputValue>
    </Lead>
    <Lead CaseKey="0000001BD0S4Y" ID="c009aeb4-6ac0-40cd-a57c-0808ff8c5b45">
      <InputValue FieldID="1">0000001BD0S4Y</InputValue>
    </Lead>
    <Lead CaseKey="0000001BD0V4R" ID="62ccb00b-3ecb-4649-afe7-039b7c6791cb">
      <InputValue FieldID="1">0000001BD0V4R</InputValue>
    </Lead>
    <Lead CaseKey="0000001BF0S4Y" ID="977791c8-96e3-4e0b-9568-df5ccc588169">
      <InputValue FieldID="1">0000001BF0S4Y</InputValue>
    </Lead>
    <Lead CaseKey="0000001BF0V4R" ID="eb08ae62-00e4-48cc-80dc-3f0e58e93d02">
      <InputValue FieldID="1">0000001BF0V4R</InputValue>
    </Lead>
    <Lead CaseKey="0000001BG0S4Y" ID="bbff4b6e-a2d7-4873-9ec5-e7871b0624ff">
      <InputValue FieldID="1">0000001BG0S4Y</InputValue>
    </Lead>
    <Lead CaseKey="0000001BG0V4R" ID="020cafba-afe1-4328-b65c-5c87a6a75b43">
      <InputValue FieldID="1">0000001BG0V4R</InputValue>
    </Lead>
    <Lead CaseKey="0000001BH0C5G" ID="148f53a2-ee02-4692-9ebd-ec68ecb872c9">
      <InputValue FieldID="1">0000001BH0C5G</InputValue>
    </Lead>
    <Lead CaseKey="0000001BH0S4Y" ID="2d2dae46-24c2-49af-a6f3-831a5e4c9612">
      <InputValue FieldID="1">0000001BH0S4Y</InputValue>
    </Lead>
    <Lead CaseKey="0000001BH0V4R" ID="d12d6bcc-21e8-428f-9079-6240d874cbd2">
      <InputValue FieldID="1">0000001BH0V4R</InputValue>
    </Lead>
    <Lead CaseKey="0000001BJ0C5G" ID="85219275-f1dd-415a-bb9b-6b346b812c79">
      <InputValue FieldID="1">0000001BJ0C5G</InputValue>
    </Lead>
    <Lead CaseKey="0000001BJ0S4Y" ID="34de1032-05c1-42e1-a59d-b0a16b1872ce">
      <InputValue FieldID="1">0000001BJ0S4Y</InputValue>
    </Lead>
    <Lead CaseKey="0000001BJ0V4R" ID="e5436547-c434-45d7-8c0b-66d4a3e265eb">
      <InputValue FieldID="1">0000001BJ0V4R</InputValue>
    </Lead>
    <Lead CaseKey="0000001BK0S4Y" ID="fd055305-fe10-436b-a860-8c79c36a442b">
      <InputValue FieldID="1">0000001BK0S4Y</InputValue>
    </Lead>
    <Lead CaseKey="0000001BK0V4R" ID="d60d455f-014b-48db-af18-74ebac1ec30d">
      <InputValue FieldID="1">0000001BK0V4R</InputValue>
    </Lead>
    <Lead CaseKey="0000001BL0S4Y" ID="25d39d3c-4a80-49b0-8790-dcdb396e3ec2">
      <InputValue FieldID="1">0000001BL0S4Y</InputValue>
    </Lead>
    <Lead CaseKey="0000001BL0V4R" ID="f0f74572-bec8-4ab8-985f-4fa62e611bb2">
      <InputValue FieldID="1">0000001BL0V4R</InputValue>
    </Lead>
    <Lead CaseKey="0000001BM0S4Y" ID="8cc7d04f-9f72-487b-88d0-077019b21f1c">
      <InputValue FieldID="1">0000001BM0S4Y</InputValue>
    </Lead>
    <Lead CaseKey="0000001BM0V4R" ID="9345cda6-1110-4c35-ae86-643b28e35fb1">
      <InputValue FieldID="1">0000001BM0V4R</InputValue>
    </Lead>
    <Lead CaseKey="0000001BN0S4Y" ID="17dc9f0a-1fa9-4c87-aacb-734aa2db1320">
      <InputValue FieldID="1">0000001BN0S4Y</InputValue>
    </Lead>
    <Lead CaseKey="0000001BN0V4R" ID="5ed2e090-fda0-4fea-9aa2-392ebdadc3b8">
      <InputValue FieldID="1">0000001BN0V4R</InputValue>
    </Lead>
    <Lead CaseKey="0000001BP0S4Y" ID="fd1d1a80-1127-42af-8f02-a933075e05e7">
      <InputValue FieldID="1">0000001BP0S4Y</InputValue>
    </Lead>
    <Lead CaseKey="0000001BP0V4R" ID="5d6677fc-043f-4fe4-8d6c-962a059d70bc">
      <InputValue FieldID="1">0000001BP0V4R</InputValue>
    </Lead>
    <Lead CaseKey="0000001BQ0S4Y" ID="17ad5e6a-d606-46f0-a2eb-e87d4d426284">
      <InputValue FieldID="1">0000001BQ0S4Y</InputValue>
    </Lead>
    <Lead CaseKey="0000001BQ0V4R" ID="32ee70bc-b125-47c2-9dde-47eb7c0a319e">
      <InputValue FieldID="1">0000001BQ0V4R</InputValue>
    </Lead>
    <Lead CaseKey="0000001BR0S4Y" ID="97290885-7b7b-4a39-8cfc-019c4680db96">
      <InputValue FieldID="1">0000001BR0S4Y</InputValue>
    </Lead>
    <Lead CaseKey="0000001BR0V4R" ID="868bf109-26e7-4b28-9e6f-cd99797eaa8b">
      <InputValue FieldID="1">0000001BR0V4R</InputValue>
    </Lead>
    <Lead CaseKey="0000001BS0S4Y" ID="4a0c3bdd-6f15-4d58-8794-f3bc4cabde4c">
      <InputValue FieldID="1">0000001BS0S4Y</InputValue>
    </Lead>
    <Lead CaseKey="0000001BS0V4R" ID="f1f5a1a0-afd7-4a4f-b8d1-da8f6ff242db">
      <InputValue FieldID="1">0000001BS0V4R</InputValue>
    </Lead>
    <Lead CaseKey="0000001BT0S4Y" ID="bbf424d8-a4a0-417c-9487-6da02016e56c">
      <InputValue FieldID="1">0000001BT0S4Y</InputValue>
    </Lead>
    <Lead CaseKey="0000001BT0V4R" ID="44b78307-cea1-4176-9aa4-7865cc09f9ae">
      <InputValue FieldID="1">0000001BT0V4R</InputValue>
    </Lead>
    <Lead CaseKey="0000001BV0S4Y" ID="4ac8b7aa-c644-410d-8278-8872cd672b6c">
      <InputValue FieldID="1">0000001BV0S4Y</InputValue>
    </Lead>
    <Lead CaseKey="0000001BV0V4R" ID="9a70658a-b967-4692-80b2-be221497e8da">
      <InputValue FieldID="1">0000001BV0V4R</InputValue>
    </Lead>
    <Lead CaseKey="0000001BW0S4Y" ID="a359333a-2310-4312-a9d6-2fd7e3769bcd">
      <InputValue FieldID="1">0000001BW0S4Y</InputValue>
    </Lead>
    <Lead CaseKey="0000001BW0V4R" ID="181d2140-e715-4248-a620-85b2ad21def0">
      <InputValue FieldID="1">0000001BW0V4R</InputValue>
    </Lead>
    <Lead CaseKey="0000001BX0S4Y" ID="f51c7e19-d046-4137-b852-a3c28c26892d">
      <InputValue FieldID="1">0000001BX0S4Y</InputValue>
    </Lead>
    <Lead CaseKey="0000001BX0V4R" ID="f35a93c3-22d1-408e-aa10-08855fbfcc54">
      <InputValue FieldID="1">0000001BX0V4R</InputValue>
    </Lead>
    <Lead CaseKey="0000001BY0S4Y" ID="00bf8632-25b5-4139-bd9e-350464842e54">
      <InputValue FieldID="1">0000001BY0S4Y</InputValue>
    </Lead>
    <Lead CaseKey="0000001BY0V4R" ID="bc79423a-2e9f-43cf-b2ef-365bed7cee30">
      <InputValue FieldID="1">0000001BY0V4R</InputValue>
    </Lead>
    <Lead CaseKey="0000001BZ0S4Y" ID="bd7f6650-2177-487b-9656-d816e6acf17e">
      <InputValue FieldID="1">0000001BZ0S4Y</InputValue>
    </Lead>
    <Lead CaseKey="0000001BZ0V4R" ID="a3694798-a444-4138-b9fa-49f189e54d52">
      <InputValue FieldID="1">0000001BZ0V4R</InputValue>
    </Lead>
    <Lead CaseKey="0000001C00S4Y" ID="1e5a8fab-9268-47f9-bd17-145774032a20">
      <InputValue FieldID="1">0000001C00S4Y</InputValue>
    </Lead>
    <Lead CaseKey="0000001C00V4R" ID="20bf464c-8614-4b68-8582-7bc97ce71a33">
      <InputValue FieldID="1">0000001C00V4R</InputValue>
    </Lead>
    <Lead CaseKey="0000001C10S4Y" ID="b49be4cd-7533-452c-82ff-635fb3fcd29e">
      <InputValue FieldID="1">0000001C10S4Y</InputValue>
    </Lead>
    <Lead CaseKey="0000001C10V4R" ID="8bb2d925-5644-479b-9ebd-9939b35abede">
      <InputValue FieldID="1">0000001C10V4R</InputValue>
    </Lead>
    <Lead CaseKey="0000001C20S4Y" ID="fd857041-8e64-44d0-b163-28a06e9c7666">
      <InputValue FieldID="1">0000001C20S4Y</InputValue>
    </Lead>
    <Lead CaseKey="0000001C20V4R" ID="f1d4b361-1cc8-44dd-947c-1a17ab1f5af8">
      <InputValue FieldID="1">0000001C20V4R</InputValue>
    </Lead>
    <Lead CaseKey="0000001C30S4Y" ID="7e21e865-5938-4879-b863-539ce88d33be">
      <InputValue FieldID="1">0000001C30S4Y</InputValue>
    </Lead>
    <Lead CaseKey="0000001C30V4R" ID="90d78caa-40db-424f-a35c-d5bbe645ebb0">
      <InputValue FieldID="1">0000001C30V4R</InputValue>
    </Lead>
    <Lead CaseKey="0000001C40S4Y" ID="3bd4fe6c-1081-40a8-8adb-d932f3cef447">
      <InputValue FieldID="1">0000001C40S4Y</InputValue>
    </Lead>
    <Lead CaseKey="0000001C40V4R" ID="256222b7-8226-4bce-ae53-b537dd6dff50">
      <InputValue FieldID="1">0000001C40V4R</InputValue>
    </Lead>
    <Lead CaseKey="0000001C50S4Y" ID="6a4bddb7-6ea0-4ad8-a844-f8104922c0a3">
      <InputValue FieldID="1">0000001C50S4Y</InputValue>
    </Lead>
    <Lead CaseKey="0000001C50V4R" ID="d4d5a764-f59e-4943-bf36-5556dce55534">
      <InputValue FieldID="1">0000001C50V4R</InputValue>
    </Lead>
    <Lead CaseKey="0000001C60S4Y" ID="b884aa02-87eb-4089-8061-a294048a9250">
      <InputValue FieldID="1">0000001C60S4Y</InputValue>
    </Lead>
    <Lead CaseKey="0000001C60V4R" ID="b2d3f058-ec5c-4347-8c08-87c3885e02e3">
      <InputValue FieldID="1">0000001C60V4R</InputValue>
    </Lead>
    <Lead CaseKey="0000001C70S4Y" ID="70c09c6e-66a3-46c1-adc7-0f4c2192820d">
      <InputValue FieldID="1">0000001C70S4Y</InputValue>
    </Lead>
    <Lead CaseKey="0000001C70V4R" ID="68796536-17c2-4571-8b12-95fceb1af127">
      <InputValue FieldID="1">0000001C70V4R</InputValue>
    </Lead>
    <Lead CaseKey="0000001C80S4Y" ID="f138536f-5817-417c-9792-b08279e8b47e">
      <InputValue FieldID="1">0000001C80S4Y</InputValue>
    </Lead>
    <Lead CaseKey="0000001C80V4R" ID="95936044-9371-4aa7-b3ce-6523c0b5f661">
      <InputValue FieldID="1">0000001C80V4R</InputValue>
    </Lead>
    <Lead CaseKey="0000001C90S4Y" ID="6236f3f4-b709-4640-9dd3-97a794e22342">
      <InputValue FieldID="1">0000001C90S4Y</InputValue>
    </Lead>
    <Lead CaseKey="0000001C90V4R" ID="011e5c2e-c0e2-4c15-8a55-6a24a3b4f537">
      <InputValue FieldID="1">0000001C90V4R</InputValue>
    </Lead>
    <Lead CaseKey="0000001CB0S4Y" ID="692de29b-f7cb-464f-bab6-b69a9c3d66b0">
      <InputValue FieldID="1">0000001CB0S4Y</InputValue>
    </Lead>
    <Lead CaseKey="0000001CB0V4R" ID="aba9a20a-065e-491e-b80d-5907a1338230">
      <InputValue FieldID="1">0000001CB0V4R</InputValue>
    </Lead>
    <Lead CaseKey="0000001CC0S4Y" ID="98bdb51e-9478-4c82-87bd-9888e01a9895">
      <InputValue FieldID="1">0000001CC0S4Y</InputValue>
    </Lead>
    <Lead CaseKey="0000001CC0V4R" ID="2475ad81-ae5f-4e83-a41c-2db8805586fc">
      <InputValue FieldID="1">0000001CC0V4R</InputValue>
    </Lead>
    <Lead CaseKey="0000001CD0S4Y" ID="3836f842-9305-4740-b289-79e2f1cc602f">
      <InputValue FieldID="1">0000001CD0S4Y</InputValue>
    </Lead>
    <Lead CaseKey="0000001CD0V4R" ID="5cc2579b-6a74-4012-91dc-f05c3466a388">
      <InputValue FieldID="1">0000001CD0V4R</InputValue>
    </Lead>
    <Lead CaseKey="0000001CF0S4Y" ID="50bb236d-7d5e-4a93-872f-49b91ba18e4e">
      <InputValue FieldID="1">0000001CF0S4Y</InputValue>
    </Lead>
    <Lead CaseKey="0000001CF0V4R" ID="08276cbd-e33b-43d3-b39c-22372b267bcc">
      <InputValue FieldID="1">0000001CF0V4R</InputValue>
    </Lead>
    <Lead CaseKey="0000001CG0S4Y" ID="df0aad3c-38d4-4ea6-a7de-4d0ccbe2f88c">
      <InputValue FieldID="1">0000001CG0S4Y</InputValue>
    </Lead>
    <Lead CaseKey="0000001CG0V4R" ID="17cff4c4-8b44-4e8c-aed8-a9ec9318e0dd">
      <InputValue FieldID="1">0000001CG0V4R</InputValue>
    </Lead>
    <Lead CaseKey="0000001CH0S4Y" ID="a77c08dc-23bc-4720-9775-6f433558c24c">
      <InputValue FieldID="1">0000001CH0S4Y</InputValue>
    </Lead>
    <Lead CaseKey="0000001CH0V4R" ID="9603ec73-795a-417d-a553-836f4ad47eac">
      <InputValue FieldID="1">0000001CH0V4R</InputValue>
    </Lead>
    <Lead CaseKey="0000001CJ0S4Y" ID="7b6b3af3-3c9f-4fbf-910c-c806ac41c326">
      <InputValue FieldID="1">0000001CJ0S4Y</InputValue>
    </Lead>
    <Lead CaseKey="0000001CJ0V4R" ID="782a83bc-9976-4261-ab39-5563c494e44f">
      <InputValue FieldID="1">0000001CJ0V4R</InputValue>
    </Lead>
    <Lead CaseKey="0000001CK0S4Y" ID="d0c95992-6550-4f1a-95fd-1c5881efabc3">
      <InputValue FieldID="1">0000001CK0S4Y</InputValue>
    </Lead>
    <Lead CaseKey="0000001CK0V4R" ID="7d82ea0c-5305-4e72-8323-a021047f1499">
      <InputValue FieldID="1">0000001CK0V4R</InputValue>
    </Lead>
    <Lead CaseKey="0000001CL0S4Y" ID="8cbddb69-8198-48bf-8772-bfbf2b81c73e">
      <InputValue FieldID="1">0000001CL0S4Y</InputValue>
    </Lead>
    <Lead CaseKey="0000001CL0V4R" ID="070d3be4-6300-4373-bd95-26d8422822f7">
      <InputValue FieldID="1">0000001CL0V4R</InputValue>
    </Lead>
    <Lead CaseKey="0000001CM0S4Y" ID="584855c2-6e2e-4dad-817b-f5b788c9c262">
      <InputValue FieldID="1">0000001CM0S4Y</InputValue>
    </Lead>
    <Lead CaseKey="0000001CM0V4R" ID="fc9100e5-f2e4-43d3-afb6-c300897781e4">
      <InputValue FieldID="1">0000001CM0V4R</InputValue>
    </Lead>
    <Lead CaseKey="0000001CN0S4Y" ID="4b63b90c-571c-4c10-a6b3-a076355393df">
      <InputValue FieldID="1">0000001CN0S4Y</InputValue>
    </Lead>
    <Lead CaseKey="0000001CN0V4R" ID="c0e71e98-1c36-4c7b-9c96-766938dc54a6">
      <InputValue FieldID="1">0000001CN0V4R</InputValue>
    </Lead>
    <Lead CaseKey="0000001CP0R5F" ID="9686f1fe-9075-4c73-b22c-f7010ee3053f">
      <InputValue FieldID="1">0000001CP0R5F</InputValue>
    </Lead>
    <Lead CaseKey="0000001CP0S4Y" ID="6622201f-bc98-47d8-a80f-91a6942959fc">
      <InputValue FieldID="1">0000001CP0S4Y</InputValue>
    </Lead>
    <Lead CaseKey="0000001CP0V4R" ID="2c6808e5-3a20-4bc3-b30d-fd50ede469dd">
      <InputValue FieldID="1">0000001CP0V4R</InputValue>
    </Lead>
  </LeadList>
</Root>