﻿<?xml version="1.0" encoding="utf-8" standalone="yes"?>
<Root xmlns="http://risk.regn.net/LeadList" xmlns:xsi="http://www.w3.org/2001/XMLSchema-instance" xmlns:xsd="http://www.w3.org/2001/XMLSchema" Source="http://casesearch.courts.state.md.us/casesearch/" SearchPageIdentifierPattern="" CollectionComplete="false" ID="5dc4d70a-aed5-487f-90ba-3bfcc55c72fc" MultiplePageCollection="true" TimeDelayAfterPageLoad="0" DuplicateLinkChecking="false">
  <Navigation>
    <InitialNavigation>
      <Page Order="1" SourceUri="http://casesearch.courts.state.md.us/casesearch/" />
    </InitialNavigation>
  </Navigation>
  <LeadList>
    <Lead CaseKey="0000001V50BY7" ID="b827add9-c923-4120-b9eb-70e90380f352">
      <InputValue FieldID="1">0000001V50BY7</InputValue>
    </Lead>
    <Lead CaseKey="0000001V50KNJ" ID="735e2278-9ca0-4d16-b64a-f89e99d93db7">
      <InputValue FieldID="1">0000001V50KNJ</InputValue>
    </Lead>
    <Lead CaseKey="0000001V60B9V" ID="68fb54b4-6b53-4ee4-966a-b84859964872">
      <InputValue FieldID="1">0000001V60B9V</InputValue>
    </Lead>
    <Lead CaseKey="0000001V60BY7" ID="13eb14ba-0a32-4cdc-839e-0b2630e50043">
      <InputValue FieldID="1">0000001V60BY7</InputValue>
    </Lead>
    <Lead CaseKey="0000001V60KNJ" ID="41a5069c-aa97-4de8-abab-cfcab2b51be1">
      <InputValue FieldID="1">0000001V60KNJ</InputValue>
    </Lead>
    <Lead CaseKey="0000001V70B9V" ID="744c8c15-1e6d-49c4-8317-f6be9d501682">
      <InputValue FieldID="1">0000001V70B9V</InputValue>
    </Lead>
    <Lead CaseKey="0000001V70BY7" ID="8592164b-430e-42ef-9fbd-a90fc7712d27">
      <InputValue FieldID="1">0000001V70BY7</InputValue>
    </Lead>
    <Lead CaseKey="0000001V70KNJ" ID="ebc18097-f442-41db-af55-c2b227c0f5e7">
      <InputValue FieldID="1">0000001V70KNJ</InputValue>
    </Lead>
    <Lead CaseKey="0000001V80B9V" ID="52056fd8-92d3-44e9-98c6-d92620447b14">
      <InputValue FieldID="1">0000001V80B9V</InputValue>
    </Lead>
    <Lead CaseKey="0000001V80BY7" ID="b9d30eac-3b86-40ac-9dbe-7deee87ff200">
      <InputValue FieldID="1">0000001V80BY7</InputValue>
    </Lead>
    <Lead CaseKey="0000001V80KNJ" ID="2442a49f-cfc1-42bd-b75a-2df1c5f7583b">
      <InputValue FieldID="1">0000001V80KNJ</InputValue>
    </Lead>
    <Lead CaseKey="0000001V90B9V" ID="1f146e6f-dadf-4cef-98e2-2e45dec86dc9">
      <InputValue FieldID="1">0000001V90B9V</InputValue>
    </Lead>
    <Lead CaseKey="0000001V90BY7" ID="51f19a7b-0ea8-4dbf-bd5f-af3ccb4629a2">
      <InputValue FieldID="1">0000001V90BY7</InputValue>
    </Lead>
    <Lead CaseKey="0000001V90KNJ" ID="8f0a3a3a-ee0e-4c4b-9805-077b47423929">
      <InputValue FieldID="1">0000001V90KNJ</InputValue>
    </Lead>
    <Lead CaseKey="0000001VB0B9V" ID="a54ad1ef-737b-472e-a1cd-1bf757d0b312">
      <InputValue FieldID="1">0000001VB0B9V</InputValue>
    </Lead>
    <Lead CaseKey="0000001VB0BY7" ID="e3b63920-0e8b-4614-a443-e6d5deab9269">
      <InputValue FieldID="1">0000001VB0BY7</InputValue>
    </Lead>
    <Lead CaseKey="0000001VB0KNJ" ID="ef510389-a493-44c6-9dc6-4995f0f96a05">
      <InputValue FieldID="1">0000001VB0KNJ</InputValue>
    </Lead>
    <Lead CaseKey="0000001VC0B9V" ID="66f270f7-f51f-419f-817c-49c647f67dc9">
      <InputValue FieldID="1">0000001VC0B9V</InputValue>
    </Lead>
    <Lead CaseKey="0000001VC0BY7" ID="5aa68740-41b6-4139-926d-b6b8ae393a78">
      <InputValue FieldID="1">0000001VC0BY7</InputValue>
    </Lead>
    <Lead CaseKey="0000001VD0B9V" ID="b74d0941-71a8-469a-a55f-a5df751cabe9">
      <InputValue FieldID="1">0000001VD0B9V</InputValue>
    </Lead>
    <Lead CaseKey="0000001VD0BY7" ID="37f4530a-0005-4ff2-be1f-65f9f954ce02">
      <InputValue FieldID="1">0000001VD0BY7</InputValue>
    </Lead>
    <Lead CaseKey="0000001VF0B9V" ID="be4d235e-1c90-4771-b019-c3360bb9480b">
      <InputValue FieldID="1">0000001VF0B9V</InputValue>
    </Lead>
    <Lead CaseKey="0000001VG0B9V" ID="9742ea04-c92f-4c17-bf09-085c0689bec9">
      <InputValue FieldID="1">0000001VG0B9V</InputValue>
    </Lead>
    <Lead CaseKey="0000001VG0BY7" ID="64c0c212-cbcc-4cb9-9c68-1809ae28aa3b">
      <InputValue FieldID="1">0000001VG0BY7</InputValue>
    </Lead>
    <Lead CaseKey="0000001VH0B9V" ID="fa514496-1057-463e-b8c2-9e9f259eab0e">
      <InputValue FieldID="1">0000001VH0B9V</InputValue>
    </Lead>
    <Lead CaseKey="0000001VH0BY7" ID="cce7d90d-b827-4fb8-9e89-2bf826f1dcea">
      <InputValue FieldID="1">0000001VH0BY7</InputValue>
    </Lead>
    <Lead CaseKey="0000001VJ0B9V" ID="1ce92fff-b2df-467f-a90d-944868399a69">
      <InputValue FieldID="1">0000001VJ0B9V</InputValue>
    </Lead>
    <Lead CaseKey="0000001VJ0BY7" ID="d0db02d2-f2f1-4c64-bb8e-a78d9182a6ec">
      <InputValue FieldID="1">0000001VJ0BY7</InputValue>
    </Lead>
    <Lead CaseKey="0000001VK0BY7" ID="05101f7a-f124-41b4-9faf-cc7d4a225cca">
      <InputValue FieldID="1">0000001VK0BY7</InputValue>
    </Lead>
    <Lead CaseKey="0000001VL0BY7" ID="f232c0dc-53c5-4e62-beb1-daa62399fd3a">
      <InputValue FieldID="1">0000001VL0BY7</InputValue>
    </Lead>
    <Lead CaseKey="0000001VM0BY7" ID="e780bdc2-716c-49be-820b-96f9f81d476a">
      <InputValue FieldID="1">0000001VM0BY7</InputValue>
    </Lead>
    <Lead CaseKey="0000001VR0BY7" ID="dd46e59f-3ef7-4180-8097-e1003d50fc46">
      <InputValue FieldID="1">0000001VR0BY7</InputValue>
    </Lead>
    <Lead CaseKey="0000001VS0BY7" ID="7dcddeea-2f97-4281-8607-65734ddfd008">
      <InputValue FieldID="1">0000001VS0BY7</InputValue>
    </Lead>
    <Lead CaseKey="0000001WQ0E96" ID="6dfd28c3-cf4f-4054-8ea3-24aeac523725">
      <InputValue FieldID="1">0000001WQ0E96</InputValue>
    </Lead>
    <Lead CaseKey="0000001WR0E96" ID="a7896bd5-afb7-46c3-b5ee-5cbd18150ccf">
      <InputValue FieldID="1">0000001WR0E96</InputValue>
    </Lead>
    <Lead CaseKey="0000001WS0E96" ID="cac7d0de-3bf0-42fd-9593-3c5289d62b1e">
      <InputValue FieldID="1">0000001WS0E96</InputValue>
    </Lead>
    <Lead CaseKey="0000002060M3Z" ID="6435e90a-6751-4e6a-b8cd-32737bf3aabd">
      <InputValue FieldID="1">0000002060M3Z</InputValue>
    </Lead>
    <Lead CaseKey="0000002070M3Z" ID="184c3b69-8b86-4d75-8f95-a0c6248eca38">
      <InputValue FieldID="1">0000002070M3Z</InputValue>
    </Lead>
    <Lead CaseKey="0000002080M3Z" ID="41a9fa1e-596f-4e22-b399-b57996696428">
      <InputValue FieldID="1">0000002080M3Z</InputValue>
    </Lead>
    <Lead CaseKey="00000021S0SZG" ID="124573c3-ac7a-4de2-af53-882234e4a183">
      <InputValue FieldID="1">00000021S0SZG</InputValue>
    </Lead>
    <Lead CaseKey="00000021T0SZG" ID="aa2734c5-b2d2-45a1-b890-7a6f42dcdfda">
      <InputValue FieldID="1">00000021T0SZG</InputValue>
    </Lead>
    <Lead CaseKey="00000021V0SZG" ID="b0b3c453-d73b-4586-96a5-f242ec21b107">
      <InputValue FieldID="1">00000021V0SZG</InputValue>
    </Lead>
    <Lead CaseKey="00000021W0SZG" ID="2e2f4e1b-3005-4c1d-89b3-52b4db0910aa">
      <InputValue FieldID="1">00000021W0SZG</InputValue>
    </Lead>
    <Lead CaseKey="00000021X0SZG" ID="faac684c-d826-479f-8780-47dbe40f9209">
      <InputValue FieldID="1">00000021X0SZG</InputValue>
    </Lead>
    <Lead CaseKey="00000021Y0SZG" ID="bfb6a53d-b37c-4324-adaa-c1c6ea2fea1b">
      <InputValue FieldID="1">00000021Y0SZG</InputValue>
    </Lead>
    <Lead CaseKey="00000021Z0SZG" ID="bd1a6e77-f8e5-4ecc-bd99-326b6a42eeb3">
      <InputValue FieldID="1">00000021Z0SZG</InputValue>
    </Lead>
    <Lead CaseKey="0000002200SZG" ID="023e335f-a0de-49e8-b0f3-4a0f6e9314aa">
      <InputValue FieldID="1">0000002200SZG</InputValue>
    </Lead>
    <Lead CaseKey="0000002210SZG" ID="6ac8485a-d486-40eb-bcf9-0f18c91420cd">
      <InputValue FieldID="1">0000002210SZG</InputValue>
    </Lead>
    <Lead CaseKey="0000002220SZG" ID="f0ea52b1-24d8-4b4e-873f-19faab953f54">
      <InputValue FieldID="1">0000002220SZG</InputValue>
    </Lead>
    <Lead CaseKey="0000002230SZG" ID="d9e644a1-abb6-43be-a1db-7d6b06df02c8">
      <InputValue FieldID="1">0000002230SZG</InputValue>
    </Lead>
    <Lead CaseKey="0000002240SZG" ID="cc799ee9-3ac5-4ed7-899e-6bb477c6d5f5">
      <InputValue FieldID="1">0000002240SZG</InputValue>
    </Lead>
    <Lead CaseKey="0000002250SZG" ID="a79e353a-75b2-4e43-a59a-30a9d7136838">
      <InputValue FieldID="1">0000002250SZG</InputValue>
    </Lead>
    <Lead CaseKey="0000002260SZG" ID="a90d3418-6db5-4ce4-821a-4e4fdf4b712a">
      <InputValue FieldID="1">0000002260SZG</InputValue>
    </Lead>
    <Lead CaseKey="0000002270SZG" ID="1348d0e2-8252-4571-a844-9cad14752581">
      <InputValue FieldID="1">0000002270SZG</InputValue>
    </Lead>
    <Lead CaseKey="0000002280SZG" ID="c7020b3b-2f2b-46d6-9217-688c1dc097fe">
      <InputValue FieldID="1">0000002280SZG</InputValue>
    </Lead>
    <Lead CaseKey="0000002290SZG" ID="be00ef9e-abe1-4aa1-8bfe-8ecad5b72b27">
      <InputValue FieldID="1">0000002290SZG</InputValue>
    </Lead>
    <Lead CaseKey="00000022B0SZG" ID="299f9a3a-9a77-41c0-bebf-073d65a15074">
      <InputValue FieldID="1">00000022B0SZG</InputValue>
    </Lead>
    <Lead CaseKey="00000022C0SZG" ID="ee7f45f1-3689-41f1-a4dd-bb2bc3b68027">
      <InputValue FieldID="1">00000022C0SZG</InputValue>
    </Lead>
    <Lead CaseKey="00000022D0SZG" ID="ce125f61-4828-480b-800b-442eee0c4e51">
      <InputValue FieldID="1">00000022D0SZG</InputValue>
    </Lead>
    <Lead CaseKey="00000022F0SZG" ID="a2a47012-bdc2-42b8-bbed-a55d735ddfe6">
      <InputValue FieldID="1">00000022F0SZG</InputValue>
    </Lead>
    <Lead CaseKey="00000022G0SZG" ID="3c0bdd2a-c5a4-43ce-93fe-3e82f6ff8ede">
      <InputValue FieldID="1">00000022G0SZG</InputValue>
    </Lead>
    <Lead CaseKey="00000022H0SZG" ID="47338729-a846-4a0f-a3dc-9522e2fb6567">
      <InputValue FieldID="1">00000022H0SZG</InputValue>
    </Lead>
    <Lead CaseKey="00000022J0SZG" ID="44d3eba6-8582-428b-ab96-f8b282cbe11a">
      <InputValue FieldID="1">00000022J0SZG</InputValue>
    </Lead>
    <Lead CaseKey="00000022K0SZG" ID="a7cc8ecf-d0ca-4824-9bd4-9b8d742fa40a">
      <InputValue FieldID="1">00000022K0SZG</InputValue>
    </Lead>
    <Lead CaseKey="00000022L0SZG" ID="ea401d56-3367-4d56-9b7e-bd01ff33f3d1">
      <InputValue FieldID="1">00000022L0SZG</InputValue>
    </Lead>
    <Lead CaseKey="00000022M0SZG" ID="7e68f245-f4e5-4d52-bbe3-b4973bac2272">
      <InputValue FieldID="1">00000022M0SZG</InputValue>
    </Lead>
    <Lead CaseKey="00000022N0SZG" ID="149371f3-0111-456a-9b11-5ae0c8023c91">
      <InputValue FieldID="1">00000022N0SZG</InputValue>
    </Lead>
    <Lead CaseKey="00000022P0SZG" ID="a7f9386e-c003-428a-a41c-3e6ed2477e9e">
      <InputValue FieldID="1">00000022P0SZG</InputValue>
    </Lead>
    <Lead CaseKey="00000022Q0SZG" ID="d26a4ddf-ce37-4596-a394-886fc8d60021">
      <InputValue FieldID="1">00000022Q0SZG</InputValue>
    </Lead>
    <Lead CaseKey="00000022R0SZG" ID="46dbeeff-9efd-460c-a74f-4d8491172df1">
      <InputValue FieldID="1">00000022R0SZG</InputValue>
    </Lead>
    <Lead CaseKey="00000022S0SZG" ID="1fe45383-f4b0-4400-af72-9ccbd4ac2dd5">
      <InputValue FieldID="1">00000022S0SZG</InputValue>
    </Lead>
    <Lead CaseKey="00000022T0SZG" ID="3159150d-9870-431a-bbd6-6787ce537b5d">
      <InputValue FieldID="1">00000022T0SZG</InputValue>
    </Lead>
    <Lead CaseKey="00000022T0VPZ" ID="ea7783f4-59ed-4fa2-9d32-83110179e78c">
      <InputValue FieldID="1">00000022T0VPZ</InputValue>
    </Lead>
    <Lead CaseKey="00000022V0VPZ" ID="ec583811-b370-4512-862c-4f003b3f56de">
      <InputValue FieldID="1">00000022V0VPZ</InputValue>
    </Lead>
    <Lead CaseKey="0000002390AQ6" ID="351a254d-77e2-4926-bdaa-8f9efa6eb22d">
      <InputValue FieldID="1">0000002390AQ6</InputValue>
    </Lead>
    <Lead CaseKey="00000023D0AQ6" ID="e0bcdcfb-f313-4059-be93-d9c5f62e31df">
      <InputValue FieldID="1">00000023D0AQ6</InputValue>
    </Lead>
    <Lead CaseKey="00000023F0AQ6" ID="4b5e3a58-1896-4ab9-b478-f6f0b453faed">
      <InputValue FieldID="1">00000023F0AQ6</InputValue>
    </Lead>
    <Lead CaseKey="00000023G0AQ6" ID="5eeb1f4d-f48e-4df5-abb7-9f3b99a7fd01">
      <InputValue FieldID="1">00000023G0AQ6</InputValue>
    </Lead>
    <Lead CaseKey="00000023J0AQ6" ID="719fadd5-4fa1-4f60-9c51-db281ac4ded4">
      <InputValue FieldID="1">00000023J0AQ6</InputValue>
    </Lead>
    <Lead CaseKey="00000023L0AQ6" ID="798c0eb8-e731-421c-9b02-a33ad4d56041">
      <InputValue FieldID="1">00000023L0AQ6</InputValue>
    </Lead>
    <Lead CaseKey="00000023M0AQ6" ID="495420e4-9627-4ef0-b236-c53aaa115b8f">
      <InputValue FieldID="1">00000023M0AQ6</InputValue>
    </Lead>
    <Lead CaseKey="00000023N0AQ6" ID="22984b35-318f-45b9-9e41-f3ce1de321a1">
      <InputValue FieldID="1">00000023N0AQ6</InputValue>
    </Lead>
    <Lead CaseKey="00000023P0AQ6" ID="19f75334-498d-4b48-bd22-5cb0b58c1526">
      <InputValue FieldID="1">00000023P0AQ6</InputValue>
    </Lead>
    <Lead CaseKey="00000023Q0AQ6" ID="f3cd49d7-8721-46aa-b656-f5a32d727b3b">
      <InputValue FieldID="1">00000023Q0AQ6</InputValue>
    </Lead>
    <Lead CaseKey="00000023R0AQ6" ID="0071a298-1a49-4634-9122-113f03508697">
      <InputValue FieldID="1">00000023R0AQ6</InputValue>
    </Lead>
    <Lead CaseKey="00000023S0AQ6" ID="0881e22a-b4d8-4d1e-8fa5-95f1fd18eb9e">
      <InputValue FieldID="1">00000023S0AQ6</InputValue>
    </Lead>
    <Lead CaseKey="00000023T0AQ6" ID="c8514560-2e9f-40fc-9cb3-995e2d31ab5a">
      <InputValue FieldID="1">00000023T0AQ6</InputValue>
    </Lead>
    <Lead CaseKey="00000023W0AQ6" ID="908c4134-5af1-4814-a99b-f5e2f8680a5e">
      <InputValue FieldID="1">00000023W0AQ6</InputValue>
    </Lead>
    <Lead CaseKey="00000023X0AQ6" ID="57d28ade-58e8-4b61-8f99-8b1bd81375a4">
      <InputValue FieldID="1">00000023X0AQ6</InputValue>
    </Lead>
    <Lead CaseKey="00000023Z0AQ6" ID="7f16f1b3-8712-472b-b82c-fa8c23c802e8">
      <InputValue FieldID="1">00000023Z0AQ6</InputValue>
    </Lead>
    <Lead CaseKey="0000002400AQ6" ID="3ddd4cc2-64df-44e5-8531-5462e6150de3">
      <InputValue FieldID="1">0000002400AQ6</InputValue>
    </Lead>
    <Lead CaseKey="0000002410AQ6" ID="4ed40f1b-cdb3-455b-b3b3-65b4840cf3ec">
      <InputValue FieldID="1">0000002410AQ6</InputValue>
    </Lead>
    <Lead CaseKey="0000002430AQ6" ID="901e6bd0-7cad-45f1-8656-c4f351208c7e">
      <InputValue FieldID="1">0000002430AQ6</InputValue>
    </Lead>
    <Lead CaseKey="00000024M0VPZ" ID="13cb0690-8eda-4823-bed4-892c8263a4e0">
      <InputValue FieldID="1">00000024M0VPZ</InputValue>
    </Lead>
    <Lead CaseKey="00000024N0VPZ" ID="b0c27eae-2038-4103-9c93-d080677d0879">
      <InputValue FieldID="1">00000024N0VPZ</InputValue>
    </Lead>
    <Lead CaseKey="00000024P0VPZ" ID="7c3517e1-0801-46c4-9ced-e83677e7a01b">
      <InputValue FieldID="1">00000024P0VPZ</InputValue>
    </Lead>
    <Lead CaseKey="00000024Q0VPZ" ID="9d12432c-b128-4196-9bfc-ec51d46a240b">
      <InputValue FieldID="1">00000024Q0VPZ</InputValue>
    </Lead>
    <Lead CaseKey="00000024R0VPZ" ID="d7feb8a7-f175-4075-a41a-314695fb893f">
      <InputValue FieldID="1">00000024R0VPZ</InputValue>
    </Lead>
    <Lead CaseKey="00000024W0V7J" ID="49a70d19-d48a-4bc1-9b3b-90100e9bfbae">
      <InputValue FieldID="1">00000024W0V7J</InputValue>
    </Lead>
    <Lead CaseKey="00000024X0V7J" ID="465d5b29-4dd3-4fde-a561-81983695397a">
      <InputValue FieldID="1">00000024X0V7J</InputValue>
    </Lead>
    <Lead CaseKey="0000002510V7J" ID="3839ad17-ea9e-421e-b52e-d70414d9d9b3">
      <InputValue FieldID="1">0000002510V7J</InputValue>
    </Lead>
    <Lead CaseKey="0000002520V7J" ID="bb09f862-86b4-4331-9a7e-6cf6cc2877be">
      <InputValue FieldID="1">0000002520V7J</InputValue>
    </Lead>
    <Lead CaseKey="0000002530V7J" ID="2e719c13-9914-4c05-bc24-e787a1a979f5">
      <InputValue FieldID="1">0000002530V7J</InputValue>
    </Lead>
    <Lead CaseKey="0000002540V7J" ID="20173354-dea4-4065-9d20-af9a1c3736bd">
      <InputValue FieldID="1">0000002540V7J</InputValue>
    </Lead>
    <Lead CaseKey="0000002550V7J" ID="51274355-6dbe-4718-a366-23a80412d165">
      <InputValue FieldID="1">0000002550V7J</InputValue>
    </Lead>
    <Lead CaseKey="0000002560V7J" ID="79efc4a8-b27f-4cc8-b49d-70fda12688fd">
      <InputValue FieldID="1">0000002560V7J</InputValue>
    </Lead>
    <Lead CaseKey="0000002570V7J" ID="526f0800-893d-419a-a59c-dabda5d7a018">
      <InputValue FieldID="1">0000002570V7J</InputValue>
    </Lead>
    <Lead CaseKey="0000002580V7J" ID="c1bca7a5-98fe-4c5a-b296-d71d2b3e5bf2">
      <InputValue FieldID="1">0000002580V7J</InputValue>
    </Lead>
    <Lead CaseKey="0000002590V7J" ID="7e14f6d6-b6d5-4901-84a5-86a0f3d5eb3a">
      <InputValue FieldID="1">0000002590V7J</InputValue>
    </Lead>
    <Lead CaseKey="00000025B0V7J" ID="3f16362c-df32-4076-acb4-cd2329373311">
      <InputValue FieldID="1">00000025B0V7J</InputValue>
    </Lead>
    <Lead CaseKey="00000025C0V7J" ID="6ee4c7c4-ce92-4b1a-a8f2-1109670c9eb6">
      <InputValue FieldID="1">00000025C0V7J</InputValue>
    </Lead>
    <Lead CaseKey="00000025D0V7J" ID="0dc9225b-47ac-4a21-bdc4-6bc28eeab631">
      <InputValue FieldID="1">00000025D0V7J</InputValue>
    </Lead>
    <Lead CaseKey="00000025F0V7J" ID="e883cb24-5563-428d-b63f-2df15e1e67ff">
      <InputValue FieldID="1">00000025F0V7J</InputValue>
    </Lead>
    <Lead CaseKey="00000025G0V7J" ID="f5911674-a448-4c22-baa8-d16c9dae4ea5">
      <InputValue FieldID="1">00000025G0V7J</InputValue>
    </Lead>
    <Lead CaseKey="00000025H0V7J" ID="642c2056-3d14-42b2-9e59-93953dfe2050">
      <InputValue FieldID="1">00000025H0V7J</InputValue>
    </Lead>
    <Lead CaseKey="00000025J0V7J" ID="785151b8-e13d-4006-9f27-edfbec864a84">
      <InputValue FieldID="1">00000025J0V7J</InputValue>
    </Lead>
    <Lead CaseKey="00000025K0V7J" ID="44b267b4-b371-491f-a363-6160cffb706b">
      <InputValue FieldID="1">00000025K0V7J</InputValue>
    </Lead>
    <Lead CaseKey="00000025L0V7J" ID="c8e1aced-0209-4161-b520-a58fd1227c3f">
      <InputValue FieldID="1">00000025L0V7J</InputValue>
    </Lead>
    <Lead CaseKey="00000025M0V7J" ID="0ae49995-e544-4bcc-9cdf-27acc26af6bd">
      <InputValue FieldID="1">00000025M0V7J</InputValue>
    </Lead>
    <Lead CaseKey="00000025N0V7J" ID="b5932b07-9f1a-41bc-a960-b11f04540176">
      <InputValue FieldID="1">00000025N0V7J</InputValue>
    </Lead>
    <Lead CaseKey="00000025P0V7J" ID="780454ef-934d-4288-9eb3-f04f46abda23">
      <InputValue FieldID="1">00000025P0V7J</InputValue>
    </Lead>
    <Lead CaseKey="00000025Q0V7J" ID="466151d3-3e73-4e6e-8364-6ac173e56d68">
      <InputValue FieldID="1">00000025Q0V7J</InputValue>
    </Lead>
    <Lead CaseKey="00000025R0V7J" ID="3c460f64-e2ad-466f-b942-be4c9cf5576f">
      <InputValue FieldID="1">00000025R0V7J</InputValue>
    </Lead>
    <Lead CaseKey="00000025S0V7J" ID="c1aeabb1-cd68-400d-91f2-fa8763955a90">
      <InputValue FieldID="1">00000025S0V7J</InputValue>
    </Lead>
    <Lead CaseKey="00000025T0V7J" ID="6567b72c-61c2-421d-8722-24856f9f2004">
      <InputValue FieldID="1">00000025T0V7J</InputValue>
    </Lead>
    <Lead CaseKey="00000025V0V7J" ID="871cd702-1acc-440c-bddc-0c8d1e3f1fb8">
      <InputValue FieldID="1">00000025V0V7J</InputValue>
    </Lead>
    <Lead CaseKey="00000025W0V7J" ID="97deb287-3c49-4bed-8431-5b962929b0e5">
      <InputValue FieldID="1">00000025W0V7J</InputValue>
    </Lead>
    <Lead CaseKey="00000025X0V7J" ID="5cf3ebf8-a08e-4511-8e55-03e586366262">
      <InputValue FieldID="1">00000025X0V7J</InputValue>
    </Lead>
    <Lead CaseKey="00000025Y0V7J" ID="05a6223d-06ab-4810-8ff3-d9ee15062a14">
      <InputValue FieldID="1">00000025Y0V7J</InputValue>
    </Lead>
    <Lead CaseKey="00000025Z0V7J" ID="41baf7ee-c49a-42bc-9743-4fe4ead7632e">
      <InputValue FieldID="1">00000025Z0V7J</InputValue>
    </Lead>
    <Lead CaseKey="0000002600V7J" ID="4d207089-48fd-434a-84b5-a16777faea62">
      <InputValue FieldID="1">0000002600V7J</InputValue>
    </Lead>
    <Lead CaseKey="0000002610V7J" ID="6ecf4a74-df61-424f-b4fb-c48a78281c5f">
      <InputValue FieldID="1">0000002610V7J</InputValue>
    </Lead>
    <Lead CaseKey="0000002620V7J" ID="3f9759da-dbfc-46a4-96f8-67d5c8cf81b6">
      <InputValue FieldID="1">0000002620V7J</InputValue>
    </Lead>
    <Lead CaseKey="0000002630V7J" ID="d7bbfaed-b8ec-4c9c-9121-405898b74ca6">
      <InputValue FieldID="1">0000002630V7J</InputValue>
    </Lead>
    <Lead CaseKey="0000002640K46" ID="a1a46cee-d148-4620-a1a8-7f70ae87206d">
      <InputValue FieldID="1">0000002640K46</InputValue>
    </Lead>
    <Lead CaseKey="0000002640V7J" ID="b656809c-2b98-45a7-8570-83cf074ea9c8">
      <InputValue FieldID="1">0000002640V7J</InputValue>
    </Lead>
    <Lead CaseKey="0000002650K46" ID="1c504176-410b-43ac-89ff-881b58b5d0b8">
      <InputValue FieldID="1">0000002650K46</InputValue>
    </Lead>
    <Lead CaseKey="0000002650V7J" ID="2aaef534-226f-4276-8992-b628b5397953">
      <InputValue FieldID="1">0000002650V7J</InputValue>
    </Lead>
    <Lead CaseKey="0000002660V7J" ID="bc0d5c7f-ec7d-4e22-a8a0-73ef0cd7338e">
      <InputValue FieldID="1">0000002660V7J</InputValue>
    </Lead>
    <Lead CaseKey="0000002670K46" ID="3ae5b252-b89b-4e67-bc2a-0332ed210841">
      <InputValue FieldID="1">0000002670K46</InputValue>
    </Lead>
    <Lead CaseKey="0000002670V7J" ID="f6a42c08-58de-42a3-937f-d9bb37e5813a">
      <InputValue FieldID="1">0000002670V7J</InputValue>
    </Lead>
    <Lead CaseKey="0000002680K46" ID="2137db7f-08af-42de-a816-cd9905593324">
      <InputValue FieldID="1">0000002680K46</InputValue>
    </Lead>
    <Lead CaseKey="0000002680V7J" ID="f7603b51-5a42-498b-b988-f6aac004752f">
      <InputValue FieldID="1">0000002680V7J</InputValue>
    </Lead>
    <Lead CaseKey="0000002690K46" ID="40a7dda0-f444-45c2-b92e-4abb7bf266f3">
      <InputValue FieldID="1">0000002690K46</InputValue>
    </Lead>
    <Lead CaseKey="0000002690V7J" ID="42ace44d-7299-4414-b554-aca5cef6fe87">
      <InputValue FieldID="1">0000002690V7J</InputValue>
    </Lead>
    <Lead CaseKey="00000026B0K46" ID="7a8d60f2-bbb2-4ef2-95fa-69e89aedcbd8">
      <InputValue FieldID="1">00000026B0K46</InputValue>
    </Lead>
    <Lead CaseKey="00000026B0V7J" ID="0a39f078-95bb-45bd-b17a-160e97899018">
      <InputValue FieldID="1">00000026B0V7J</InputValue>
    </Lead>
    <Lead CaseKey="00000026C0K46" ID="a5bebfe6-29ff-4301-b668-291bcaa16cc3">
      <InputValue FieldID="1">00000026C0K46</InputValue>
    </Lead>
    <Lead CaseKey="00000026C0V7J" ID="7588a1b6-720c-4449-a56d-6fca7da7d5fe">
      <InputValue FieldID="1">00000026C0V7J</InputValue>
    </Lead>
    <Lead CaseKey="00000026D0K46" ID="f1d80e30-cfd4-4b45-8990-9952101afe2d">
      <InputValue FieldID="1">00000026D0K46</InputValue>
    </Lead>
    <Lead CaseKey="00000026D0V7J" ID="9a7e1fe3-1ed9-4df4-aeea-8c37ac82879f">
      <InputValue FieldID="1">00000026D0V7J</InputValue>
    </Lead>
    <Lead CaseKey="00000026F0V7J" ID="6485c623-bdf1-4e4c-86b4-4f709a725a64">
      <InputValue FieldID="1">00000026F0V7J</InputValue>
    </Lead>
    <Lead CaseKey="00000026G0V7J" ID="ca7ec63c-4a1d-43a1-b49e-d708cd522169">
      <InputValue FieldID="1">00000026G0V7J</InputValue>
    </Lead>
    <Lead CaseKey="00000026H0V7J" ID="ccaa4589-e283-4af8-a903-f5525fb78a65">
      <InputValue FieldID="1">00000026H0V7J</InputValue>
    </Lead>
    <Lead CaseKey="00000026J0V7J" ID="fa066501-4671-4cf8-b0d0-fe571caee98e">
      <InputValue FieldID="1">00000026J0V7J</InputValue>
    </Lead>
    <Lead CaseKey="00000026K0V7J" ID="18fc4283-811d-4997-8a51-bfb922f77f3e">
      <InputValue FieldID="1">00000026K0V7J</InputValue>
    </Lead>
    <Lead CaseKey="0000002DZ0DJS" ID="2ecbc555-7ac3-4a88-9a06-cb1378ba4256">
      <InputValue FieldID="1">0000002DZ0DJS</InputValue>
    </Lead>
    <Lead CaseKey="0000002F00DJS" ID="9e3e6f2f-980d-4b22-9815-1f01dd0509e0">
      <InputValue FieldID="1">0000002F00DJS</InputValue>
    </Lead>
    <Lead CaseKey="0000002F10DJS" ID="842ee4a1-8605-4a85-8598-18e5e186d692">
      <InputValue FieldID="1">0000002F10DJS</InputValue>
    </Lead>
    <Lead CaseKey="0000002F20DJS" ID="76d3d172-2b44-4ed1-9429-32413c953062">
      <InputValue FieldID="1">0000002F20DJS</InputValue>
    </Lead>
    <Lead CaseKey="0000002F30DJS" ID="419a58b0-9361-4d3c-8978-3865109d406c">
      <InputValue FieldID="1">0000002F30DJS</InputValue>
    </Lead>
    <Lead CaseKey="0000002F40DJS" ID="1291a845-f246-4126-b635-77a7216012a4">
      <InputValue FieldID="1">0000002F40DJS</InputValue>
    </Lead>
    <Lead CaseKey="0000002F50DJS" ID="1f6bb1dd-b964-42dd-9144-82867e0f2be7">
      <InputValue FieldID="1">0000002F50DJS</InputValue>
    </Lead>
    <Lead CaseKey="0000002F60DJS" ID="f579efb8-2a5e-473e-afe9-71b808dcaa31">
      <InputValue FieldID="1">0000002F60DJS</InputValue>
    </Lead>
    <Lead CaseKey="0000002F70DJS" ID="6eb9287b-3bfa-496c-abde-7c6c853652dd">
      <InputValue FieldID="1">0000002F70DJS</InputValue>
    </Lead>
    <Lead CaseKey="0000002F80E97" ID="91d80a4d-a92a-4762-ae3d-3b01f77139f0">
      <InputValue FieldID="1">0000002F80E97</InputValue>
    </Lead>
    <Lead CaseKey="0000002F90E97" ID="6f7b5899-4db9-4553-b67d-a97ce0e1c0b0">
      <InputValue FieldID="1">0000002F90E97</InputValue>
    </Lead>
    <Lead CaseKey="0000002FQ0E97" ID="6ec56e02-a416-45d1-bc83-c8fcb7e6837e">
      <InputValue FieldID="1">0000002FQ0E97</InputValue>
    </Lead>
    <Lead CaseKey="0000002FS0E97" ID="10780d55-520e-4aa5-bdc9-021674f91b51">
      <InputValue FieldID="1">0000002FS0E97</InputValue>
    </Lead>
    <Lead CaseKey="0000002HM0D9T" ID="209917ea-6985-49ed-b9f9-e21a0efe2079">
      <InputValue FieldID="1">0000002HM0D9T</InputValue>
    </Lead>
    <Lead CaseKey="0000002HS0BPF" ID="fb6367ce-4618-4450-bb3e-c69a8394122c">
      <InputValue FieldID="1">0000002HS0BPF</InputValue>
    </Lead>
    <Lead CaseKey="0000002HT0BPF" ID="bedfadc0-b758-4beb-aa53-5a220f15703f">
      <InputValue FieldID="1">0000002HT0BPF</InputValue>
    </Lead>
    <Lead CaseKey="0000002J30BPF" ID="66d2f72b-0556-45f3-b1b1-ddf1e6fca0e1">
      <InputValue FieldID="1">0000002J30BPF</InputValue>
    </Lead>
    <Lead CaseKey="0000002J40BPF" ID="2636b365-702e-4581-bd21-6c8f276cb7bd">
      <InputValue FieldID="1">0000002J40BPF</InputValue>
    </Lead>
    <Lead CaseKey="0000002JF0BRL" ID="d21181a6-948a-473c-a16c-cd3352ceff1c">
      <InputValue FieldID="1">0000002JF0BRL</InputValue>
    </Lead>
    <Lead CaseKey="0000002JG0BRL" ID="a800bc97-752d-4b21-9853-3c8c8a4e5382">
      <InputValue FieldID="1">0000002JG0BRL</InputValue>
    </Lead>
    <Lead CaseKey="0000002JH0BRL" ID="ac5e2f02-6972-458d-87f4-50c964261b85">
      <InputValue FieldID="1">0000002JH0BRL</InputValue>
    </Lead>
    <Lead CaseKey="0000002JL0BRL" ID="64e4ef27-f9f7-4370-a864-bccbdeab7343">
      <InputValue FieldID="1">0000002JL0BRL</InputValue>
    </Lead>
    <Lead CaseKey="0000002JM0BRL" ID="6b19c3c6-f131-4096-874e-dd27494c8395">
      <InputValue FieldID="1">0000002JM0BRL</InputValue>
    </Lead>
    <Lead CaseKey="0000002JQ0D9T" ID="bb76d0bf-e164-41c1-b03e-7593ea0da986">
      <InputValue FieldID="1">0000002JQ0D9T</InputValue>
    </Lead>
    <Lead CaseKey="0000002JV0BRL" ID="a46ee88e-ad40-442b-9f10-3833c609a538">
      <InputValue FieldID="1">0000002JV0BRL</InputValue>
    </Lead>
    <Lead CaseKey="0000002JW0BRL" ID="c8d04f4f-6447-4eec-a564-a7050d9d8f69">
      <InputValue FieldID="1">0000002JW0BRL</InputValue>
    </Lead>
    <Lead CaseKey="0000002K30BRL" ID="5d9cc708-970d-41ce-abbb-7feb9efedae4">
      <InputValue FieldID="1">0000002K30BRL</InputValue>
    </Lead>
    <Lead CaseKey="0000002K40BRL" ID="0439568a-ec24-491a-86f9-b8976e6a2404">
      <InputValue FieldID="1">0000002K40BRL</InputValue>
    </Lead>
    <Lead CaseKey="0000002KH0HJN" ID="07e92243-2684-4cb5-b659-288584f5c85d">
      <InputValue FieldID="1">0000002KH0HJN</InputValue>
    </Lead>
    <Lead CaseKey="0000002KJ0HJN" ID="468d93c9-dbcd-4e68-abaa-db9baa22a823">
      <InputValue FieldID="1">0000002KJ0HJN</InputValue>
    </Lead>
    <Lead CaseKey="0000002KK0HJN" ID="85c57e6e-f709-4cf6-b33f-b2a607fd1a72">
      <InputValue FieldID="1">0000002KK0HJN</InputValue>
    </Lead>
    <Lead CaseKey="0000002KL0HJN" ID="25e67ebb-9ff5-4168-be1b-9d0a66a1bda7">
      <InputValue FieldID="1">0000002KL0HJN</InputValue>
    </Lead>
    <Lead CaseKey="0000002KM0HJN" ID="c8b00d5d-f5b7-4ecf-8a36-9d42975de906">
      <InputValue FieldID="1">0000002KM0HJN</InputValue>
    </Lead>
    <Lead CaseKey="0000002KN0HJN" ID="26295035-f686-46d4-be6f-3668c3300fb7">
      <InputValue FieldID="1">0000002KN0HJN</InputValue>
    </Lead>
    <Lead CaseKey="0000002KR0HJN" ID="ffb138ba-2ce7-45b8-85cc-77cf41e0a3be">
      <InputValue FieldID="1">0000002KR0HJN</InputValue>
    </Lead>
    <Lead CaseKey="0000002KS0HJN" ID="28703ea0-0c47-4834-8cf2-fb898dd0da98">
      <InputValue FieldID="1">0000002KS0HJN</InputValue>
    </Lead>
    <Lead CaseKey="0000002KT0HJN" ID="9af7d5f2-f182-49a7-aac9-3d7636436d55">
      <InputValue FieldID="1">0000002KT0HJN</InputValue>
    </Lead>
    <Lead CaseKey="0000002KV0HJN" ID="5baa0ce9-b1d0-4a9b-9a83-1f4230010dea">
      <InputValue FieldID="1">0000002KV0HJN</InputValue>
    </Lead>
    <Lead CaseKey="0000002KW0HJN" ID="4e0f3a4f-1e2f-4b75-9dbf-70748e54a997">
      <InputValue FieldID="1">0000002KW0HJN</InputValue>
    </Lead>
    <Lead CaseKey="0000002KY0HJN" ID="e18cb2e8-3606-437f-bc74-384d37849482">
      <InputValue FieldID="1">0000002KY0HJN</InputValue>
    </Lead>
    <Lead CaseKey="0000002KZ0HJN" ID="d3822606-c268-4ccf-8ac2-b58cfec8c81f">
      <InputValue FieldID="1">0000002KZ0HJN</InputValue>
    </Lead>
    <Lead CaseKey="0000002L00HJN" ID="43e04e92-6c9c-4fb0-be82-0f08c99f3973">
      <InputValue FieldID="1">0000002L00HJN</InputValue>
    </Lead>
    <Lead CaseKey="0000002L30HJN" ID="a873d7ca-ac1a-4ee0-b524-8efc7a97c3ef">
      <InputValue FieldID="1">0000002L30HJN</InputValue>
    </Lead>
    <Lead CaseKey="0000002L40HJN" ID="b4698de5-c335-486d-8ca0-305b4b77a48b">
      <InputValue FieldID="1">0000002L40HJN</InputValue>
    </Lead>
    <Lead CaseKey="0000002MX0E93" ID="5bc4d3a9-7485-470a-9469-b4226b8e841e">
      <InputValue FieldID="1">0000002MX0E93</InputValue>
    </Lead>
    <Lead CaseKey="0000002MY0E93" ID="74a59c24-e9b1-4f77-b3b4-b7f24c515998">
      <InputValue FieldID="1">0000002MY0E93</InputValue>
    </Lead>
    <Lead CaseKey="0000002MZ0E93" ID="3a93817c-24e1-493e-9088-60294f50cb38">
      <InputValue FieldID="1">0000002MZ0E93</InputValue>
    </Lead>
    <Lead CaseKey="0000002N00E93" ID="4b0b31b1-dcba-4434-9359-789a4d1ebbc6">
      <InputValue FieldID="1">0000002N00E93</InputValue>
    </Lead>
    <Lead CaseKey="0000002QD0W2W" ID="a2884194-0fe1-45e1-85a6-b8574e231ddf">
      <InputValue FieldID="1">0000002QD0W2W</InputValue>
    </Lead>
    <Lead CaseKey="0000002RL0E95" ID="28bf9c4f-c1bc-4fcd-b096-f3a6e5b21c5b">
      <InputValue FieldID="1">0000002RL0E95</InputValue>
    </Lead>
    <Lead CaseKey="0000002RM0E95" ID="ac8ed36c-adbe-4e8e-ae04-e1143d8f1302">
      <InputValue FieldID="1">0000002RM0E95</InputValue>
    </Lead>
    <Lead CaseKey="0000002RN0E95" ID="b40a0bbd-6b4f-462c-a20d-72cb18905dfa">
      <InputValue FieldID="1">0000002RN0E95</InputValue>
    </Lead>
    <Lead CaseKey="0000002RP0E95" ID="71a745d4-6a95-45ac-9279-e7537ac0b5c6">
      <InputValue FieldID="1">0000002RP0E95</InputValue>
    </Lead>
    <Lead CaseKey="0000002RQ0E95" ID="c7188c93-edad-4925-a51a-b94550fd89ce">
      <InputValue FieldID="1">0000002RQ0E95</InputValue>
    </Lead>
    <Lead CaseKey="0000002RR0E95" ID="5bdefa4f-3115-4f4d-b16d-fb5aeec86b6d">
      <InputValue FieldID="1">0000002RR0E95</InputValue>
    </Lead>
    <Lead CaseKey="0000002RS0E95" ID="7a640f88-7cad-4c62-bc6c-e468041d6640">
      <InputValue FieldID="1">0000002RS0E95</InputValue>
    </Lead>
    <Lead CaseKey="0000002RT0E95" ID="551b003e-252a-40da-a28b-49640629fe1f">
      <InputValue FieldID="1">0000002RT0E95</InputValue>
    </Lead>
    <Lead CaseKey="0000002RV0E95" ID="676da44c-1973-4e42-8a4b-585bd71d1faf">
      <InputValue FieldID="1">0000002RV0E95</InputValue>
    </Lead>
    <Lead CaseKey="0000002RW0E95" ID="d1aa7ff7-b691-444f-a6e3-dc628232a6ee">
      <InputValue FieldID="1">0000002RW0E95</InputValue>
    </Lead>
    <Lead CaseKey="0000002RX0E95" ID="ee70bb1e-3a26-425e-bbee-f58770f4f604">
      <InputValue FieldID="1">0000002RX0E95</InputValue>
    </Lead>
    <Lead CaseKey="0000002RY0E95" ID="9343ab75-2f82-4c46-aaf3-b1dc6c43e19d">
      <InputValue FieldID="1">0000002RY0E95</InputValue>
    </Lead>
    <Lead CaseKey="0000002RZ0E95" ID="9033c1ae-cd22-415d-b9ca-c8cbad1ab7c8">
      <InputValue FieldID="1">0000002RZ0E95</InputValue>
    </Lead>
    <Lead CaseKey="0000002RZ0W2W" ID="3e57f819-cc7e-434a-8217-f7c488aad538">
      <InputValue FieldID="1">0000002RZ0W2W</InputValue>
    </Lead>
    <Lead CaseKey="0000002S00E95" ID="9c444db7-80c3-428f-b5cd-76e5e49717d1">
      <InputValue FieldID="1">0000002S00E95</InputValue>
    </Lead>
    <Lead CaseKey="0000002S00W2W" ID="a60f59de-ad11-4c19-bb4e-3e0b71bcab1f">
      <InputValue FieldID="1">0000002S00W2W</InputValue>
    </Lead>
    <Lead CaseKey="0000002S10E95" ID="ce6d8630-19f5-4aad-9fdf-5762e83080b8">
      <InputValue FieldID="1">0000002S10E95</InputValue>
    </Lead>
    <Lead CaseKey="0000002S10W2W" ID="3ccc2846-dafd-4b61-ad3a-0df27e399c08">
      <InputValue FieldID="1">0000002S10W2W</InputValue>
    </Lead>
    <Lead CaseKey="0000002S20E95" ID="83547712-7402-435a-870d-049139c79701">
      <InputValue FieldID="1">0000002S20E95</InputValue>
    </Lead>
    <Lead CaseKey="0000002S20W2W" ID="1e55ee28-a9cd-493e-a2f4-5ca28ca252bd">
      <InputValue FieldID="1">0000002S20W2W</InputValue>
    </Lead>
    <Lead CaseKey="0000002S30W2W" ID="833b1699-8e11-4e3b-88f1-4bfb95812427">
      <InputValue FieldID="1">0000002S30W2W</InputValue>
    </Lead>
    <Lead CaseKey="0000002S40W2W" ID="10d1c02a-3d6e-4695-b8e1-ac5c131bb4b2">
      <InputValue FieldID="1">0000002S40W2W</InputValue>
    </Lead>
    <Lead CaseKey="0000002S50W2W" ID="a9808c57-0c6b-4af6-af68-b10c162e8140">
      <InputValue FieldID="1">0000002S50W2W</InputValue>
    </Lead>
    <Lead CaseKey="0000002TG0HCJ" ID="4b62bafd-83a6-4e95-813c-3778b007767f">
      <InputValue FieldID="1">0000002TG0HCJ</InputValue>
    </Lead>
    <Lead CaseKey="0000002TG0W2W" ID="0de1d708-4135-499d-beee-2025460f2273">
      <InputValue FieldID="1">0000002TG0W2W</InputValue>
    </Lead>
    <Lead CaseKey="0000002TH0HCJ" ID="0bd6ef24-b1c3-4ebd-92b2-177cfc7c2416">
      <InputValue FieldID="1">0000002TH0HCJ</InputValue>
    </Lead>
    <Lead CaseKey="0000002TH0W2W" ID="5bf0fb4d-1b07-4045-ae76-4ce9a1e2ad14">
      <InputValue FieldID="1">0000002TH0W2W</InputValue>
    </Lead>
    <Lead CaseKey="0000002TJ0HCJ" ID="98b9372b-8ced-4de0-8dc4-3182daa2c043">
      <InputValue FieldID="1">0000002TJ0HCJ</InputValue>
    </Lead>
    <Lead CaseKey="0000002TJ0W2W" ID="29f967fd-01c8-4853-99aa-d7933387c41e">
      <InputValue FieldID="1">0000002TJ0W2W</InputValue>
    </Lead>
    <Lead CaseKey="0000002TK0HCJ" ID="55429bdc-1b46-4371-aff2-3bf40083dbfa">
      <InputValue FieldID="1">0000002TK0HCJ</InputValue>
    </Lead>
    <Lead CaseKey="0000002TK0W2W" ID="753e77b0-5645-4102-8c2a-05d2b057c411">
      <InputValue FieldID="1">0000002TK0W2W</InputValue>
    </Lead>
    <Lead CaseKey="0000002TL0HCJ" ID="6838244f-80c1-4599-8def-6bb94210fee3">
      <InputValue FieldID="1">0000002TL0HCJ</InputValue>
    </Lead>
    <Lead CaseKey="0000002TL0W2W" ID="331c2731-badd-42ea-8550-f84ca4e9c8f9">
      <InputValue FieldID="1">0000002TL0W2W</InputValue>
    </Lead>
    <Lead CaseKey="0000002TM0HCJ" ID="9b5b2309-4a6d-4cc3-bfd7-50cd8477e217">
      <InputValue FieldID="1">0000002TM0HCJ</InputValue>
    </Lead>
    <Lead CaseKey="0000002TM0W2W" ID="8b98195f-a4ec-45c5-b679-5544df5a5c97">
      <InputValue FieldID="1">0000002TM0W2W</InputValue>
    </Lead>
    <Lead CaseKey="0000002TN0HCJ" ID="e3c8c996-2612-4121-b55f-ca8c5dce8c80">
      <InputValue FieldID="1">0000002TN0HCJ</InputValue>
    </Lead>
    <Lead CaseKey="0000002TN0W2W" ID="c3429138-c6c4-4fe8-9061-3e5a6414f598">
      <InputValue FieldID="1">0000002TN0W2W</InputValue>
    </Lead>
    <Lead CaseKey="0000002TP0C50" ID="820c2f6e-9881-49e9-9c50-4648f2f838e2">
      <InputValue FieldID="1">0000002TP0C50</InputValue>
    </Lead>
    <Lead CaseKey="0000002TP0HCJ" ID="24814a40-1bdb-46eb-8ae4-13a0aea3f9db">
      <InputValue FieldID="1">0000002TP0HCJ</InputValue>
    </Lead>
    <Lead CaseKey="0000002TQ0C50" ID="37247f23-6763-4ba7-a4bb-a1c729dd10ff">
      <InputValue FieldID="1">0000002TQ0C50</InputValue>
    </Lead>
    <Lead CaseKey="0000002TQ0HCJ" ID="2fdf3a39-0f1f-4638-98e6-165a3b35a6b9">
      <InputValue FieldID="1">0000002TQ0HCJ</InputValue>
    </Lead>
    <Lead CaseKey="0000002TR0C50" ID="7710bba8-5ebd-428b-b494-944c8d637b9b">
      <InputValue FieldID="1">0000002TR0C50</InputValue>
    </Lead>
    <Lead CaseKey="0000002TR0HCJ" ID="46651d18-c371-408c-b173-05e81125c9db">
      <InputValue FieldID="1">0000002TR0HCJ</InputValue>
    </Lead>
    <Lead CaseKey="0000002TS0C50" ID="834fc951-76da-4423-9116-2a5dd6de61c9">
      <InputValue FieldID="1">0000002TS0C50</InputValue>
    </Lead>
    <Lead CaseKey="0000002TS0HCJ" ID="e6bfe3ba-0126-4001-8b0b-d42409f24e36">
      <InputValue FieldID="1">0000002TS0HCJ</InputValue>
    </Lead>
    <Lead CaseKey="0000002TT0C50" ID="c0a23326-0630-411e-9a79-a4b24042c223">
      <InputValue FieldID="1">0000002TT0C50</InputValue>
    </Lead>
    <Lead CaseKey="0000002TT0HCJ" ID="77aaa2fd-29c0-4f20-b1ee-3b6064055c3d">
      <InputValue FieldID="1">0000002TT0HCJ</InputValue>
    </Lead>
    <Lead CaseKey="0000002TV0C50" ID="0cfae867-7914-4cf9-a2c2-d6fd58ddf3a8">
      <InputValue FieldID="1">0000002TV0C50</InputValue>
    </Lead>
    <Lead CaseKey="0000002TV0HCJ" ID="6124cfb7-d1e1-4c06-bd37-3b551b988f7c">
      <InputValue FieldID="1">0000002TV0HCJ</InputValue>
    </Lead>
    <Lead CaseKey="0000002TW0C50" ID="d4e743ed-8bee-4707-8627-e65a770d7ac8">
      <InputValue FieldID="1">0000002TW0C50</InputValue>
    </Lead>
    <Lead CaseKey="0000002TW0HCJ" ID="5d344841-ac76-454d-b92e-c157be8acd4b">
      <InputValue FieldID="1">0000002TW0HCJ</InputValue>
    </Lead>
    <Lead CaseKey="0000002TX0C50" ID="383a26ce-2eb7-4d3d-ba75-c3cfbf433705">
      <InputValue FieldID="1">0000002TX0C50</InputValue>
    </Lead>
    <Lead CaseKey="0000002TY0C50" ID="9feae256-3c2e-49cd-81d9-d4ffe24ccaa9">
      <InputValue FieldID="1">0000002TY0C50</InputValue>
    </Lead>
    <Lead CaseKey="0000002TZ0C50" ID="97ab3129-c723-407f-8a1d-3ab6452c22db">
      <InputValue FieldID="1">0000002TZ0C50</InputValue>
    </Lead>
    <Lead CaseKey="0000002V00C50" ID="56cebbd6-c915-4c2b-9888-01c09669e9f0">
      <InputValue FieldID="1">0000002V00C50</InputValue>
    </Lead>
    <Lead CaseKey="0000002V10C50" ID="81a598a1-b345-41d2-acdb-f150403fbe1a">
      <InputValue FieldID="1">0000002V10C50</InputValue>
    </Lead>
    <Lead CaseKey="0000002V20C50" ID="41efc847-0cd6-435f-af42-7494cc3bba4c">
      <InputValue FieldID="1">0000002V20C50</InputValue>
    </Lead>
    <Lead CaseKey="0000002V30C50" ID="4bd7c95d-4b01-42fb-9a99-e70f3faad09a">
      <InputValue FieldID="1">0000002V30C50</InputValue>
    </Lead>
    <Lead CaseKey="0000002V40C50" ID="eab9c53e-13ce-4986-951f-1eecbf886f70">
      <InputValue FieldID="1">0000002V40C50</InputValue>
    </Lead>
    <Lead CaseKey="0000002V50C50" ID="1e73f8a5-b44a-4aef-a70e-5e173be33d99">
      <InputValue FieldID="1">0000002V50C50</InputValue>
    </Lead>
    <Lead CaseKey="0000002V60C50" ID="796e6c76-85e6-4fa5-b654-da2b91f2797f">
      <InputValue FieldID="1">0000002V60C50</InputValue>
    </Lead>
    <Lead CaseKey="0000002V60HCJ" ID="c88d4d43-1aba-4f81-b0ca-24b91e30a84a">
      <InputValue FieldID="1">0000002V60HCJ</InputValue>
    </Lead>
    <Lead CaseKey="0000002V70C50" ID="55d805ee-b2ae-4d76-b9cf-8dbfb90d727e">
      <InputValue FieldID="1">0000002V70C50</InputValue>
    </Lead>
    <Lead CaseKey="0000002V80BV4" ID="0ef22643-634a-4436-bb74-dc802c69102f">
      <InputValue FieldID="1">0000002V80BV4</InputValue>
    </Lead>
    <Lead CaseKey="0000002V80C50" ID="4de187fb-ff3b-4db1-a119-b1031d15ba4f">
      <InputValue FieldID="1">0000002V80C50</InputValue>
    </Lead>
    <Lead CaseKey="0000002V80HCJ" ID="a4489bc9-a649-4560-90f8-babe605bbc5a">
      <InputValue FieldID="1">0000002V80HCJ</InputValue>
    </Lead>
    <Lead CaseKey="0000002V90BV4" ID="23033ba4-f8b7-4a6a-ae72-eb6eee35a594">
      <InputValue FieldID="1">0000002V90BV4</InputValue>
    </Lead>
    <Lead CaseKey="0000002V90C50" ID="3eb1e403-be55-44f2-ad87-3e80a0cae02b">
      <InputValue FieldID="1">0000002V90C50</InputValue>
    </Lead>
    <Lead CaseKey="0000002V90HCJ" ID="88b5f186-0fa3-4305-91fd-fce619b888a4">
      <InputValue FieldID="1">0000002V90HCJ</InputValue>
    </Lead>
    <Lead CaseKey="0000002VB0BV4" ID="76c1f1e6-b461-4a0a-87fb-ce72b2f5e935">
      <InputValue FieldID="1">0000002VB0BV4</InputValue>
    </Lead>
    <Lead CaseKey="0000002VB0C50" ID="b9f24604-e456-4a43-9ec5-adcdabbf6925">
      <InputValue FieldID="1">0000002VB0C50</InputValue>
    </Lead>
    <Lead CaseKey="0000002VB0HCJ" ID="36f46593-6ad0-4249-b95a-5ed1ee923516">
      <InputValue FieldID="1">0000002VB0HCJ</InputValue>
    </Lead>
    <Lead CaseKey="0000002VC0BV4" ID="d82f9686-8c01-43c1-8741-48c03b554741">
      <InputValue FieldID="1">0000002VC0BV4</InputValue>
    </Lead>
    <Lead CaseKey="0000002VC0C50" ID="1ee27158-9ad0-414a-90c0-d478a4e6fbe3">
      <InputValue FieldID="1">0000002VC0C50</InputValue>
    </Lead>
    <Lead CaseKey="0000002VC0HCJ" ID="1c37bf15-f72d-4697-81d1-448e2d4893ad">
      <InputValue FieldID="1">0000002VC0HCJ</InputValue>
    </Lead>
    <Lead CaseKey="0000002VD0BV4" ID="fb741eb9-b3cd-4fd2-9d66-cef75685276b">
      <InputValue FieldID="1">0000002VD0BV4</InputValue>
    </Lead>
    <Lead CaseKey="0000002VD0C50" ID="0fe23701-16fa-429c-a4f4-5ad4fbf108c2">
      <InputValue FieldID="1">0000002VD0C50</InputValue>
    </Lead>
    <Lead CaseKey="0000002VD0HCJ" ID="7ffd59bc-c0f6-45db-8755-c09bc391e608">
      <InputValue FieldID="1">0000002VD0HCJ</InputValue>
    </Lead>
    <Lead CaseKey="0000002VF0BV4" ID="65bbcff4-8dbe-46aa-b4a1-04beaa77f85d">
      <InputValue FieldID="1">0000002VF0BV4</InputValue>
    </Lead>
    <Lead CaseKey="0000002VF0C50" ID="c32684be-ef23-49bd-abf2-682c1b448cd6">
      <InputValue FieldID="1">0000002VF0C50</InputValue>
    </Lead>
    <Lead CaseKey="0000002VF0HCJ" ID="851a7eff-018c-45e7-942c-43e3ee9d022e">
      <InputValue FieldID="1">0000002VF0HCJ</InputValue>
    </Lead>
    <Lead CaseKey="0000002VG0BV4" ID="e3c973e5-3ec9-41e3-846d-0da7f3970a7a">
      <InputValue FieldID="1">0000002VG0BV4</InputValue>
    </Lead>
    <Lead CaseKey="0000002VG0HCJ" ID="d14db75b-074f-4c79-a940-0b5c02a46352">
      <InputValue FieldID="1">0000002VG0HCJ</InputValue>
    </Lead>
    <Lead CaseKey="0000002VH0BV4" ID="1e7a21cb-11f1-41e7-89ec-641b7b706461">
      <InputValue FieldID="1">0000002VH0BV4</InputValue>
    </Lead>
    <Lead CaseKey="0000002VH0HCJ" ID="b89682b7-3f3a-4d13-8a75-b8af81378924">
      <InputValue FieldID="1">0000002VH0HCJ</InputValue>
    </Lead>
    <Lead CaseKey="0000002VJ0BV4" ID="d876bd24-4a3f-45a4-82b6-0b9a98491c16">
      <InputValue FieldID="1">0000002VJ0BV4</InputValue>
    </Lead>
    <Lead CaseKey="0000002VR0C50" ID="d8eb6acf-a9bb-41e4-84d5-a8ce84f1a1ec">
      <InputValue FieldID="1">0000002VR0C50</InputValue>
    </Lead>
    <Lead CaseKey="0000002VS0C50" ID="84090f44-f804-42ee-88b4-0edbf5ac60d3">
      <InputValue FieldID="1">0000002VS0C50</InputValue>
    </Lead>
    <Lead CaseKey="0000002VT0C50" ID="a8233cca-711a-48b8-abba-a7c88b8a9a46">
      <InputValue FieldID="1">0000002VT0C50</InputValue>
    </Lead>
    <Lead CaseKey="0000002VV0C50" ID="cadaa375-42f7-442a-9559-67fc434980f5">
      <InputValue FieldID="1">0000002VV0C50</InputValue>
    </Lead>
    <Lead CaseKey="0000002VW0C50" ID="76cb9683-71f5-4203-b571-bad53544ea0d">
      <InputValue FieldID="1">0000002VW0C50</InputValue>
    </Lead>
    <Lead CaseKey="0000002VX0C50" ID="7c07f4c8-afc1-4042-9072-7960e4ef15e7">
      <InputValue FieldID="1">0000002VX0C50</InputValue>
    </Lead>
    <Lead CaseKey="0000002W10C50" ID="a9806311-33a2-4b64-80f1-5740ca8c8831">
      <InputValue FieldID="1">0000002W10C50</InputValue>
    </Lead>
    <Lead CaseKey="0000002W20C50" ID="91f51325-350b-43f1-82b6-5231b14514f1">
      <InputValue FieldID="1">0000002W20C50</InputValue>
    </Lead>
    <Lead CaseKey="0000002W30C50" ID="1e57c73e-3a36-4a1a-a13a-92bafe5bbcdf">
      <InputValue FieldID="1">0000002W30C50</InputValue>
    </Lead>
    <Lead CaseKey="0000002W40C50" ID="23af0c7a-f2ee-42f3-8f8b-26759073c532">
      <InputValue FieldID="1">0000002W40C50</InputValue>
    </Lead>
    <Lead CaseKey="0000002W50C50" ID="eaa2886f-9e24-4212-b83e-0907c1a7ff45">
      <InputValue FieldID="1">0000002W50C50</InputValue>
    </Lead>
    <Lead CaseKey="0000002W60C50" ID="8df5c9f9-f23c-4156-9c34-0af6bdf63150">
      <InputValue FieldID="1">0000002W60C50</InputValue>
    </Lead>
    <Lead CaseKey="0000002W70C50" ID="9e1ac91e-798a-4763-b0d5-f16d96631251">
      <InputValue FieldID="1">0000002W70C50</InputValue>
    </Lead>
    <Lead CaseKey="0000002W80C50" ID="34c345a6-9fd8-4f15-ab5e-55b2524e8aa6">
      <InputValue FieldID="1">0000002W80C50</InputValue>
    </Lead>
    <Lead CaseKey="0000002W90C50" ID="28efc10a-a373-4e52-9ac4-a56094880ca3">
      <InputValue FieldID="1">0000002W90C50</InputValue>
    </Lead>
    <Lead CaseKey="0000002WB0C50" ID="27aa46c0-e34c-48b2-a16f-686f145f5703">
      <InputValue FieldID="1">0000002WB0C50</InputValue>
    </Lead>
    <Lead CaseKey="0000002WC0C50" ID="8871d835-5f59-4a5e-bdc2-151badfabf9f">
      <InputValue FieldID="1">0000002WC0C50</InputValue>
    </Lead>
    <Lead CaseKey="0000002WD0C50" ID="2086cb15-970e-4116-9615-1fe60512fd5c">
      <InputValue FieldID="1">0000002WD0C50</InputValue>
    </Lead>
    <Lead CaseKey="0000002WF0C50" ID="0acb331c-dfd8-4db7-a047-73951b50f007">
      <InputValue FieldID="1">0000002WF0C50</InputValue>
    </Lead>
    <Lead CaseKey="0000002WG0C50" ID="05b0b11e-e65d-4b03-a0a9-2f51075f57d3">
      <InputValue FieldID="1">0000002WG0C50</InputValue>
    </Lead>
    <Lead CaseKey="0000002WH0C50" ID="69be3c79-53f1-44d7-89bf-e4266184cf44">
      <InputValue FieldID="1">0000002WH0C50</InputValue>
    </Lead>
    <Lead CaseKey="0000002WJ0C50" ID="8ed09420-e6ce-4489-83be-d433e9c92112">
      <InputValue FieldID="1">0000002WJ0C50</InputValue>
    </Lead>
    <Lead CaseKey="0000002WK0C50" ID="712c0323-a3dd-41e8-ab24-a81fd6da1695">
      <InputValue FieldID="1">0000002WK0C50</InputValue>
    </Lead>
    <Lead CaseKey="0000002WL0C50" ID="86b944b3-f7f9-40b5-8c0a-f25519fdfeb2">
      <InputValue FieldID="1">0000002WL0C50</InputValue>
    </Lead>
    <Lead CaseKey="0000002WM0C50" ID="df26d8c9-053b-49b1-8a61-1aa0d880ffa3">
      <InputValue FieldID="1">0000002WM0C50</InputValue>
    </Lead>
    <Lead CaseKey="0000002WN0C50" ID="7a699213-bb4c-488c-8f94-b6b3519177d4">
      <InputValue FieldID="1">0000002WN0C50</InputValue>
    </Lead>
    <Lead CaseKey="0000002X00C50" ID="35a7819b-f943-49c0-8259-f21c97720ee7">
      <InputValue FieldID="1">0000002X00C50</InputValue>
    </Lead>
    <Lead CaseKey="0000002X10C50" ID="6978d9ea-7cc2-4f07-b146-a359f8da06f6">
      <InputValue FieldID="1">0000002X10C50</InputValue>
    </Lead>
    <Lead CaseKey="0000002X80C50" ID="a3175cf9-5344-442c-955c-ed6a4379697c">
      <InputValue FieldID="1">0000002X80C50</InputValue>
    </Lead>
    <Lead CaseKey="0000002X90C50" ID="647351c2-9cbb-4dd7-8934-0c26513a7c7a">
      <InputValue FieldID="1">0000002X90C50</InputValue>
    </Lead>
    <Lead CaseKey="0000002XB0C50" ID="4f71dfe5-9ef0-478b-8f7c-956770ef35fc">
      <InputValue FieldID="1">0000002XB0C50</InputValue>
    </Lead>
    <Lead CaseKey="0000002XC0C50" ID="761146fb-0e22-479f-b1b8-5521f5bbca3b">
      <InputValue FieldID="1">0000002XC0C50</InputValue>
    </Lead>
    <Lead CaseKey="0000002XD0C50" ID="d40ace5a-5a9f-4b68-979c-42fc6ddc800c">
      <InputValue FieldID="1">0000002XD0C50</InputValue>
    </Lead>
    <Lead CaseKey="0000002XF0C50" ID="aeec5562-1b51-478c-9c8a-d8482623f570">
      <InputValue FieldID="1">0000002XF0C50</InputValue>
    </Lead>
    <Lead CaseKey="0000002XG0C50" ID="770abf6d-75b7-4212-af35-2a34d58b8250">
      <InputValue FieldID="1">0000002XG0C50</InputValue>
    </Lead>
    <Lead CaseKey="0000002XH0C50" ID="8f332708-ce2e-4a2a-98ff-47325e6e346d">
      <InputValue FieldID="1">0000002XH0C50</InputValue>
    </Lead>
    <Lead CaseKey="0000002XJ0C50" ID="eecf9727-8e89-4f56-ae5b-d8b8f18bc127">
      <InputValue FieldID="1">0000002XJ0C50</InputValue>
    </Lead>
    <Lead CaseKey="0000002XK0C50" ID="c9cf712e-3382-4841-b974-bb1c6187ccf4">
      <InputValue FieldID="1">0000002XK0C50</InputValue>
    </Lead>
    <Lead CaseKey="0000002XL0C50" ID="974ceee6-b57a-458b-bbab-e5b403765499">
      <InputValue FieldID="1">0000002XL0C50</InputValue>
    </Lead>
    <Lead CaseKey="0000002XM0C50" ID="2f94a65b-e3cf-417c-82c7-e65c7d0ac176">
      <InputValue FieldID="1">0000002XM0C50</InputValue>
    </Lead>
    <Lead CaseKey="0000002XN0C50" ID="bc4e311a-c0a0-4c8f-9cd8-bb3034b20a63">
      <InputValue FieldID="1">0000002XN0C50</InputValue>
    </Lead>
    <Lead CaseKey="0000002XP0C50" ID="f4914217-a3fa-469b-8e2d-15faecc5775a">
      <InputValue FieldID="1">0000002XP0C50</InputValue>
    </Lead>
    <Lead CaseKey="0000002XQ0C50" ID="91db9ec0-4239-412e-b8ca-cea56c19c087">
      <InputValue FieldID="1">0000002XQ0C50</InputValue>
    </Lead>
    <Lead CaseKey="0000002XR0C50" ID="52dfea6b-50ec-45b8-8307-ccf1e59d67b2">
      <InputValue FieldID="1">0000002XR0C50</InputValue>
    </Lead>
    <Lead CaseKey="0000002XS0C50" ID="3af65481-78af-41a5-87fc-8c41b1bbd3d0">
      <InputValue FieldID="1">0000002XS0C50</InputValue>
    </Lead>
    <Lead CaseKey="0000002XT0C50" ID="8f8bf375-d151-40c0-8ab7-273f9110407e">
      <InputValue FieldID="1">0000002XT0C50</InputValue>
    </Lead>
    <Lead CaseKey="0000002XV0C50" ID="3e632096-f9f7-4904-92b8-1aac140ef796">
      <InputValue FieldID="1">0000002XV0C50</InputValue>
    </Lead>
    <Lead CaseKey="0000002XW0C50" ID="e1235dd8-9352-4dca-b1e3-cb4ae5cbcee6">
      <InputValue FieldID="1">0000002XW0C50</InputValue>
    </Lead>
    <Lead CaseKey="0000002XX0C50" ID="1135354d-4ea2-4ddc-9e3a-2db9ab81b50c">
      <InputValue FieldID="1">0000002XX0C50</InputValue>
    </Lead>
    <Lead CaseKey="0000002XY0C50" ID="75e59bb3-077f-470c-91cf-44f00cbe6aa0">
      <InputValue FieldID="1">0000002XY0C50</InputValue>
    </Lead>
    <Lead CaseKey="0000002YD0K3B" ID="5e457be8-b400-4ce3-814c-8812b5378a4d">
      <InputValue FieldID="1">0000002YD0K3B</InputValue>
    </Lead>
    <Lead CaseKey="0000002YF0K3B" ID="ca6c73dd-65ac-4914-934e-0649f32687af">
      <InputValue FieldID="1">0000002YF0K3B</InputValue>
    </Lead>
    <Lead CaseKey="0000002YG0K3B" ID="1e064042-404a-4308-bd75-51b0babcd219">
      <InputValue FieldID="1">0000002YG0K3B</InputValue>
    </Lead>
    <Lead CaseKey="0000002YH0K3B" ID="7c976fe3-c9a0-405b-9516-2d2e6af2fc61">
      <InputValue FieldID="1">0000002YH0K3B</InputValue>
    </Lead>
    <Lead CaseKey="0000002YJ0K3B" ID="b6dd9029-f758-4859-9d07-036d4fd7b610">
      <InputValue FieldID="1">0000002YJ0K3B</InputValue>
    </Lead>
    <Lead CaseKey="0000002YK0K3B" ID="dad382c1-dd47-4bb7-a3b8-9723321b5a88">
      <InputValue FieldID="1">0000002YK0K3B</InputValue>
    </Lead>
    <Lead CaseKey="0000002YL0K3B" ID="972b3ff2-e85c-4db1-b7ee-1fb3ed0f8079">
      <InputValue FieldID="1">0000002YL0K3B</InputValue>
    </Lead>
    <Lead CaseKey="0000002YM0K3B" ID="0b077de1-d51a-45d6-b999-3c67a49f623f">
      <InputValue FieldID="1">0000002YM0K3B</InputValue>
    </Lead>
    <Lead CaseKey="0000002YN0K3B" ID="0d952201-1aa1-4fc0-a796-3084a40da401">
      <InputValue FieldID="1">0000002YN0K3B</InputValue>
    </Lead>
    <Lead CaseKey="0000002YP0K3B" ID="e7b0f7ee-45d0-403e-8e9e-4796382b8c7b">
      <InputValue FieldID="1">0000002YP0K3B</InputValue>
    </Lead>
    <Lead CaseKey="0000002YQ0K3B" ID="9756962f-5cfc-4a2c-bcf2-12645140d893">
      <InputValue FieldID="1">0000002YQ0K3B</InputValue>
    </Lead>
    <Lead CaseKey="0000002YT0K3B" ID="34fdf20f-b147-4089-9e6a-84e46f405aec">
      <InputValue FieldID="1">0000002YT0K3B</InputValue>
    </Lead>
    <Lead CaseKey="0000002YV0K3B" ID="32f84ac6-965e-497a-80da-3b40374120df">
      <InputValue FieldID="1">0000002YV0K3B</InputValue>
    </Lead>
    <Lead CaseKey="0000002YW0K3B" ID="a5daa528-3e5d-4482-b6e0-b45b66391034">
      <InputValue FieldID="1">0000002YW0K3B</InputValue>
    </Lead>
    <Lead CaseKey="0000002YX0K3B" ID="dc633813-2aee-4b56-8781-4f5e8701e24d">
      <InputValue FieldID="1">0000002YX0K3B</InputValue>
    </Lead>
    <Lead CaseKey="0000002YY0K3B" ID="d1c45599-60be-4b67-80da-18651f591577">
      <InputValue FieldID="1">0000002YY0K3B</InputValue>
    </Lead>
    <Lead CaseKey="0000002YZ0K3B" ID="768284fe-88fb-4dd2-813b-fab5313d0722">
      <InputValue FieldID="1">0000002YZ0K3B</InputValue>
    </Lead>
    <Lead CaseKey="0000002Z00K3B" ID="3e5ec2db-e11f-4f49-be13-d31b91eb66c1">
      <InputValue FieldID="1">0000002Z00K3B</InputValue>
    </Lead>
    <Lead CaseKey="0000002Z10K3B" ID="7d5c338c-101f-4951-b5c7-a902d910be84">
      <InputValue FieldID="1">0000002Z10K3B</InputValue>
    </Lead>
    <Lead CaseKey="0000002Z20K3B" ID="9ed3645a-bbce-47e3-822d-8419a53c68f1">
      <InputValue FieldID="1">0000002Z20K3B</InputValue>
    </Lead>
    <Lead CaseKey="0000002Z30K3B" ID="f493b238-23ac-4592-9aad-ba2be4cbac97">
      <InputValue FieldID="1">0000002Z30K3B</InputValue>
    </Lead>
    <Lead CaseKey="0000002Z40K3B" ID="f388eecf-8a7a-40d8-ac3c-18136d0936ba">
      <InputValue FieldID="1">0000002Z40K3B</InputValue>
    </Lead>
    <Lead CaseKey="0000002Z50K3B" ID="c726cd0e-4ce2-4030-8991-9a59d2c4f228">
      <InputValue FieldID="1">0000002Z50K3B</InputValue>
    </Lead>
    <Lead CaseKey="0000002Z60K3B" ID="ed0a3691-0f36-428e-b3b1-28c1bd0efdf2">
      <InputValue FieldID="1">0000002Z60K3B</InputValue>
    </Lead>
    <Lead CaseKey="0000002Z70K3B" ID="0a5b8009-4ebd-4564-ba7d-8d603800d043">
      <InputValue FieldID="1">0000002Z70K3B</InputValue>
    </Lead>
    <Lead CaseKey="0000002Z80K3B" ID="e54406ca-e291-445c-a4b2-1dadcc8ddf6a">
      <InputValue FieldID="1">0000002Z80K3B</InputValue>
    </Lead>
    <Lead CaseKey="0000002Z90K3B" ID="51819800-16ac-47b8-a891-e1c354f50f5e">
      <InputValue FieldID="1">0000002Z90K3B</InputValue>
    </Lead>
    <Lead CaseKey="0000002ZF0K3B" ID="2d79f7f1-910f-48b8-88c2-a2f28a4f1d88">
      <InputValue FieldID="1">0000002ZF0K3B</InputValue>
    </Lead>
    <Lead CaseKey="0000003070E9B" ID="268c2ca7-fa57-4935-a72a-02b092a80c28">
      <InputValue FieldID="1">0000003070E9B</InputValue>
    </Lead>
    <Lead CaseKey="0000003080E9B" ID="082824f8-506d-4288-ad3f-75b1b69dba5b">
      <InputValue FieldID="1">0000003080E9B</InputValue>
    </Lead>
    <Lead CaseKey="0000003090E9B" ID="c7f853f7-80d6-4108-a4cb-d59bf0c25b08">
      <InputValue FieldID="1">0000003090E9B</InputValue>
    </Lead>
    <Lead CaseKey="00000030B0E9B" ID="ac11762d-e97c-44ac-bdf7-d6bd5126f0ca">
      <InputValue FieldID="1">00000030B0E9B</InputValue>
    </Lead>
    <Lead CaseKey="00000030C0E9B" ID="18835002-80e7-4e09-9018-01b0252d0b4f">
      <InputValue FieldID="1">00000030C0E9B</InputValue>
    </Lead>
    <Lead CaseKey="00000030D0E9B" ID="5aae8a82-e7b6-4060-ada9-7a581dcf64ad">
      <InputValue FieldID="1">00000030D0E9B</InputValue>
    </Lead>
    <Lead CaseKey="00000030F0E9B" ID="cdd9f2d8-f0e1-4519-bc27-1bdb0ab99ded">
      <InputValue FieldID="1">00000030F0E9B</InputValue>
    </Lead>
    <Lead CaseKey="00000030G0E9B" ID="b0c921d9-0691-4b34-89f0-3bfb668bdbdc">
      <InputValue FieldID="1">00000030G0E9B</InputValue>
    </Lead>
    <Lead CaseKey="00000030H0E9B" ID="dba75604-a296-4be8-9657-fa350cb74dc0">
      <InputValue FieldID="1">00000030H0E9B</InputValue>
    </Lead>
    <Lead CaseKey="00000030J0E9B" ID="bd531d90-cbfa-423d-bc99-301fd55a8320">
      <InputValue FieldID="1">00000030J0E9B</InputValue>
    </Lead>
    <Lead CaseKey="00000030N0E9B" ID="6cdb08a5-5faa-4bf0-8fcb-76d7375cc21d">
      <InputValue FieldID="1">00000030N0E9B</InputValue>
    </Lead>
    <Lead CaseKey="00000030P0E9B" ID="39b831cd-cad6-4677-b2a3-b00c56e82e65">
      <InputValue FieldID="1">00000030P0E9B</InputValue>
    </Lead>
    <Lead CaseKey="00000030Q0E9B" ID="0cd98302-879a-4e94-bb13-2c29176e0ec9">
      <InputValue FieldID="1">00000030Q0E9B</InputValue>
    </Lead>
    <Lead CaseKey="0000003110V6S" ID="72d777eb-1eb7-4e60-a235-9eb0724f2aa2">
      <InputValue FieldID="1">0000003110V6S</InputValue>
    </Lead>
    <Lead CaseKey="0000003120V6S" ID="8ea78e51-eade-4260-82bb-5e45d115321d">
      <InputValue FieldID="1">0000003120V6S</InputValue>
    </Lead>
    <Lead CaseKey="0000003130V6S" ID="0f28693a-9eed-4601-a7cf-9d6bf725c651">
      <InputValue FieldID="1">0000003130V6S</InputValue>
    </Lead>
    <Lead CaseKey="0000003150V6S" ID="d9b767ff-8ab2-4a82-9d34-d1b1f64a9ab9">
      <InputValue FieldID="1">0000003150V6S</InputValue>
    </Lead>
    <Lead CaseKey="0000003160V6S" ID="d14e10db-5671-4d86-8f1d-7deeb627c30a">
      <InputValue FieldID="1">0000003160V6S</InputValue>
    </Lead>
    <Lead CaseKey="0000003170V6S" ID="687f066e-4d54-4518-952e-c75b3a802df8">
      <InputValue FieldID="1">0000003170V6S</InputValue>
    </Lead>
    <Lead CaseKey="00000031C0V6S" ID="a7a9997c-f898-45e6-8d3f-749e62a4f378">
      <InputValue FieldID="1">00000031C0V6S</InputValue>
    </Lead>
    <Lead CaseKey="00000031D0V6S" ID="214b58e5-d9e7-48a0-9256-c0dfde046b42">
      <InputValue FieldID="1">00000031D0V6S</InputValue>
    </Lead>
    <Lead CaseKey="00000031F0V6S" ID="126eecf3-e302-45af-89ef-7e2a8ed4d46a">
      <InputValue FieldID="1">00000031F0V6S</InputValue>
    </Lead>
    <Lead CaseKey="00000031G0V6S" ID="351eac49-fc66-4ec1-bc8a-f5e3b6a364a1">
      <InputValue FieldID="1">00000031G0V6S</InputValue>
    </Lead>
    <Lead CaseKey="00000031H0V6S" ID="7da46f7d-a198-47c0-8cd1-4c4bab78e71f">
      <InputValue FieldID="1">00000031H0V6S</InputValue>
    </Lead>
    <Lead CaseKey="00000031J0V6S" ID="67158536-dd26-46df-8674-53e415cf6b92">
      <InputValue FieldID="1">00000031J0V6S</InputValue>
    </Lead>
    <Lead CaseKey="00000031K0V6S" ID="1bfee2d4-80e1-4812-bc76-0e01da0d1c01">
      <InputValue FieldID="1">00000031K0V6S</InputValue>
    </Lead>
    <Lead CaseKey="00000031L0V6S" ID="2318063a-a562-4694-b1c9-43805f882c07">
      <InputValue FieldID="1">00000031L0V6S</InputValue>
    </Lead>
    <Lead CaseKey="00000031M0V6S" ID="3290c011-26f6-49c6-9ef5-af88af78d735">
      <InputValue FieldID="1">00000031M0V6S</InputValue>
    </Lead>
    <Lead CaseKey="00000031N0V6S" ID="cf8e7e9e-3566-49a6-a2d7-85f1b40c5029">
      <InputValue FieldID="1">00000031N0V6S</InputValue>
    </Lead>
    <Lead CaseKey="00000031P0V6S" ID="b9810eeb-37ec-4df8-95a4-7a07d02bfc46">
      <InputValue FieldID="1">00000031P0V6S</InputValue>
    </Lead>
    <Lead CaseKey="00000031Q0V6S" ID="0d4740c5-de49-4544-a128-ba68a5f63d16">
      <InputValue FieldID="1">00000031Q0V6S</InputValue>
    </Lead>
    <Lead CaseKey="00000031R0V6S" ID="489475af-96f0-43c9-8146-f2f16668fc92">
      <InputValue FieldID="1">00000031R0V6S</InputValue>
    </Lead>
    <Lead CaseKey="00000031S0V6S" ID="17ff7bfe-3943-4cc6-9a6c-f40c5e3202ac">
      <InputValue FieldID="1">00000031S0V6S</InputValue>
    </Lead>
    <Lead CaseKey="00000031T0V6S" ID="96d6b118-f1dc-41ad-8a7f-9203409a76d3">
      <InputValue FieldID="1">00000031T0V6S</InputValue>
    </Lead>
    <Lead CaseKey="00000031V0V6S" ID="a550246d-09c1-43f9-a75d-62fecae88d1f">
      <InputValue FieldID="1">00000031V0V6S</InputValue>
    </Lead>
    <Lead CaseKey="00000031W0V6S" ID="9db26ce9-28a4-475c-ba13-d86ac4353c31">
      <InputValue FieldID="1">00000031W0V6S</InputValue>
    </Lead>
    <Lead CaseKey="00000031X0V6S" ID="5bd4ba64-a5e4-410d-9c98-9c8d129f7b1c">
      <InputValue FieldID="1">00000031X0V6S</InputValue>
    </Lead>
    <Lead CaseKey="00000031Y0V6S" ID="9a460999-9dd0-4fda-8b10-194d2659005f">
      <InputValue FieldID="1">00000031Y0V6S</InputValue>
    </Lead>
    <Lead CaseKey="0000003220V6S" ID="ef3069b2-e33a-417c-8784-25744a2a9ff7">
      <InputValue FieldID="1">0000003220V6S</InputValue>
    </Lead>
    <Lead CaseKey="0000003230V6S" ID="832711e7-14d5-495b-a5a5-ae8b4576bb47">
      <InputValue FieldID="1">0000003230V6S</InputValue>
    </Lead>
    <Lead CaseKey="0000003240V6S" ID="04f84bd8-0fa7-4205-bb48-9cee44ec1eb9">
      <InputValue FieldID="1">0000003240V6S</InputValue>
    </Lead>
    <Lead CaseKey="0000003250V6S" ID="a6949384-7aad-4d6c-985f-cb3ab6e02e7f">
      <InputValue FieldID="1">0000003250V6S</InputValue>
    </Lead>
    <Lead CaseKey="0000003260V6S" ID="a054ee68-4871-4be2-8d25-9b54a4cfa19b">
      <InputValue FieldID="1">0000003260V6S</InputValue>
    </Lead>
    <Lead CaseKey="0000003270V6S" ID="e067d6f0-a415-4068-b96f-16dfd42a6cea">
      <InputValue FieldID="1">0000003270V6S</InputValue>
    </Lead>
    <Lead CaseKey="0000003280V6S" ID="79f398a9-30f8-44d5-a4af-55d7149ffdfd">
      <InputValue FieldID="1">0000003280V6S</InputValue>
    </Lead>
    <Lead CaseKey="0000003290V6S" ID="6c78adb5-a4a1-4a33-8491-219abca786df">
      <InputValue FieldID="1">0000003290V6S</InputValue>
    </Lead>
    <Lead CaseKey="00000032B0V6S" ID="949072e1-6054-4eae-a3b4-d4e01dca1243">
      <InputValue FieldID="1">00000032B0V6S</InputValue>
    </Lead>
    <Lead CaseKey="00000032C0V6S" ID="dda5516e-e6c2-4030-ad41-5bd679c33945">
      <InputValue FieldID="1">00000032C0V6S</InputValue>
    </Lead>
    <Lead CaseKey="00000032D0LZC" ID="f241a3a9-49a2-441a-bd4e-7d505a96953f">
      <InputValue FieldID="1">00000032D0LZC</InputValue>
    </Lead>
    <Lead CaseKey="00000032D0V6S" ID="5f068e6d-8f6a-48b8-982c-0a25eec9c679">
      <InputValue FieldID="1">00000032D0V6S</InputValue>
    </Lead>
    <Lead CaseKey="00000032F0LZC" ID="a24f7956-a833-42a7-b36a-a1f9e8cdfb46">
      <InputValue FieldID="1">00000032F0LZC</InputValue>
    </Lead>
    <Lead CaseKey="00000032F0V6S" ID="fbcdbbd7-de4d-4ad0-8812-5607c985dc65">
      <InputValue FieldID="1">00000032F0V6S</InputValue>
    </Lead>
    <Lead CaseKey="00000032G0LZC" ID="d4764919-5b65-46cc-a7a2-e9143550c6f6">
      <InputValue FieldID="1">00000032G0LZC</InputValue>
    </Lead>
    <Lead CaseKey="00000032G0V6S" ID="067fe5df-f390-4248-a62a-57d32148e2a5">
      <InputValue FieldID="1">00000032G0V6S</InputValue>
    </Lead>
    <Lead CaseKey="00000032H0LZC" ID="3d3cd048-de92-4ee1-87da-d9ce7ebf9757">
      <InputValue FieldID="1">00000032H0LZC</InputValue>
    </Lead>
    <Lead CaseKey="00000032J0LZC" ID="a69863f8-87db-4082-83ec-d7ca0214a2b1">
      <InputValue FieldID="1">00000032J0LZC</InputValue>
    </Lead>
    <Lead CaseKey="00000032K0LZC" ID="43294b53-7a96-443f-97c6-dcb048d6d74f">
      <InputValue FieldID="1">00000032K0LZC</InputValue>
    </Lead>
    <Lead CaseKey="00000032L0LZC" ID="b27498e3-e918-44c3-a012-47a1f87f830e">
      <InputValue FieldID="1">00000032L0LZC</InputValue>
    </Lead>
    <Lead CaseKey="00000032M0LZC" ID="9a0d0317-78de-41d1-a4df-0235cae093c5">
      <InputValue FieldID="1">00000032M0LZC</InputValue>
    </Lead>
    <Lead CaseKey="00000032P0V6S" ID="3cfffc86-42e2-4823-9dfa-46f837becfab">
      <InputValue FieldID="1">00000032P0V6S</InputValue>
    </Lead>
    <Lead CaseKey="00000032Q0V6S" ID="4e60fff1-179b-48bd-b4ee-a53b3200e5a4">
      <InputValue FieldID="1">00000032Q0V6S</InputValue>
    </Lead>
    <Lead CaseKey="00000032R0V6S" ID="536e9191-4914-4663-9b24-bba750a8fc9e">
      <InputValue FieldID="1">00000032R0V6S</InputValue>
    </Lead>
    <Lead CaseKey="00000032S0V6S" ID="15cb5ec5-fdc0-42bb-a5a6-ad001b462584">
      <InputValue FieldID="1">00000032S0V6S</InputValue>
    </Lead>
    <Lead CaseKey="00000032T0V6S" ID="e1fa8270-a6eb-4830-bc47-bb358cf9e597">
      <InputValue FieldID="1">00000032T0V6S</InputValue>
    </Lead>
    <Lead CaseKey="00000032V0V6S" ID="5540566c-6b90-4873-9dea-92b19477308c">
      <InputValue FieldID="1">00000032V0V6S</InputValue>
    </Lead>
    <Lead CaseKey="00000032W0LZC" ID="2f636c5c-7389-4b9d-93ba-7baca5ee37c8">
      <InputValue FieldID="1">00000032W0LZC</InputValue>
    </Lead>
    <Lead CaseKey="00000032W0V6S" ID="94eb1a55-862b-4834-95ef-d7fa3f9a4ea5">
      <InputValue FieldID="1">00000032W0V6S</InputValue>
    </Lead>
    <Lead CaseKey="00000032X0LZC" ID="a0751d72-90d6-43c0-adb2-fa3295d3cb04">
      <InputValue FieldID="1">00000032X0LZC</InputValue>
    </Lead>
    <Lead CaseKey="00000032X0V6S" ID="e8f7d486-440a-4152-810f-c6ae701f6a56">
      <InputValue FieldID="1">00000032X0V6S</InputValue>
    </Lead>
    <Lead CaseKey="00000032Y0LZC" ID="3ed46c34-5b81-4051-8793-c5e0862e1047">
      <InputValue FieldID="1">00000032Y0LZC</InputValue>
    </Lead>
    <Lead CaseKey="00000032Y0V6S" ID="548fa0cf-6b53-4d6e-8863-fc7c017e0f50">
      <InputValue FieldID="1">00000032Y0V6S</InputValue>
    </Lead>
    <Lead CaseKey="00000032Z0LZC" ID="7e13bb3c-afca-4bbd-94fc-98dd9ded3fbc">
      <InputValue FieldID="1">00000032Z0LZC</InputValue>
    </Lead>
    <Lead CaseKey="00000032Z0V6S" ID="fd1f5491-cae1-4934-a5cd-1b5a5b765667">
      <InputValue FieldID="1">00000032Z0V6S</InputValue>
    </Lead>
    <Lead CaseKey="0000003300LZC" ID="b6393550-07e6-46d2-90d1-48526518be61">
      <InputValue FieldID="1">0000003300LZC</InputValue>
    </Lead>
    <Lead CaseKey="0000003300V6S" ID="28fd3124-2554-47cb-90fc-4c9f364ce208">
      <InputValue FieldID="1">0000003300V6S</InputValue>
    </Lead>
    <Lead CaseKey="0000003310LZC" ID="3ceb298a-4918-4609-a27c-3d08c36ca731">
      <InputValue FieldID="1">0000003310LZC</InputValue>
    </Lead>
    <Lead CaseKey="0000003310V6S" ID="cf52a69c-7e39-4561-bc37-0e0bdd30d8cb">
      <InputValue FieldID="1">0000003310V6S</InputValue>
    </Lead>
    <Lead CaseKey="0000003320LZC" ID="4a7e0202-42f1-497a-9eee-4a4aa610f0a5">
      <InputValue FieldID="1">0000003320LZC</InputValue>
    </Lead>
    <Lead CaseKey="0000003320V6S" ID="9fc95980-3e95-4946-930c-cae81e772105">
      <InputValue FieldID="1">0000003320V6S</InputValue>
    </Lead>
    <Lead CaseKey="0000003330LZC" ID="cc7aad3f-e3a3-48a8-9a88-0825129eb7e7">
      <InputValue FieldID="1">0000003330LZC</InputValue>
    </Lead>
    <Lead CaseKey="0000003330V6S" ID="122bd283-bee1-4f55-b6b6-1bbfa9daa51c">
      <InputValue FieldID="1">0000003330V6S</InputValue>
    </Lead>
    <Lead CaseKey="0000003340LZC" ID="8cccb537-0099-4a54-b1ff-2701e865bb72">
      <InputValue FieldID="1">0000003340LZC</InputValue>
    </Lead>
    <Lead CaseKey="0000003350LZC" ID="8843f8c3-60d3-424c-b119-1087f8e59e88">
      <InputValue FieldID="1">0000003350LZC</InputValue>
    </Lead>
    <Lead CaseKey="0000003360LZC" ID="1f91a6ce-fbaf-44ec-b390-b1519ef90358">
      <InputValue FieldID="1">0000003360LZC</InputValue>
    </Lead>
    <Lead CaseKey="0000003370LZC" ID="ceaaa7f3-07a2-48a1-83eb-f585b9d97c67">
      <InputValue FieldID="1">0000003370LZC</InputValue>
    </Lead>
    <Lead CaseKey="00000033F0KMB" ID="86642fa8-991e-4c00-b531-f432bbb5dfd2">
      <InputValue FieldID="1">00000033F0KMB</InputValue>
    </Lead>
    <Lead CaseKey="00000033F0V6S" ID="c82350d1-ba05-4f99-97d7-3e4b1bdad3be">
      <InputValue FieldID="1">00000033F0V6S</InputValue>
    </Lead>
    <Lead CaseKey="00000033G0V6S" ID="304d1a90-d50e-4e72-8ab3-f73a90d3e589">
      <InputValue FieldID="1">00000033G0V6S</InputValue>
    </Lead>
    <Lead CaseKey="00000033H0V6S" ID="a1d7bd0b-c49e-4962-9609-8f1a7fa5d749">
      <InputValue FieldID="1">00000033H0V6S</InputValue>
    </Lead>
    <Lead CaseKey="00000033J0V6S" ID="5eaa6850-a2d7-4d4d-83d8-268f1b22cfd3">
      <InputValue FieldID="1">00000033J0V6S</InputValue>
    </Lead>
    <Lead CaseKey="00000033K0V6S" ID="f000449e-2555-443d-9263-7942b7c1697f">
      <InputValue FieldID="1">00000033K0V6S</InputValue>
    </Lead>
    <Lead CaseKey="00000033L0V6S" ID="dada0300-3634-4f6e-af2e-beb7acfb4bef">
      <InputValue FieldID="1">00000033L0V6S</InputValue>
    </Lead>
    <Lead CaseKey="00000033M0V6S" ID="be80dc78-e8dd-4abf-a5c0-1284553f9b6c">
      <InputValue FieldID="1">00000033M0V6S</InputValue>
    </Lead>
    <Lead CaseKey="00000033N0V6S" ID="2d0fd450-5d88-4d12-a5b4-37d65bb0260c">
      <InputValue FieldID="1">00000033N0V6S</InputValue>
    </Lead>
    <Lead CaseKey="00000033P0V6S" ID="cfe2a14e-84b6-41bf-843f-26c404bedc33">
      <InputValue FieldID="1">00000033P0V6S</InputValue>
    </Lead>
    <Lead CaseKey="00000033Q0KMB" ID="e3e7cc36-4354-4b9b-8e88-dd7c687d4ff9">
      <InputValue FieldID="1">00000033Q0KMB</InputValue>
    </Lead>
    <Lead CaseKey="00000033Q0V6S" ID="ca908785-07e7-42df-9fd2-a08af02aa836">
      <InputValue FieldID="1">00000033Q0V6S</InputValue>
    </Lead>
    <Lead CaseKey="00000033R0KMB" ID="b4ea1481-8a37-4208-aa3f-94108b2705a1">
      <InputValue FieldID="1">00000033R0KMB</InputValue>
    </Lead>
    <Lead CaseKey="00000033R0V6S" ID="990548b2-c380-4042-b086-39e891786bde">
      <InputValue FieldID="1">00000033R0V6S</InputValue>
    </Lead>
    <Lead CaseKey="00000033S0KMB" ID="f554f4a6-527f-4df7-9367-bb8740f3f439">
      <InputValue FieldID="1">00000033S0KMB</InputValue>
    </Lead>
    <Lead CaseKey="00000033S0LZC" ID="268475e8-ecf9-4061-a28b-68a7d09305eb">
      <InputValue FieldID="1">00000033S0LZC</InputValue>
    </Lead>
    <Lead CaseKey="00000033S0V6S" ID="5cbb2be7-a461-459b-bc6a-701f60659e9f">
      <InputValue FieldID="1">00000033S0V6S</InputValue>
    </Lead>
    <Lead CaseKey="00000033T0LZC" ID="9bba3fbe-28e9-4e11-9c4d-2d4abf3e2299">
      <InputValue FieldID="1">00000033T0LZC</InputValue>
    </Lead>
    <Lead CaseKey="00000033V0LZC" ID="7663014b-b604-4f60-b099-03f8bf8af9fb">
      <InputValue FieldID="1">00000033V0LZC</InputValue>
    </Lead>
    <Lead CaseKey="00000033W0LZC" ID="62d48461-ca07-471a-8f5b-c9eb3e82fad9">
      <InputValue FieldID="1">00000033W0LZC</InputValue>
    </Lead>
    <Lead CaseKey="00000033X0LZC" ID="fd4124b1-927d-452c-9199-01ca172980e7">
      <InputValue FieldID="1">00000033X0LZC</InputValue>
    </Lead>
    <Lead CaseKey="00000033Y0LZC" ID="1104fe68-a58a-46cf-8e0c-8640207fe40b">
      <InputValue FieldID="1">00000033Y0LZC</InputValue>
    </Lead>
    <Lead CaseKey="00000033Z0LZC" ID="268897f8-2f9f-4dc4-a76b-fb028c841809">
      <InputValue FieldID="1">00000033Z0LZC</InputValue>
    </Lead>
    <Lead CaseKey="0000003400LZC" ID="e3d91170-9995-4914-98d0-903ecf84c5d9">
      <InputValue FieldID="1">0000003400LZC</InputValue>
    </Lead>
    <Lead CaseKey="0000003410LZC" ID="b84fdc96-18b7-4dd1-b25d-7e56264b4b54">
      <InputValue FieldID="1">0000003410LZC</InputValue>
    </Lead>
    <Lead CaseKey="0000003420KMB" ID="9c56c03b-780e-4e72-a802-e35a36233b86">
      <InputValue FieldID="1">0000003420KMB</InputValue>
    </Lead>
    <Lead CaseKey="0000003420LZC" ID="1ac34ea5-9bb8-4fc4-a1fc-9e7d6e422479">
      <InputValue FieldID="1">0000003420LZC</InputValue>
    </Lead>
    <Lead CaseKey="0000003430KMB" ID="198286b4-d9c8-402f-85dc-e6518fa04fbb">
      <InputValue FieldID="1">0000003430KMB</InputValue>
    </Lead>
    <Lead CaseKey="0000003430LZC" ID="6e46afa1-da33-400e-bc12-1c94784f78f3">
      <InputValue FieldID="1">0000003430LZC</InputValue>
    </Lead>
    <Lead CaseKey="0000003440KMB" ID="1d8f563f-92cf-4a23-b088-863984dd7269">
      <InputValue FieldID="1">0000003440KMB</InputValue>
    </Lead>
    <Lead CaseKey="0000003450KMB" ID="196e1ade-cc36-48a4-b171-dd727dfad9b2">
      <InputValue FieldID="1">0000003450KMB</InputValue>
    </Lead>
    <Lead CaseKey="0000003470V6S" ID="15fd5f14-6c1d-47cb-9661-e40d3aef7735">
      <InputValue FieldID="1">0000003470V6S</InputValue>
    </Lead>
    <Lead CaseKey="0000003480V6S" ID="ec733137-850d-4cc4-a4eb-22d2ddd57d02">
      <InputValue FieldID="1">0000003480V6S</InputValue>
    </Lead>
    <Lead CaseKey="0000003490V6S" ID="47722e98-25bf-49b6-a4c3-4a94abf93699">
      <InputValue FieldID="1">0000003490V6S</InputValue>
    </Lead>
    <Lead CaseKey="00000034B0V6S" ID="563c0ce1-2938-4dee-974a-82a93009bd84">
      <InputValue FieldID="1">00000034B0V6S</InputValue>
    </Lead>
    <Lead CaseKey="00000034C0V6S" ID="2f4ade89-4bd9-4492-aec8-8189d9ca6a4f">
      <InputValue FieldID="1">00000034C0V6S</InputValue>
    </Lead>
    <Lead CaseKey="00000034D0V6S" ID="f2e374c3-4f9c-460e-8fb7-c513ef22620f">
      <InputValue FieldID="1">00000034D0V6S</InputValue>
    </Lead>
    <Lead CaseKey="00000034F0V6S" ID="098bea85-0b79-4479-83f0-6336067fda8e">
      <InputValue FieldID="1">00000034F0V6S</InputValue>
    </Lead>
    <Lead CaseKey="00000034G0V6S" ID="12a53acf-d013-4ae7-ba76-a219ccc2028d">
      <InputValue FieldID="1">00000034G0V6S</InputValue>
    </Lead>
    <Lead CaseKey="00000034H0V6S" ID="0e21300a-5749-4302-bfda-9df3c2ea51ec">
      <InputValue FieldID="1">00000034H0V6S</InputValue>
    </Lead>
    <Lead CaseKey="00000034J0V6S" ID="0a12c9c9-16db-4369-9348-1242a982841c">
      <InputValue FieldID="1">00000034J0V6S</InputValue>
    </Lead>
    <Lead CaseKey="00000034K0V6S" ID="5d4c1af0-a4e8-44b9-8818-484de62f74b2">
      <InputValue FieldID="1">00000034K0V6S</InputValue>
    </Lead>
    <Lead CaseKey="00000034L0V6S" ID="8813e0e0-d364-47e8-9acc-3f1e44a19f71">
      <InputValue FieldID="1">00000034L0V6S</InputValue>
    </Lead>
    <Lead CaseKey="00000034M0V6S" ID="e3d757d2-b896-4b7c-90b5-76846cf2fcf9">
      <InputValue FieldID="1">00000034M0V6S</InputValue>
    </Lead>
    <Lead CaseKey="00000034N0V6S" ID="c6698663-daaa-476a-b382-20a9d2a10bc4">
      <InputValue FieldID="1">00000034N0V6S</InputValue>
    </Lead>
    <Lead CaseKey="00000034P0V6S" ID="3cb90229-d4a6-4c25-bdb6-d223261e0360">
      <InputValue FieldID="1">00000034P0V6S</InputValue>
    </Lead>
  </LeadList>
</Root>