<?xml version="1.0" encoding="ISO-8859-1"?>
<COURTCASE>
<lndocmeta:docinfo>
<lndocmeta:lnlni lnlni=""/>
<lndocmeta:lnminrev lnminrev="00000"/>
<lndocmeta:smi lnsmi="968b"/>
<lndocmeta:dpsi lndpsi="07ZR"/>
<lndocmeta:lnsourcedocid lnsourcedocid=""/>
<lndocmeta:lndoctype lndoctypename="COURTCASE"/>
<lndocmeta:lndoctypeversion lndoctypeversionmajor="06" lndoctypeversionminor="000"/>
<lndocmeta:lndoctypelang lndoctypelang="EN"/>
<lndocmeta:lnfilenum lnfilenum="003"/>
<lndocmeta:fabinfo>
<lndocmeta:fabinfoitem name="B4DBNO" value="1HDQ"/></lndocmeta:fabinfo>
</lndocmeta:docinfo>
<lnv:FULL-NAME>
<lnvxe:fullcasename>ANDREW S. KINDLE, Plaintiff, v. VANDERLANDE INDUSTRIES, INC., Defendant.</lnvxe:fullcasename>
</lnv:FULL-NAME>
<lnv:NUMBER>
<lnvxe:docketnumber pacernum="2:23cv9738">Case No. 2:23-cv-09738-DOC-SHK</lnvxe:docketnumber>
</lnv:NUMBER>
<lnv:COURT>UNITED STATES DISTRICT COURT FOR THE CENTRAL DISTRICT OF CALIFORNIA</lnv:COURT>
<lnv:DECIDEDDATE>
<lnvxe:date>May 6, 2024</lnvxe:date>, Decided
</lnv:DECIDEDDATE>
<lnv:FILEDDATE>
<lnvxe:date>May 6, 2024</lnvxe:date>, Filed
</lnv:FILEDDATE>
<lnv:COUNSEL>
<lnvxe:counsel>Andrew S. Kindle, Plaintiff, Pro se, Los Angeles, CA.</lnvxe:counsel>
</lnv:COUNSEL>
<lnv:JUDGES>
<lnvxe:judges>HON. SHASHI H. KEWALRAMANI, United States Magistrate Judge.</lnvxe:judges>
</lnv:JUDGES>
<lnv:OPINIONBY>SHASHI H. KEWALRAMANI</lnv:OPINIONBY>
<lnv:OPINION>
<lnvxe:h><emph typestyle="bf">REPORT AND RECOMMENDATION TO GRANT DEFENDANT'S MOTION TO DISMISS</emph></lnvxe:h>
<p i="3"><lnvxe:text>This Report and Recommendation ("R&#x0026;R") is submitted to the Honorable David O. Carter, United States District Judge, under 28 U.S.C. &#x00A7; 636 and General Order 05&#x2D;07 of the United States District Court for the Central District of California.</lnvxe:text></p>
<lnvxe:h><emph typestyle="bf">I. SUMMARY OF RECOMMENDATION</emph></lnvxe:h>
<p i="3"><lnvxe:text>On January 24, 2024, Defendant Vanderlande Industries, Inc. ("Defendant" or "Vanderlande") moved to dismiss ("MTD") Plaintiff Andrew S. Kindle's ("Plaintiff") complaint ("Complaint") pursuant to Federal Rule of Civil Procedure ("Rule") 12(b)(6), or in the alternative, for a more definitive statement pursuant to Rule 12(E). Electronic Case Filing Number ("ECF No.") 11, MTD.</lnvxe:text></p>
<p i="3"><lnvxe:text>As discussed herein, the Magistrate Judge recommends that: (1) Defendant's MTD be <emph typestyle="bf">GRANTED</emph>; (2) the Complaint be <emph typestyle="bf">DISMISSED</emph> without prejudice and with leave to amend all claims, except the Occupational Safety and Health Act ("OSHA") claim, which should be <emph typestyle="bf">DISMISSED</emph> with prejudice; and (3) GRANT Plaintiff leave to file a First Amended Complaint ("FAC") within 21&#x2D;days of any order accepting this R&#x0026;R.</lnvxe:text></p>
<lnvxe:h><emph typestyle="bf">II. BACKGROUND</emph></lnvxe:h>
<lnvxe:h><emph typestyle="bf">A. <emph typestyle="un">Relevant Procedural History</emph></emph></lnvxe:h>
<p i="3"><lnvxe:text>On November 16, 2023, Plaintiff filed the Complaint in this action. ECF No. 1, Compl. On November 21, 2023, the Court granted Plaintiff's request to proceed <emph typestyle="un">in forma pauperis</emph>. ECF No. 6. On December 19, 2023, Plaintiff filed a Proof of Service. ECF No. 8.</lnvxe:text></p>
<p i="3"><lnvxe:text>On January 24, 2024, Defendant filed its MTD. ECF No. 11, MTD. On February 26, 2024, Plaintiff filed his Answer to Memorandum of Points, which the Court construes as Plaintiff's opposition to the MTD ("Opposition"). ECF No. 14, Opp'n. On March 11, 2024, Defendant filed a Reply in Support of the MTD ("Reply"). ECF No. 15, Reply.</lnvxe:text></p>
<lnvxe:h><emph typestyle="bf">B. <emph typestyle="un">Plaintiff's Complaint</emph></emph></lnvxe:h>
<p i="3"><lnvxe:text>In the Complaint, Plaintiff alleges that "Defendant Vanderlande engaged in unethical and illegal discrimination, hiring/promotion practices, retaliation, unsafe work conditions and refusal to correct continuous complaints of a hostile work environment." ECF No. 1, Compl. at 2. Plaintiff appears to seek relief under: (1) California Labor Code &#x00A7; 1102.5; (2) Title VII of the Civil Rights Act of 1964 ("Title VII"), 42 U.S.C. &#x00A7; 2000e, <emph typestyle="un">et seq.</emph>; and (3) OSHA, 29 U.S.C.A. &#x00A7; 666(j). <emph typestyle="un">Id.</emph> The Complaint also mentions violations of the Age Discrimination Employment Act of 1967 ("ADEA"), American with Disabilities Act of 1990 ("ADA"), 29 U.S.C.A. &#x00A7; 623(a)(1), and the Fair Labor Standards Act of 1938 ("FLSA"), 29 U.S.C.A. &#x00A7; 216(b). <emph typestyle="un">See, e.g. id.</emph> at 5.</lnvxe:text></p>
<p i="3"><lnvxe:text>Plaintiff alleges that after "obtain[ing] a certificate in Electrical Construction and Maintenance" from "Los Angeles Trade Technical College," he "began his employment with Vanderlande at the LAX facility [on] 05/20/2022." <emph typestyle="un">Id.</emph> at 2&#x2D;3. Plaintiff describes several alleged incidents where Vanderlande employees created a hostile work environment for Plaintiff, such as:</lnvxe:text>
<lnvxe:blockquote>
<p><lnvxe:text>&#x2022; On June 24, 2022, a Vanderlande manager told Plaintiff that his "'enthusiasm and happiness need to be toned down because only women and (flipping his wrist to non[]verbally indicate gay) those people act that way and it makes the guys uneasy[,]'" <emph typestyle="un">id.</emph> at 4;</lnvxe:text></p>
<p><lnvxe:text>&#x2022; On July 13, 2022, a "Vanderlande colleague used the term [c**n] upwards of ten times" while in conversation with Plaintiff, and "[a] (Latino) supervisor . . . [joined the conversation and] said 'I hate those fucking c[**]ns, how [a]bout [you] Andrew[,] [you] hate c[**]ns too?'" <emph typestyle="un">Id.</emph>;</lnvxe:text></p>
<p><lnvxe:text>&#x2022; On July 15, 2022, Plaintiff "was aggrieved while in the office hearing (Latino) colleagues of Vanderlande frequently using the word 'N[expletive]' in conversation as well as frequent use of the word 'm[expletive,]' [S]panish slang for the slurs 'N[expletive]' or 'N[expletive,]'" <emph typestyle="un">id.</emph>;</lnvxe:text></p>
<p><lnvxe:text>&#x2022; On July 15, 2022, a "(Latino) Vanderlande lead technician played some racist and egregiously offensive content from [Y]outube on the Bluetooth speaker of the Vanderlande work truck[,]" including racist and homophobic content, <emph typestyle="un">id.</emph>;</lnvxe:text></p>
<p><lnvxe:text>&#x2022; On July 18, 2022, "Plaintiff was punched in the chest" by a Latino lead technician and Defendant did not address the "assault," <emph typestyle="un">id.</emph> at 5;</lnvxe:text></p>
<p><lnvxe:text>&#x2022; On July 21, 2022, several employees asked Plaintiff if he was going to resign from his position, and when "Plaintiff inquired with the Vanderlande director . . . [he] was advised that 'the guys (technicians) may be [t]rying to push your buttons just ignore it[,]'" <emph typestyle="un">id.</emph>;</lnvxe:text></p>
<p><lnvxe:text>&#x2022; Plaintiff "was and still continues to be segregated from working with his Latino colleagues and relegated to handle menial tasks with no Vanderlande training or Vand[e]rlande partner" allegedly because "Plaintiff upset one of the more tenured (Latino) technicians[,]" <emph typestyle="un">id.</emph> at 6;</lnvxe:text></p>
<p><lnvxe:text>&#x2022; On August 21, 2022, a Latino technician falsely reported that Plaintiff "left to get food for 20 minutes and that Plaintiff subsequently took a break" shortly after arriving at work, <emph typestyle="un">id.</emph>;</lnvxe:text></p>
<p><lnvxe:text>&#x2022; On August 21, 2022, "a Vanderlande technician advised Plaintiff that every (Latino) Vanderlande technician that Plaintiff worked with ha[d] complained in a negative fashion about Plaintiff's upbeat attitude and demeanor[,]" <emph typestyle="un">id.</emph>;</lnvxe:text></p>
<p><lnvxe:text>&#x2022; While taking "approved time off[,]" Plaintiff "was contacted by multiple Vanderlande technicians citing that [Plaintiff] was going to be terminated for 'no call[,]' no show[,]'" <emph typestyle="un">id.</emph> at 7; and</lnvxe:text></p>
<p><lnvxe:text>&#x2022; On September 29, 2022, "Plaintiff was mortified when he saw 'KKK' and a swastika scribed next to his locker[,]" <emph typestyle="un">id.</emph></lnvxe:text></p>
</lnvxe:blockquote></p>
<p i="3"><lnvxe:text>Plaintiff adds that he has been "continuously targeted and erroneously punished in the form of write ups[,]" "worked through his lunch on numerous occasions as a result of retaliation[,]" and that he "has had to use an employee shuttle but . . . has not been compensated for any of the time to or from the worksite." <emph typestyle="un">Id.</emph> at 7&#x2D;8. Finally, Plaintiff alleges that his boss, Jamie Aguayo, "regularly retaliates against" him. <emph typestyle="un">Id.</emph> at 8.</lnvxe:text></p>
<lnvxe:h><emph typestyle="bf">C. <emph typestyle="un">Defendant's Motion to Dismiss</emph></emph></lnvxe:h>
<p i="3"><lnvxe:text>First, Defendant argues that "Title VII actions cannot proceed in federal courts unless discrimination charges were filed with the [Equal Employment Opportunity Commission] [("]EEOC[")] within 180 days after the alleged unlawful employment practice occurring." ECF No. 11, Mot. at 4.<lnvxe:fnr alt-content="n1" fnrtoken="ref1" fntoken="fnote1">1</lnvxe:fnr> Defendant points out that "Plaintiff has failed to allege that he filed a charge with the EEOC[,]" and "alleges almost uniformly conduct which purportedly occurred in the year 2022, all of which occurred more than 180 days prior to the filing of Plaintiff's Complaint[.]" <emph typestyle="un">Id.</emph> at 4&#x2D;5. Thus, "[b]ased on the current style of the operative Complaint, Plaintiff has failed to sufficiently plead any Title VII cause of action[.]" <emph typestyle="un">Id.</emph> at 5&#x2D;6.</lnvxe:text></p>
<lnvxe:footnotegrp>
<lnvxe:footnote fnrtokens="ref1" fntoken="fnote1">
<lnvxe:fnlabel alt-content="n1">1</lnvxe:fnlabel>
<lnvxe:fnbody>
<p><lnvxe:text>All citations to the record herein are to the ECF&#x2D;stamped page numbers where available.</lnvxe:text></p>
</lnvxe:fnbody>
</lnvxe:footnote>
</lnvxe:footnotegrp>
<p i="3"><lnvxe:text>Second, Defendant explains that OSHA "provides that employers are prohibited from retaliating against employees who have exercised an OSHA right[.]" <emph typestyle="un">Id.</emph> at 6. Defendant argues "Plaintiff [wa]s required to file a complaint with OSHA within 30 days of [such an] alleged adverse employment action[]." <emph typestyle="un">Id.</emph> Further, Defendant asserts that "the OSHA Act provides a theoretical, if extremely narrow, right of action <emph typestyle="ib">against OSHA</emph>[,]" but "does not confer a private right of action against an employer." <emph typestyle="un">Id.</emph> at 7 (emphasis in the original). Third, Defendant argues that this Court lacks subject matter jurisdiction over the case because Plaintiff's only remaining claim, a violation of California Labor Code &#x00A7; 1102.5, does not confer federal question jurisdiction, and thus this case should be dismissed under Rule 12(b)(1). <emph typestyle="un">Id.</emph> at 8.</lnvxe:text></p>
<p i="3"><lnvxe:text>Finally, in the alternative to dismissal, Defendants request that the Court order a more definite pleading under Rule 12(e) because "Plaintiff's Complaint on the whole is largely so vague and ambiguous that Defendant is unable to fully comprehend the scope of allegations and purported violations of law that Plaintiff alleges against Vanderlande." <emph typestyle="un">Id.</emph> at 10.</lnvxe:text></p>
<lnvxe:h><emph typestyle="bf">D. <emph typestyle="un">Plaintiff's Opposition</emph></emph></lnvxe:h>
<p i="3"><lnvxe:text>Plaintiff first asserts that he "did in fact reach out to the EEOC [and did not receive] the Notice of Right to sue or proper follow up from the entity." ECF No. 14, Opp'n at 3. Plaintiff adds "[t]he mishandling of complaints from the EEOC should not negate the [C]ourt's standing in regard to the question of violations of [f]ederal law by Vanderlande." <emph typestyle="un">Id.</emph></lnvxe:text></p>
<p i="3"><lnvxe:text>Plaintiff next argues "[s]tanding for the Title VII Civil Rights was sufficiently pled by satisfying [Rule] 8(a)(1) . . . by providing 'a short and plain statement of the grounds for the court's jurisdiction[]." <emph typestyle="un">Id.</emph> Additionally, Plaintiff contends that he "did in fact contact OSHA [on] 12/19/2023 and was advised that based on the claims there was no actionable resolution or remedy," but "Plaintiff desires that the court rule on the matter of the health and safety being violated with numerous OSHA violations[.]" <emph typestyle="un">Id.</emph> at 4&#x2D;5. Further, Plaintiff asserts that "a violation of Labor Code &#x00A7; 1102.5 . . . is also a violation of Title VII[.]" <emph typestyle="un">Id.</emph> at 5.</lnvxe:text></p>
<lnvxe:h><emph typestyle="bf">E. <emph typestyle="un">Defendant's Reply</emph></emph></lnvxe:h>
<p i="3"><lnvxe:text>Defendant replies that "Plaintiff concedes that he never exhausted the administrative remedies under Title VII and that he did not file a charge with the EEOC prior to filing this lawsuit." ECF No. 15, Reply at 2. Defendant argues "one email from Plaintiff to the EEOC requesting help is not evidence that Plaintiff in fact exhausted the administrative remedies or attempted to do so to no avail prior to filing suit." <emph typestyle="un">Id.</emph> at 3.</lnvxe:text></p>
<p i="3"><lnvxe:text>As to Plaintiff's contact with OSHA in December 2023, Defendant points out that "this alleged contact took place after Plaintiff filed the instant Complaint and could thus not serve [as] a basis for contending that Vanderlande retaliated against him[,]" "Plaintiff offers no evidence or exhibits in support of this allegation[,]" and "any potential remedy [Plaintiff] has would be limited to filing a writ of mandamus against OSHA." <emph typestyle="un">Id.</emph> at 4&#x2D;5.</lnvxe:text></p>
<p i="3"><lnvxe:text>Defendant reiterates that "the First Cause of Action against Vanderlande alleges that Vanderlande violated California Labor Code Section 1102.5, which is a state law claim that does not involve a Federal Question . . . As such, the Court does not have Federal Question jurisdiction under Plaintiff's First Cause of Action[.]" <emph typestyle="un">Id.</emph> at 5&#x2D;6.</lnvxe:text></p>
<p i="3"><lnvxe:text>Finally, Defendant argues "a discussion and evaluation as to the merits of the[] allegations" contained in the attachments to Plaintiff's Opposition "as well as the probative value of such Exhibits is premature and improper at the pleading stage." <emph typestyle="un">Id.</emph> at 6.</lnvxe:text></p>
<lnvxe:h><emph typestyle="bf">III. LEGAL STANDARD</emph></lnvxe:h>
<lnvxe:h><emph typestyle="bf">A. <emph typestyle="un">Failure to State a Claim under Rule 12(b)(6)</emph></emph></lnvxe:h>
<p i="3"><lnvxe:text>Under Rule 12(b)(6), a defendant may move to dismiss an action for failure to allege "enough facts to state a claim to relief that is plausible on its face." <emph typestyle="un">Bell Atl. Corp. v. Twombly</emph>, 550 U.S. 544, 570 (2007). A claim is plausible on its face "when the plaintiff pleads factual content that allows the court to draw the reasonable inference that the defendant is liable for the misconduct alleged. The plausibility standard is not akin to a 'probability requirement,' but it asks for more than a sheer possibility that a defendant has acted unlawfully." <emph typestyle="un">Ashcroft v. Iqbal</emph>, 556 U.S. 662, 678 (2009) (internal citations omitted).</lnvxe:text></p>
<p i="3"><lnvxe:text>However, the complaint "must contain sufficient allegations of underlying facts to give fair notice and to enable the opposing party to defend itself effectively." <emph typestyle="un">Starr v. Baca</emph>, 652 F.3d 1202, 1216 (9th Cir. 2011). "Determining whether a complaint states a plausible claim for relief is 'a context&#x2D;specific task that requires the reviewing court to draw on its judicial experience and common sense.'" <emph typestyle="un">Ebner v. Fresh, Inc.</emph>, 838 F.3d 958, 963 (9th Cir. 2016) (as amended) (quoting Iqbal, 556 U.S. at 679).</lnvxe:text></p>
<p i="3"><lnvxe:text>To the extent a factual allegation meets this standard, a court must accept the allegation as true at the pleading stage. <emph typestyle="un">Hamilton v. Brown</emph>, 630 F.3d 889, 892&#x2D;93 (9th Cir. 2011). Factual allegations "that are merely conclusory, unwarranted deductions of fact, or unreasonable inferences" do not meet the standard of facial plausibility and will not be accepted as true. <emph typestyle="un">In re Gilead Scis. Sec. Litig.</emph>, 536 F.3d 1049, 1055 (9th Cir. 2008) (citation and internal quotation marks omitted).</lnvxe:text></p>
<p i="3"><lnvxe:text>In analyzing a Rule 12(b)(6) motion, "the Court is generally limited to the face of the complaint, materials incorporated into the complaint by reference, and matters suitable for judicial notice, as well as exhibits attached to the complaint." <emph typestyle="un">Ismail v. County of Orange</emph>, 917 F. Supp. 2d 1060, 1066 (C.D. Cal. 2012), <emph typestyle="un">aff'd</emph>, 676 F. App'x 690 (9th Cir. 2017) (internal citations omitted).</lnvxe:text></p>
<p i="3"><lnvxe:text>"A document filed <emph typestyle="un">pro se</emph> is to be liberally construed, and a <emph typestyle="un">pro se</emph> complaint, however inartfully pleaded, must be held to less stringent standards than formal pleadings drafted by lawyers." <emph typestyle="un">Woods v. Carey</emph>, 525 F.3d 886, 889&#x2D;90 (9th Cir. 2008) (citations and internal quotation marks omitted). "[W]e have an obligation where the p[laintiff] is <emph typestyle="un">pro se</emph>, particularly in civil rights cases, to construe the pleadings liberally and to afford the p[laintiff] the benefit of any doubt." <emph typestyle="un">Akhtar v. Mesa</emph>, 698 F.3d 1202, 1212 (9th Cir. 2012) (citation and internal quotation marks omitted).</lnvxe:text></p>
<p i="3"><lnvxe:text>Finally, if the Court finds the complaint should be dismissed for failure to state a claim, the Court has discretion to dismiss with or without leave to amend. <emph typestyle="un">Lopez v. Smith</emph>, 203 F.3d 1122, 1126&#x2D;30 (9th Cir. 2000). Leave to amend should be granted if it appears possible for a plaintiff to correct the defects in the complaint, especially if the plaintiff is <emph typestyle="un">pro se</emph>. <emph typestyle="un">Id.</emph> at 1130&#x2D;31; <emph typestyle="un">see also Cato v. United States</emph>, 70 F.3d 1103, 1106 (9th Cir. 1995). However, if, after careful consideration, it is clear a complaint cannot be cured by amendment, a court may dismiss without leave to amend. <emph typestyle="un">Cato</emph>, 70 F.3d at 1107&#x2D;11; <emph typestyle="un">see also Gompper v. VISX, Inc.</emph>, 298 F.3d 893, 898 (9th Cir. 2002) (upholding dismissal without leave to amend where additional facts would not establish elements of claim).</lnvxe:text></p>
<lnvxe:h><emph typestyle="bf">B. <emph typestyle="un">Lack of Subject Matter Jurisdiction Under 12(b)(1)</emph></emph></lnvxe:h>
<p i="3"><lnvxe:text>Under Rule 12(b)(1), a defendant may move for dismissal based on the court's lack of subject matter jurisdiction. "The party asserting jurisdiction bears the burden of establishing subject matter jurisdiction on a motion to dismiss for lack of subject matter jurisdiction." <emph typestyle="un">In re Dynamic Access Memory (DRAM) Antitrust Litig.</emph>, 546 F.3d 981, 984 (9th Cir. 2008). "A Rule 12(b)(1) jurisdictional attack may be facial or factual." <emph typestyle="un">Safe Air for Everyone v. Myer</emph>, 373 F.3d 1035, 1039 (9th Cir. 2004). "In a facial attack, the challenger asserts that the allegations contained in a complaint are insufficient on their face to invoke federal jurisdiction." <emph typestyle="un">Id.</emph> "[I]n a factual attack, the challenger disputes the truth of the allegations that, by themselves, would otherwise invoke federal jurisdiction." <emph typestyle="un">Id.</emph></lnvxe:text></p>
<p i="3"><lnvxe:text>District courts have federal question "jurisdiction of all civil actions arising under the Constitution, laws, or treaties of the United States." 28 U.S.C. &#x00A7; 1331. District courts also have diversity jurisdiction "where the matter in controversy exceeds the sum or value of $75,000, exclusive of interests and costs and is between," among other things, "citizens of different States[.]" 28 U.S.C. &#x00A7; 1332(a).</lnvxe:text></p>
<lnvxe:h><emph typestyle="bf">C. <emph typestyle="un">Supplemental Jurisdiction</emph></emph></lnvxe:h>
<p i="3"><lnvxe:text>Where a district court possesses original jurisdiction over an action, that court "shall have supplemental jurisdiction over all other claims that are so related to claims in the action within such original jurisdiction that they form part of the same case of controversy under Article III of the United States Constitution." 28 U.S.C. &#x00A7; 1367(a). Even where a district court has supplemental jurisdiction, the court may decline to exercise supplemental jurisdiction over a claim if: (1) the claim raises a novel or complex issue of state law; (2) the claim substantially predominates over the claims providing for original jurisdiction; (3) the court dismisses all claims over which it has original jurisdiction; or (4) in exceptional circumstances, there are compelling reasons for declining jurisdiction. <emph typestyle="un">See</emph> 28 U.S.C. &#x00A7; 1367(c). District courts have discretion to deal with supplemental claims "in the manner that best serves the principles of economy, convenience, fairness, and comity which underlie the [supplemental] jurisdiction doctrine." <emph typestyle="un">City of Chicago v. Int'l Coll. of Surgeons</emph>, 522 U.S. 156, 172&#x2D;73 (1997) (internal quotations and citations omitted).</lnvxe:text></p>
<lnvxe:h><emph typestyle="bf">IV. DISCUSSION</emph></lnvxe:h>
<lnvxe:h><emph typestyle="bf">A. <emph typestyle="un">The Court Should Not Consider Plaintiff's Exhibits Attached to the Opposition</emph></emph>.</lnvxe:h>
<p i="3"><lnvxe:text>"In deciding a Rule 12(b)(6) motion, the court generally looks only to the face of the complaint and documents attached thereto." <emph typestyle="un">Gerritsen v. Warner Bros. Ent., Inc.</emph>, 112 F. Supp. 3d 1011, 1019 (C.D. Cal. 2015) (citations omitted). If a court "considers evidence outside the pleadings," it must "convert a Rule 12(b)(6) motion into a Rule 56 motion for summary judgment." <emph typestyle="un">Id.</emph> (internal quotation marks and citations omitted). "'A court may, however, consider certain materials&#x2014;documents attached to the complaint, documents incorporated by reference in the complaint, or matters of judicial notice&#x2014;without converting the motion to dismiss into a motion for summary judgment.'" <emph typestyle="un">Id.</emph> at 1020 (quoting <emph typestyle="un">U.S. v. Ritchie</emph>, 343 F.3d 903, 907&#x2D;08 (9th Cir. 2003)). "Thus, in ruling on a motion to dismiss, the court can consider material that is subject to judicial notice under Rule 201 of the Federal Rules of Evidence [("F.R.E.")]," which includes "'[o]fficial acts of the legislative, executive, and judicial departments of the United States,'" and "[f]acts and propositions that are not reasonably subject to dispute and are capable of immediate and accurate determination by resort to sources of reasonable indisputable accuracy." <emph typestyle="un">Id.</emph> (citing Fed. R. of Evid. 201). Moreover, a document is incorporated by reference, even if not attached to the complaint, if its "contents are alleged in a complaint" and the parties do not dispute the authenticity of the document. <emph typestyle="un">See id</emph> (citing <emph typestyle="un">Branch v. Tunnell</emph>, 14 F.3d 449, 453 (9th Cir. 1994), overruled on other grounds by <emph typestyle="un">Galbraith v. Cnty. of Santa Clara</emph>, 307 F.3d 119 (9th Cir. 2002)).</lnvxe:text></p>
<p i="3"><lnvxe:text>"Courts regularly decline to consider declaration and exhibits submitted in support of or opposition to a motion to dismiss, however, if they constitute evidence not referenced in the complaint or not a proper subject of judicial notice." <emph typestyle="un">Id.</emph> at 1021.</lnvxe:text></p>
<p i="3"><lnvxe:text>Here, Plaintiff attaches three exhibits to his Opposition: (1) Exhibit A is an email from "December 29, 2023 and January 2, 2024" between Plaintiff and his employer, allegedly "displaying acts of retaliation[,]" ECF No. 14, Opp'n at 2; (2) Exhibit B is an email dated January 9, 2024 between Plaintiff and the EEOC, allegedly showing that "Plaintiff did in fact reach out to the EEOC[,]" <emph typestyle="un">id.</emph> at 3; and (3) Exhibit C is an email from Plaintiff to his employer, allegedly showing "contemporaneous account of racist and hostile events committed by Vanderlande that occur[ed] over the span of nearly two years from 06/07/2022 until 01/02/2024[,]" <emph typestyle="un">id.</emph> at 4.</lnvxe:text></p>
<p i="3"><lnvxe:text>The exhibits to Plaintiff's Opposition cannot be judicially noticed or incorporated by reference to the Complaint for the following reasons. First, none of Plaintiff's exhibits are proper objects of judicial notice because they do not constitute "official acts" nor are their contents "not reasonably subject to dispute." <emph typestyle="un">See</emph> Fed. R. Evid. 201. As to Exhibit C, "plaintiff's own characterization of the matters reflected [in the email] does not qualify as a matter 'not subject to reasonable dispute.'" <emph typestyle="un">See Garber v. Heilman</emph>, CV 08&#x2D;3585 DDP (RNB), 2009 WL 409957, at *1 (C.D. Cal. Feb. 18, 2009) (declining to take judicial notice of plaintiff's own list of encounters with the police, attached to an opposition to a motion to dismiss). Second, the Court cannot consider the exhibits under the incorporation by reference doctrine because: (1) the parties dispute their authenticity, <emph typestyle="un">see</emph> ECF No. 15, Reply at 6; (2) Exhibit A pertains to events that occurred after the filing of the Complaint, and, therefore, are not referenced in the Complaint; (3) as to Exhibit B, Plaintiff does not allege anything in the Complaint regarding his communications with the EEOC; and (4) while Exhibit C summarizes certain allegations in the Complaint, Plaintiff does not reference this document in the Complaint.</lnvxe:text></p>
<p i="3"><lnvxe:text>Therefore, the Court should decline to consider the exhibits attached to Plaintiff's Opposition when ruling on the MTD.</lnvxe:text></p>
<lnvxe:h><emph typestyle="bf">B. <emph typestyle="un">Plaintiff's Title VII Claim Fails Because Plaintiff Did Not Exhaust His Claim With the EEOC</emph></emph>.</lnvxe:h>
<p i="3"><lnvxe:text>Title VII "forbids employment discrimination against 'any individual' based on that individual's 'race, color, religion, sex, or national origin.'" <emph typestyle="un">Burlington N. &#x0026; Santa Fe Ry. Co. v. White</emph>, 548 U.S. 53, 56 (2006) (quoting 42 U.S.C. &#x00A7; 2000e&#x2D;2(a)). A separate section of the Civil Rights Act&#x2014;its antiretaliation provision&#x2014;prohibits "an employer from 'discriminat[ing] against' an employee or job applicant because that individual 'opposed any practice' made unlawful by Title VII or 'made a charge, testified, assisted, or participated in' a Title VII proceeding or investigation." <emph typestyle="un">Id.</emph> (quoting 42 U.S.C. &#x00A7; 2000e&#x2D;3(a)).</lnvxe:text></p>
<p i="3"><lnvxe:text>"As a precondition to the commencement of a Title VII action in court, a complainant must first file a charge with the [EEOC]." <emph typestyle="un">Fort Bend Cnty., Texas v. Davis</emph>, 587 U.S. <emph typestyle="un">&#x00A0;&#x00A0;&#x00A0;</emph>, 139 S.Ct. 1843, 1850 (2019) (citing &#x00A7; 2000e&#x2D;5(e)(1), (f)(1)). "Title VII's charge&#x2D;filing requirement is a processing rule, albeit a mandatory one, not a jurisdictional prescription delineating the adjudicatory authority of courts." <emph typestyle="un">Id.</emph> at 1851. The Supreme Court has described the administrative exhaustion steps as follows:</lnvxe:text>
<lnvxe:blockquote>
<p><lnvxe:text>Title VII directs that a "charge . . . shall be filed" with the EEOC "by or on behalf of a person claiming to be aggrieved" within 180 days "after the alleged unlawful employment practice occur[s]." 42 U.S.C. &#x00A7; 2000e&#x2D;5(b), (e)(1). For complaints concerning practices occurring in a State or political subdivision that has a fair employment agency of its own empowered "to grant or seek relief," Title VII instructs the complainant to file her charge first with the state or local agency. &#x00A7; 2000e&#x2D;5(c). The complainant then has 300 days following the challenged practice, or 30 days after receiving notice that state or local proceedings have ended, "whichever is earlier," to file a charge with the EEOC. &#x00A7; 2000e&#x2D;5(e)(1). If the state or local agency has a "worksharing" agreement with the EEOC, a complainant ordinarily need not file separately with federal and state agencies. She may file her charge with one agency, and that agency will then relay the charge to the other . . . When the EEOC receives a charge . . . the EEOC notifies the employer and investigates the allegations . . . In the event that the EEOC determines there is "n[o] reasonable cause to believe that the charge is true," the [EEOC] is to dismiss the charge and notify the complainant of his or her right to sue in court . . . And within 90 days following such a notice, the complainant may commence a civil litigation against the allegedly offending employer. &#x00A7; 2000e&#x2D;5(f)(1).</lnvxe:text></p>
</lnvxe:blockquote>
<lnvxe:text><emph typestyle="un">Id.</emph> at 1846&#x2D;47 (alteration in the original).</lnvxe:text></p>
<p i="3"><lnvxe:text>Here, Plaintiff neither alleges in, nor attaches any documentation to, the Complaint evidencing that he exhausted his administrative remedies. Plaintiff has not alleged that: (1) he submitted an administrative complaint with the EEOC or any other appropriate state or local agency within the time permitted; (2) obtained a right&#x2D;to&#x2D;sue letter from the EEOC; or (3) commenced this lawsuit within the 90&#x2D;day period after a right&#x2D;to&#x2D;sue letter would have been issued. Plaintiff's Title VII claim is thus subject to dismissal for failure to exhaust administrative remedies. <emph typestyle="un">See Thomas v. Sec'y of the U.S. Dep't of Veterans Affs.</emph>, CV 21&#x2D;02433 JAK(RAO), 2021 WL 3468937, at *3 n. 3 (C.D. Cal. Mar. 25, 2021) ("Although the Supreme Court recently held that Title VII's charge&#x2D;filing requirement is mandatory claim&#x2D;processing rule but not jurisdictional . . . Plaintiff must still plead compliance with the requirement to state a claim upon which relief may be granted under [Rule] 12(b)(6).")</lnvxe:text></p>
<p i="3"><lnvxe:text>However, "[a]n equitable exception to the exhaustion requirement is available when an EEOC representative misleads the plaintiff concerning his claim." <emph typestyle="un">Josephs v. Pac. Bell</emph>, 443 F.3d 1050, 1061 (9th Cir. 2006) (analyzing equitable tolling exception for exhaustion requirement of an ADA claim) (citations omitted). Equitable tolling is available where a plaintiff: "(1) diligently pursued his claim; (2) was misinformed or misled by the administrative agency responsible for processing his charge; (3) relied in fact on the misinformation or misrepresentations of that agency, causing him to fail to exhaust his administrative remedies; and (4) was acting pro se at the time." <emph typestyle="un">Id.</emph> (quoting <emph typestyle="un">Rodriguez v. Airborne Express</emph>, 265 F.3d 890, 901&#x2D;02 (9th Cir. 2001)).</lnvxe:text></p>
<p i="3"><lnvxe:text>Here, Plaintiff argues in the Opposition that the EEOC "mishandle[ed]" his complaint and failed to "proper[ly] follow up" with him. See ECF No. 14, Opp'n at 3. Plaintiff does not allege this in the Complaint, nor does he allege any of the elements required for equitable tolling to apply. Moreover, as explained previously, the Court should not consider the extra&#x2D;record communication with the EEOC attached to Plaintiff's Opposition. Thus, Plaintiff has failed to allege facts in the Complaint to allow for Plaintiff to benefit from the equitable tolling exception to the exhaustion requirement.</lnvxe:text></p>
<p i="3"><lnvxe:text>As such, Plaintiff has failed to allege that he has exhausted his administrative remedies, which is a procedural requirement before commencing a Title VII suit. Accordingly, this Magistrate recommends that Plaintiff's Title VII claim be dismissed without prejudice and with leave to amend.</lnvxe:text></p>
<lnvxe:h><emph typestyle="bf">C. <emph typestyle="un">Plaintiff's OSHA Claim Fails Because OSHA Does Not Provide a Private Right to Action</emph></emph>.</lnvxe:h>
<p i="3"><lnvxe:text>The Ninth Circuit has held that "OSHA violations do not themselves constitute a private cause of action for breach" of OSHA regulations. 29 U.S.C. &#x00A7; 653(b)(4) ('[n]othing in this chapter shall be construed to . . . enlarge or diminish or affect in any other manner the common law or statutory rights, duties, liabilities of employers and employers')." <emph typestyle="un">Crane v. Conoco, Inc.</emph>, 41 F.3d 547, 553 (9th Cir. 1994); <emph typestyle="un">Hernandez v. SFM LLC</emph>, CV 21&#x2D;3097 PA (RAOx), 2021 WL 4352324, at *2 (C.D. Cal. May 12, 2021) (no private right of action for OSHA violation. Here, Plaintiff's "desire[] that the [C]ourt rule on the matter of the health and safety being violation with numerous OSHA violations" does not confer a private right of action where there is none. <emph typestyle="un">See</emph> ECF No. 24, Opp'n at 4. Accordingly, Plaintiff's OSHA claim should be dismissed with prejudice because OSHA does not provide for a private right to action.</lnvxe:text></p>
<lnvxe:h><emph typestyle="bf">D. <emph typestyle="un">The Court Lacks Subject Matter Jurisdiction Over Plaintiff's Remaining State Law Claims</emph></emph>.</lnvxe:h>
<p i="3"><lnvxe:text>Vanderlande argues that Plaintiff's California Labor Code &#x00A7; 1102.5 should be dismissed for lack of subject matter jurisdiction because Plaintiff's claims that would provide for federal question jurisdiction&#x2014;<emph typestyle="un">i.e.</emph>, his Title VII and OSHA claims&#x2014;fail and, therefore, no claims conferring jurisdiction remain. ECF No. 11, MTD at 8.</lnvxe:text></p>
<p i="3"><lnvxe:text>"The decision whether to continue to exercise supplemental jurisdiction over state law claims after all federal claims have been dismissed lies within the district court's discretion." <emph typestyle="un">Satey v. JPMorgan Chase &#x0026; Co.</emph>, 521 F.3d 1087, 1091 (9th Cir. 2008) (internal quotation marks and citations omitted). "In the usual case in which all federal&#x2D;law claims are eliminated before trial, the balance of factors to be considered under the [supplemental] jurisdiction doctrine&#x2014;judicial economy, convenience, fairness, and comity&#x2014;will point toward declining to exercise jurisdiction over the remaining state&#x2D;law claims." <emph typestyle="un">Carnegie&#x2D;Mellon Univ. v. Cohill</emph>, 484 U.S. 343, 350 n.7 (1988).</lnvxe:text></p>
<p i="3"><lnvxe:text>Here, Plaintiff appears to invoke federal question jurisdiction in the Complaint because he alleges "jurisdiction is [] proper as a result of multiple infractions against [f]ederal law which this [C]ourt oversees."<lnvxe:fnr alt-content="n2" fnrtoken="ref2" fntoken="fnote2">2</lnvxe:fnr> ECF No. 1, Compl. at 2. Vanderlande is correct that because Plaintiff's claims arising under federal law fail, the Court has discretion to decline to exercise supplemental jurisdiction over Plaintiff's remaining state law claim. Thus, Court should decline to exercise supplemental jurisdiction over Plaintiff's California Labor Code &#x00A7; 1102.5, and dismiss the claim without prejudice. This recommendation could change if Plaintiff successfully re&#x2D;pleads any federal causes of action</lnvxe:text></p>
<lnvxe:footnotegrp>
<lnvxe:footnote fnrtokens="ref2" fntoken="fnote2">
<lnvxe:fnlabel alt-content="n2">2</lnvxe:fnlabel>
<lnvxe:fnbody>
<p><lnvxe:text>The Court notes that although it lacks federal question jurisdiction, diversity jurisdiction may exist if the parties are diverse and the value of Plaintiff's claims exceeds $75,000. 28 U.S.C. &#x00A7; 1332. However, Plaintiff has not alleged the elements necessary to establish diversity jurisdiction. <emph typestyle="un">See In re Dynamic Random Access</emph>, 546 F.3d at 984&#x2D;85 ("Dismissal for lack of subject matter jurisdiction is appropriate if the complaint, considered in its entirety, on its face fails to allege facts sufficient to establish subject matter jurisdiction.").</lnvxe:text></p>
</lnvxe:fnbody>
</lnvxe:footnote>
</lnvxe:footnotegrp>
<lnvxe:h><emph typestyle="bf">E. <emph typestyle="un">The Complaint's Passing References to Other Statutes Fail to Meet Rule 8's Pleading Standard</emph></emph>.</lnvxe:h>
<p i="3"><lnvxe:text>Rule 8 requires that a complaint clearly establish the claims and parties such that a defendant would have "no difficulty in responding to the claims with an answer and/or with a Rule 12(b)(6) motion to dismiss." <emph typestyle="un">Hearns v. San Bernardino Police Dep't</emph>, 530 F.3d 1124, 1131&#x2D;32 (9th Cir. 2008). "Something labeled a complaint but written more as a press release, prolix in evidentiary detail, yet without simplicity, conciseness and clarity as to whom plaintiffs are suing for what wrongs, fails to perform the essential functions of a complaint." <emph typestyle="un">McHenry v. Renne</emph>, 84 F.3d 1172, 1179 (9th Cir. 1996). "Neither the court nor the defendants should be compelled to cull through pages of rambling narrative, argument and needless digression to discover the factual bases for [Plaintiff's] claims." <emph typestyle="un">Jacobson v. Schwarzenegger</emph>, 226 F.R.D. 395, 397 (C.D. Cal. 2005).</lnvxe:text></p>
<p i="3"><lnvxe:text>Here, Plaintiff's Complaint should be dismissed because it fails to provide Defendant with a concise summary of what claims Plaintiff is pursuing and how the alleged facts support the elements of each claim. Plaintiff opens the Complaint with stating that he alleges "the following in support of his complaint" "Retaliation in violation of [California] Labor Code &#x00A7; 1102.5[,]" "Title VII&#x2D;Civil Rights[,]" "Title VII&#x2D;Employment Discrimination[,]" and OSHA. ECF No. 1, Compl. at 2. But later in the Complaint, Plaintiff mentions other statutes, such as the ADEA, the ADA, and the "Section 15(a)(3) of the FLSA[,]" without clarifying whether he seeks relief under these statutes or how these statutes relate to his factual allegations. See <emph typestyle="un">id.</emph> at 5&#x2D;8.</lnvxe:text></p>
<p i="3"><lnvxe:text>For example, Plaintiff states that "had to use an employee shuttle but [] has not been compensated for any of the time to or from the worksite" and then provides what appears to be a copy&#x2D;and&#x2D;paste version of the chapter headings of (presumably) the California Labor Code. See <emph typestyle="un">id.</emph> at 8. This allegation entirely fails to tell the Court or Defendant under what section of the California Labor Code Plaintiff intends to pursue his claim, or how the harm Plaintiff complains of is covered by the California Labor Code.</lnvxe:text></p>
<p i="3"><lnvxe:text>Further, Plaintiff does not specify what type of ADEA or ADA claim he is pursuing. Both statutes have a discrimination provision based on age or disability, respectively, and an anti&#x2D;retaliation provision. <emph typestyle="un">See Gooch v. Am. Eagle Airlines, Inc.</emph>, 2:13&#x2D;cv&#x2D;02272&#x2D;CAS(AFMx), 2016 WL 590190, at *6&#x2D;7 (C.D. Cal. Feb. 10, 2016) (analyzing both discrimination and retaliation claims under the ADEA); <emph typestyle="un">Pardi v. Kaiser Found. Hosps.</emph>, 389 F.3d 840, 849&#x2D;50 (9th Cir. 2004) (analyzing both discrimination and retaliation claims under the ADA). The Complaint, however, does not specify under which provision Plaintiff seeks relief (or whether he seeks relief under either the ADEA or ADA at all).</lnvxe:text></p>
<p i="3"><lnvxe:text>As such, Plaintiff's passing references to statutes in the Complaint fail to give sufficient notice to Defendant of the claims against it. Accordingly, the Complaint fails to satisfy Rule 8's standards and the Complaint should be dismissed without prejudice and with leave to amend on that ground as well.</lnvxe:text></p>
<lnvxe:h><emph typestyle="bf">V. RECOMMENDATION</emph></lnvxe:h>
<p i="3"><lnvxe:text>IT IS THEREFORE RECOMMENDED that the Court:</lnvxe:text></p>
<p i="3"><lnvxe:text>(1) ACCEPT the findings in this R&#x0026;R;</lnvxe:text></p>
<p i="3"><lnvxe:text>(2) GRANT Defendant's MTD; dismiss the Complaint without prejudice and with leave to amend;</lnvxe:text></p>
<p i="3"><lnvxe:text>(3) DISMISS all Plaintiff's claims in the Complaint without prejudice and with leave to amend, except as to Plaintiff's OSHA claim, which should be DISMISSED with prejudice; and</lnvxe:text></p>
<p i="3"><lnvxe:text>(4) GRANT Plaintiff leave to file a FAC within 21&#x2D;days of any order accepting the R&#x0026;R issuing.</lnvxe:text></p>
<p><lnvxe:text>DATED: May 6, 2024</lnvxe:text></p>
<p i="3"><lnvxe:text>/s/ Shashi H. Kewalramani</lnvxe:text></p>
<p i="3"><lnvxe:text>HON. SHASHI H. KEWALRAMANI</lnvxe:text></p>
<p i="3"><lnvxe:text>United States Magistrate Judge</lnvxe:text></p>
</lnv:OPINION>
<lnv:SYS-AUDIT-TRAIL></lnv:SYS-AUDIT-TRAIL>
</COURTCASE>