<?xml version="1.0" encoding="UTF-8"?>
<icce_manifest fab_bundle_id="PR2024070923251300827" content_provider_id="cadicd" content_provider_scheme="ELDM_COLL_RESOLVED" content_target_type="mcs">
<metadata>
</metadata>
<item id="LDC_RR_223cv09738-16_PCQ.pdf" selector="" action="add" version="00" guid="6CFH-FC93-RW9B-22T9-00000-00" overrideConversionId="">
<file type="source" name="LDC_RR_223cv09738-16_PCQ.pdf" md5sum="96664b6cdf72cb711f7ab5e16dfd7b76" />
<file type="source" name="counsel_223-cv-09738-DOC-SHK.htm" md5sum="9936251da2922201c0c56b5a9c4cd526" />
<metadata>
<pair key="CLINV_estKeyCharCount" value="28135"/>
<pair key="CLINV_receivedDateTime" value="20240709_232358"/>
<pair key="INV_keyTargetFormat" value="CCV6"/>
<pair key="CLINV_courtName" value="UNITED STATES DISTRICT COURT FOR THE CENTRAL DISTRICT OF CALIFORNIA"/>
<pair key="CLINV_judge" value="VERIFY JUDGE"/>
<pair key="CLINV_inventoryStore" value="DM"/>
<pair key="CLINV_sourceDetail" value="RR"/>
<pair key="CLINV_code" value="FDCADICD"/>
<pair key="CLINV_docket" value="2:23-CV-09738-DOC-SHK"/>
<pair key="CLINV_autoConvert" value="UNDEFINED"/>
<pair key="CLINV_sourceType" value="P"/>
<pair key="MNCR_rci" value="1000200076"/>
<pair key="CLINV_fastFlow" value="UNDEFINED"/>
<pair key="CLINV_isTribalCourt" value="false"/>
<pair key="DSAR_CATALOG_NUMBER" value="14483373"/>
<pair key="CLINV_decisionDate" value="05-06-2024"/>
<pair key="CLINV_fileSize" value="197868"/>
<pair key="CLINV_fullCaseName" value="ANDREW S. KINDLE, Plaintiff, v. VANDERLANDE INDUSTRIES, INC., Defendant."/>
<pair key="CLINV_isTrialCourt" value="false"/>
<pair key="CLINV_isLegacyCourt" value="false"/>
<pair key="CLINV_TAT" value="10"/>
<pair key="CLINV_fileDate" value="05-06-2024"/>
</metadata>
</item>
</icce_manifest>
