<?xml version="1.0" encoding="ISO-8859-1"?>
<COURTCASE>
<lndocmeta:docinfo>
<lndocmeta:lnlni lnlni=""/>
<lndocmeta:lnminrev lnminrev="00000"/>
<lndocmeta:smi lnsmi="96ad"/>
<lndocmeta:dpsi lndpsi="080P"/>
<lndocmeta:lnsourcedocid lnsourcedocid=""/>
<lndocmeta:lndoctype lndoctypename="COURTCASE"/>
<lndocmeta:lndoctypeversion lndoctypeversionmajor="06" lndoctypeversionminor="000"/>
<lndocmeta:lndoctypelang lndoctypelang="EN"/>
<lndocmeta:lnfilenum lnfilenum="003"/>
<lndocmeta:fabinfo>
<lndocmeta:fabinfoitem name="B4DBNO" value="1HDQ"/></lndocmeta:fabinfo>
</lndocmeta:docinfo>
<lnv:FULL-NAME>
<lnvxe:fullcasename>GABRIEL ELLIS, Plaintiff, vs. WRIGHT&#x2D;PATTERSON AIR FORCE BASE, Defendant.</lnvxe:fullcasename>
</lnv:FULL-NAME>
<lnv:NUMBER>
<lnvxe:docketnumber pacernum="3:24cv141">Case No. 3:24-cv-141</lnvxe:docketnumber>
</lnv:NUMBER>
<lnv:COURT>UNITED STATES DISTRICT COURT FOR THE SOUTHERN DISTRICT OF OHIO, WESTERN DIVISION</lnv:COURT>
<lnv:DECIDEDDATE>
<lnvxe:date>July 9, 2024</lnvxe:date>, Decided
</lnv:DECIDEDDATE>
<lnv:FILEDDATE>
<lnvxe:date>July 9, 2024</lnvxe:date>, Filed
</lnv:FILEDDATE>
<lnv:COUNSEL>
<lnvxe:counsel>Gabriel Ellis, Plaintiff, Pro se, Dayton, OH.</lnvxe:counsel>
</lnv:COUNSEL>
<lnv:JUDGES>
<lnvxe:judges>Hon. Michael J. Newman, United States District Judge. Caroline H. Gentry, Magistrate Judge.</lnvxe:judges>
</lnv:JUDGES>
<lnv:OPINIONBY>Hon. Michael J. Newman</lnv:OPINIONBY>
<lnv:OPINION>
<lnvxe:h><emph typestyle="bf">ORDER: (1) OVERRULING PLAINTIFF'S OBJECTIONS (Doc. No. 4); (2) ADOPTING THE MAGISTRATE JUDGE'S REPORT AND RECOMMENDATION (Doc. No. 2); (3) DISMISSING PLAINTIFF'S COMPLAINT; AND (4) TERMINATING THE CASE ON THE COURT'S DOCKET</emph></lnvxe:h>
<p i="3"><lnvxe:text>Plaintiff brings the instant case <emph typestyle="it">pro se</emph> and <emph typestyle="it">in forma pauperis</emph> alleging, in part, that members of the Air Force have been "talking to [him] thru his house onto [his] skull call[ed] 'bonecondensing' technology." <emph typestyle="it">Id.</emph> at PageID 27. He maintains that from July to October 2024, they made him "submit to attaching said satellite frequency to [his] body...," and threatened him and his family with death by a cruise missile. <emph typestyle="it">Id.</emph> He also reports that a green civilian helicopter hovered about him, "emanating and returning to base property." <emph typestyle="it">Id.</emph> He seeks an Order requiring the Wright&#x2D;Patterson Air Force Base "to remove the beam from [a] satellite, off [his] body." Doc. No. 3 at PageID 28. He also seeks protection from "the Marshals' Office" and 900 million dollars in damages. <emph typestyle="it">Id.</emph></lnvxe:text></p>
<p i="3"><lnvxe:text>The case is before the Court upon Plaintiff's complaint (Doc. No. 3), the Report and Recommendation of United States Magistrate Judge Caroline H. Gentry (Doc. No. 2), and Plaintiff's objections to the Report and Recommendation (Doc. No. 4). Judge Gentry conducted an initial review of Plaintiff's complaint as required by 28 U.S.C. &#x00A7; 1915(e)(2) because he is proceeding <emph typestyle="it">in forma pauperis</emph>. Doc. No. 2 at PageID 19&#x2D;20. Judge Gentry recommends dismissing Plaintiff's complaint pursuant to 28 U.S.C. &#x00A7; 1915(e)(2) because his claims "'describe fantastic or delusional scenarios'" and "'lack an arguable or rational basis in fact.'" Doc. No. 2 at PageID 22 (quoting <emph typestyle="it">Huey v. Raymond</emph>, 53 Fed. App'x 329, 330 (6th Cir. 2002)).</lnvxe:text></p>
<p i="3"><lnvxe:text>In his objections, Plaintiff adds many allegations to his complaint that do not alleviate its shortcomings. Instead, his allegations either repeat or continue in the same vein as those raised in his complaint. For example, he alleges that members of the Air Force are talking to him from a satellite, threatening him and his family with a cruise missile, causing him third&#x2D;degree burns, sexually torturing him, murdering his girlfriend, flying green helicopters over him, stealing his car, subjecting him to Havanna Syndrome, and attacking him with "psychotropic weapons" inside his brain. Doc. No. 4 at PageID 37&#x2D;42. To further support his objections, Plaintiff contends that a case pending in the United States District Court in Houston, Texas, Case No. 4:23&#x2D;cv&#x2D;1013, is just like the instant case. <emph typestyle="it">Id.</emph> at PageID 42. Plaintiff explains that the plaintiffs in that case seek to recover 1.3 billion dollars due to the Government's use of microwave weapons on United States civilians. <emph typestyle="it">Id.</emph></lnvxe:text></p>
<p i="3"><lnvxe:text>The Court has reviewed <emph typestyle="it">de novo</emph>, as required by 28 U.S.C. &#x00A7; 636(b) and Fed. R. Civ. P. 72(a), Plaintiff's objections and all filings in this matter. Liberally construing Plaintiff's <emph typestyle="it">pro se</emph> filings in his favor,<lnvxe:fnr alt-content="n1" fnrtoken="ref1" fntoken="fnote1">1</lnvxe:fnr> <emph typestyle="it">see Estelle v. Gamble</emph>, 429 U.S. 97, 106 (1976), the Court finds no merit in his objections. Judge Gentry's Report and Recommendation is well reasoned and cogently written, and is not "clearly erroneous or ... contrary to law." 28 U.S.C. &#x00A7; 636(b)(1)(A); <emph typestyle="it">see</emph> Fed. R. Civ. P. 72(a). In addition, review of the federal case in Houston, Texas upon which Plaintiff relies reveals that the District Court there dismissed plaintiffs' allegations as "fantastical and, on their face, devoid of merit." <emph typestyle="it">Targeted Justice, Inc. v. Garland</emph>, No. H&#x2D;23&#x2D;1013, 2023 WL 4471553, at *5 (S.D. Tex. July 11, 2023) ("<emph typestyle="it">Targeted Justice</emph>"). Plaintiff correctly acknowledges that the allegations in <emph typestyle="it">Targeted Justice</emph> are "just like" his. Doc. No. 4 at PageID 42. Given this, and because Judge Gentry reached the same conclusions about Plaintiff's allegations as those reached in <emph typestyle="it">Targeted Justice</emph> (Doc. No. 2 at PageID 22&#x2D;23), the well&#x2D;reasoned opinion in <emph typestyle="it">Targeted Justice</emph> provides additional persuasive support for overruling Plaintiff's objections and adopting the Report and Recommendation.<lnvxe:fnr alt-content="n2" fnrtoken="ref2" fntoken="fnote2">2</lnvxe:fnr></lnvxe:text></p>
<lnvxe:footnotegrp>
<lnvxe:footnote fnrtokens="ref1" fntoken="fnote1">
<lnvxe:fnlabel alt-content="n1">1</lnvxe:fnlabel>
<lnvxe:fnbody>
<p><lnvxe:text>"Unlike a dismissal for failure to state a claim, where a judge must accept all factual allegations as true, a judge does not have to accept 'fantastic or delusional' factual allegations as true in ... complaints that are reviewed for frivolousness." <emph typestyle="it">Hill v. Lappin</emph>, 630 F.3d 468, 471 (6th Cir. 2010) (cleaned up).</lnvxe:text></p>
</lnvxe:fnbody>
</lnvxe:footnote>
<lnvxe:footnote fnrtokens="ref2" fntoken="fnote2">
<lnvxe:fnlabel alt-content="n2">2</lnvxe:fnlabel>
<lnvxe:fnbody>
<p><lnvxe:text>Further support exists in the plaintiffs' appeal in <emph typestyle="it">Targeted Justice</emph> where the United States Court of Appeals for the Fifth Circuit affirmed the dismissal of the plaintiff's claims, stating, "Here, the Plaintiffs similarly alleged the federal government targeted them with 'Directed Energy Weapon Attacks,' 'Voiceto&#x2D;Skull' technology, electronic hacking, and 'organized stalking' due to their placement on a secret 'blacklist'.... The district court correctly dismissed these claims as frivolous." <emph typestyle="it">Targeted Justice, Inc. v. Garland</emph>, No. 23&#x2D;20342, 2024 WL 1007469, at *2 (5th Cir. Mar. 8, 2024).</lnvxe:text></p>
</lnvxe:fnbody>
</lnvxe:footnote>
</lnvxe:footnotegrp>
<p i="3"><lnvxe:text>Accordingly, Plaintiff's objections are <emph typestyle="bf">OVERRULED</emph>; the Report and Recommendation is <emph typestyle="bf">ADOPTED</emph>; Plaintiff's complaint is <emph typestyle="bf">DISMISSED</emph> pursuant to 28 U.S.C. &#x00A7; 1915(e)(2); and this case is <emph typestyle="bf">TERMINATED</emph> on the docket.</lnvxe:text></p>
<p i="3"><lnvxe:text><emph typestyle="bf">IT IS SO ORDERED</emph>.</lnvxe:text></p>
<p i="3"><lnvxe:text>July 9, 2024</lnvxe:text></p>
<p i="3"><lnvxe:text>/s/ <emph typestyle="it">Michael J. Newman</emph></lnvxe:text></p>
<p i="3"><lnvxe:text>Hon. Michael J. Newman</lnvxe:text></p>
<p i="3"><lnvxe:text>United States District Judge</lnvxe:text></p>
</lnv:OPINION>
<lnv:SYS-AUDIT-TRAIL></lnv:SYS-AUDIT-TRAIL>
</COURTCASE>