<?xml version="1.0" encoding="UTF-8"?>
<icce_manifest fab_bundle_id="PR2024070923092500703" content_provider_id="ohdisd" content_provider_scheme="ELDM_COLL_RESOLVED" content_target_type="mcs">
<metadata>
</metadata>
<item id="324-cv-00141-MJN-CHG_5.pdf" selector="" action="add" version="00" guid="6CFH-D6M3-S7CF-53XK-00000-00" overrideConversionId="">
<file type="source" name="324-cv-00141-MJN-CHG_5.pdf" md5sum="49f722b796264a34508c4e8630eebfaf" />
<file type="source" name="counsel_324-cv-00141-MJN-CHG.htm" md5sum="1c0dbd23679a4544bc1acf315879233f" />
<metadata>
<pair key="CLINV_estKeyCharCount" value="5421"/>
<pair key="CLINV_receivedDateTime" value="20240709_230204"/>
<pair key="INV_keyTargetFormat" value="CCV6"/>
<pair key="CLINV_courtName" value="UNITED STATES DISTRICT COURT FOR THE SOUTHERN DISTRICT OF OHIO"/>
<pair key="CLINV_judge" value="VERIFY JUDGE"/>
<pair key="CLINV_inventoryStore" value="DM"/>
<pair key="CLINV_sourceDetail" value="AO"/>
<pair key="CLINV_code" value="FDOHDISD"/>
<pair key="CLINV_docket" value="3:24-CV-141"/>
<pair key="CLINV_autoConvert" value="UNDEFINED"/>
<pair key="CLINV_sourceType" value="P"/>
<pair key="MNCR_rci" value="1000200109"/>
<pair key="CLINV_fastFlow" value="CASELAWFF"/>
<pair key="CLINV_isTribalCourt" value="false"/>
<pair key="DSAR_CATALOG_NUMBER" value="14483355"/>
<pair key="CLINV_decisionDate" value="07-09-2024"/>
<pair key="CLINV_fileSize" value="147127"/>
<pair key="CLINV_fullCaseName" value="GABRIEL ELLIS, Plaintiff, vs. AIR FORCE BASE, Defendant."/>
<pair key="CLINV_isTrialCourt" value="false"/>
<pair key="CLINV_isLegacyCourt" value="false"/>
<pair key="CLINV_TAT" value="10"/>
<pair key="CLINV_fileDate" value="07-09-2024"/>
</metadata>
</item>
</icce_manifest>
