<?xml version="1.0" encoding="ISO-8859-1"?>
<COURTCASE>
<lndocmeta:docinfo>
<lndocmeta:lnlni lnlni=""/>
<lndocmeta:lnminrev lnminrev="00000"/>
<lndocmeta:smi lnsmi="9691"/>
<lndocmeta:dpsi lndpsi="07ZX"/>
<lndocmeta:lnsourcedocid lnsourcedocid=""/>
<lndocmeta:lndoctype lndoctypename="COURTCASE"/>
<lndocmeta:lndoctypeversion lndoctypeversionmajor="06" lndoctypeversionminor="000"/>
<lndocmeta:lndoctypelang lndoctypelang="EN"/>
<lndocmeta:lnfilenum lnfilenum="003"/>
<lndocmeta:fabinfo>
<lndocmeta:fabinfoitem name="B4DBNO" value="1HDQ"/></lndocmeta:fabinfo>
</lndocmeta:docinfo>
<lnv:FULL-NAME>
<lnvxe:fullcasename>PHILLIP ASHLEY SCOTT, Plaintiff, v. JOSEPH WILLIAMS, Defendant.</lnvxe:fullcasename>
</lnv:FULL-NAME>
<lnv:NUMBER>
<lnvxe:docketnumber pacernum="3:23cv732">Case No. 3:23-cv-732-WWB-PDB</lnvxe:docketnumber>
</lnv:NUMBER>
<lnv:COURT>UNITED STATES DISTRICT COURT FOR THE MIDDLE DISTRICT OF FLORIDA, JACKSONVILLE DIVISION</lnv:COURT>
<lnv:DECIDEDDATE>
<lnvxe:date>July 8, 2024</lnvxe:date>, Decided
</lnv:DECIDEDDATE>
<lnv:FILEDDATE>
<lnvxe:date>July 9, 2024</lnvxe:date>, Filed
</lnv:FILEDDATE>
<lnv:COUNSEL>
<lnvxe:counsel>For Joseph Williams, Chaplain, Defendant: Bruce R. Bogan, Hilyard Bogan &#x0026; Palmer PA, Orlando, FL; David Jadon, LEAD ATTORNEY, Hilyard Bogan &#x0026; Palmer P.A., Orlando, FL.</lnvxe:counsel>
<lnvxe:counsel>Phillip Ashley Scott, Plaintiff, Pro se, Raiford, FL.</lnvxe:counsel>
</lnv:COUNSEL>
<lnv:JUDGES>
<lnvxe:judges>WENDY W. BURGER, UNITED STATES DISTRICT JUDGE.</lnvxe:judges>
</lnv:JUDGES>
<lnv:OPINIONBY>WENDY W. BURGER</lnv:OPINIONBY>
<lnv:OPINION>
<lnvxe:h><emph typestyle="bu">ORDER</emph></lnvxe:h>
<p i="3"><lnvxe:text>Plaintiff, Phillip Ashley Scott, was an inmate at the Clay County Jail when he initiated this case by filing a pro se Civil Rights Complaint under 42 U.S.C. &#x00A7; 1983. (Doc. 1). He is now a prisoner in the Florida Department of Corrections. He sues Joseph Williams, the Chaplain at the Clay County Jail, for alleged violations of the First, Eighth, and Fourteenth Amendments. (<emph typestyle="it">See id</emph>. at 2&#x2D;3). Scott claims that Defendant continually refused to provide Scott with the proper meal plan to meet his religious practices. (<emph typestyle="it">Id</emph>. at 6). He seeks injunctive relief requiring Defendant to provide him with the requested meal plan and monetary damages. (<emph typestyle="it">Id</emph>.). Defendant moves to dismiss the Complaint. (<emph typestyle="it">See</emph> Doc. 19). Scott filed a Response opposing the Motion. (Doc. 23).</lnvxe:text></p>
<lnvxe:h><emph typestyle="bf">I. LEGAL STANDARD</emph></lnvxe:h>
<p i="3"><lnvxe:text>"A pleading that states a claim for relief must contain . . . a short and plain statement of the claim showing that the pleader is entitled to relief." Fed. R. Civ. P. 8(a)(2). Pursuant to Federal Rule of Civil Procedure 12(b)(6), a party may move to dismiss a complaint for "failure to state a claim upon which relief can be granted." In determining whether to dismiss under Rule 12(b)(6), a court accepts the factual allegations in the complaint as true and construes them in a light most favorable to the non&#x2D;moving party. <emph typestyle="it">See United Techs. Corp. v. Mazer</emph>, 556 F.3d 1260, 1269 (11th Cir. 2009). Nonetheless, "the tenet that a court must accept as true all of the allegations contained in a complaint is inapplicable to legal conclusions," and "[t]hreadbare recitals of the elements of a cause of action, supported by mere conclusory statements, do not suffice." <emph typestyle="it">Ashcroft v. Iqbal</emph>, 556 U.S. 662, 678 (2009). Furthermore, "[t]o survive a motion to dismiss, a complaint must contain sufficient factual matter, accepted as true, to 'state a claim to relief that is plausible on its face.'" <emph typestyle="it">Id</emph>. (quoting <emph typestyle="it">Bell Atl. Corp. v. Twombly</emph>, 550 U.S. 544, 570 (2007)). "A claim has facial plausibility when the plaintiff pleads factual content that allows the court to draw the reasonable inference that the defendant is liable for the misconduct alleged." <emph typestyle="it">Id</emph>.</lnvxe:text></p>
<lnvxe:h><emph typestyle="bf">II. ANALYSIS</emph></lnvxe:h>
<p i="3"><lnvxe:text>Defendant argues that it is improper to name an individual in his official capacity because doing so is the functional equivalent of suing the entity that the individual represents. (<emph typestyle="it">See</emph> Doc. 19 at 3). Defendant also argues that "[p]unitive damages are unavailable against a municipal employee in their official capacity," and Scott fails to plead the proper standard for injunctive relief. (<emph typestyle="it">Id</emph>. at 3&#x2D;5). Finally, Defendant argues that Scott's Complaint is a shotgun pleading. (<emph typestyle="it">Id</emph>. at 7).</lnvxe:text></p>
<p i="3"><lnvxe:text>As to Defendant's first argument, while it is "redundant and possibly confusing to the jury" to name as defendants an individual in his official capacity as well as the entity that individual represents, <emph typestyle="it">Busby v. City of Orlando</emph>, 931 F.2d 764, 776 (11th Cir. 1991), that is not what Scott did here.<lnvxe:fnr alt-content="n1" fnrtoken="ref1" fntoken="fnote1">1</lnvxe:fnr> Nevertheless, in his Response, Scott requests leave to amend and he also withdraws his requests for injunctive relief and punitive damages. (<emph typestyle="it">See</emph> Doc. 23 at 2&#x2D;3). Considering the parties' arguments and the file, the Court finds it appropriate to grant Scott's request for leave to amend.<lnvxe:fnr alt-content="n2" fnrtoken="ref2" fntoken="fnote2">2</lnvxe:fnr></lnvxe:text></p>
<lnvxe:footnotegrp>
<lnvxe:footnote fnrtokens="ref1" fntoken="fnote1">
<lnvxe:fnlabel alt-content="n1">1</lnvxe:fnlabel>
<lnvxe:fnbody>
<p i="3"><lnvxe:text>"When a plaintiff sues a municipal officer in the officer's individual capacity for alleged civil rights violations, the plaintiff seeks money damages directly from the individual officer. . . . In contrast to individual capacity suits, when an officer is sued under Section 1983 in his or her official capacity, the suit is simply another way of pleading an action against an entity of which an officer is an agent." <emph typestyle="it">Busby</emph>, 931 F.2d at 772, 776 (internal quotations, citations, and footnote omitted).</lnvxe:text></p>
</lnvxe:fnbody>
</lnvxe:footnote>
<lnvxe:footnote fnrtokens="ref2" fntoken="fnote2">
<lnvxe:fnlabel alt-content="n2">2</lnvxe:fnlabel>
<lnvxe:fnbody>
<p i="3"><lnvxe:text>Scott should note, however, that requesting affirmative relief in a response to a motion is improper. Pursuant to the Federal Rules of Civil Procedure and Eleventh Circuit precedent, a request for affirmative relief must be presented to the Court in a motion. <emph typestyle="it">See</emph> Fed. R. Civ. P. 7(b) ("A request for a court order must be made by motion."); <emph typestyle="it">Rosenberg</emph> <emph typestyle="it">v. Gould</emph>, 554 F.3d 962, 965 (11th Cir. 2009) ("Where a request for leave to file an amended complaint simply is imbedded within an opposition memorandum, the issue has not been raised properly." (quoting <emph typestyle="it">Posner v. Essex Ins. Co.</emph>, 178 F.3d 1209, 1222 (11th Cir. 1999))). This Court's Local Rules also require that requests for Court action be supported by a memorandum of law and that parties confer with the opposing party before filing most motions. M.D. Fla. R. 3.01(a), (g). Future requests must be made in a motion and must comply with the Federal Rules of Civil Procedure and this Court's Local Rules.</lnvxe:text></p>
</lnvxe:fnbody>
</lnvxe:footnote>
</lnvxe:footnotegrp>
<p i="3"><lnvxe:text>Accordingly, it is <emph typestyle="bf">ORDERED</emph> and <emph typestyle="bf">ADJUDGED</emph> as follows:</lnvxe:text>
<lnvxe:blockquote>
<p><lnvxe:text>1. Defendant's Motion to Dismiss Plaintiff's Complaint (Doc. 19) is <emph typestyle="bf">DENIED as</emph> <emph typestyle="bf">moot</emph>.</lnvxe:text></p>
<p><lnvxe:text>2. The <emph typestyle="bf">Clerk</emph> shall send Plaintiff a civil rights complaint form (AO Pro Se 14 (Rev. 12/16)).</lnvxe:text></p>
<p><lnvxe:text>3. Plaintiff shall file an amended complaint on the Court's approved form by <emph typestyle="bf">August 12, 2024</emph>. Before signing the amended complaint, Plaintiff must ensure his factual allegations are true and he has not knowingly made a false factual allegation. <emph typestyle="it">See</emph> Fed. R. Civ. P. 11(b) (setting forth requirements for representations made to the Court through a party's filings). He must neither exaggerate nor distort any fact; instead, he must truthfully allege the facts underlying his claims. Knowingly making a false material declaration violates 18 U.S.C. &#x00A7; 1623 and is punishable by a fine, imprisonment, or both.</lnvxe:text></p>
</lnvxe:blockquote></p>
<p i="3"><lnvxe:text><emph typestyle="bf">DONE AND ORDERED</emph> in Jacksonville, Florida, on July 8, 2024.</lnvxe:text></p>
<p i="3"><lnvxe:text>/s/ Wendy W. Burger</lnvxe:text></p>
<p i="3"><lnvxe:text>WENDY W. BURGER</lnvxe:text></p>
<p i="3"><lnvxe:text>UNITED STATES DISTRICT JUDGE</lnvxe:text></p>
</lnv:OPINION>
<lnv:SYS-AUDIT-TRAIL></lnv:SYS-AUDIT-TRAIL>
</COURTCASE>