<?xml version="1.0" encoding="UTF-8"?>
<icce_manifest fab_bundle_id="PR2024070923352200891" content_provider_id="fldimd" content_provider_scheme="ELDM_COLL_RESOLVED" content_target_type="mcs">
<metadata>
</metadata>
<item id="dar_3-23CV732_FLMD_27_20240709_131961370.pdf" selector="" action="add" version="00" guid="6CFH-G5M3-RV60-C4CG-00000-00" overrideConversionId="">
<file type="source" name="dar_3-23CV732_FLMD_27_20240709_131961370.pdf" md5sum="2431467a4ec41c0df0a2b9d9dea5cf96" />
<file type="source" name="dar_3-23cv732_FLMD_Counsel.csv" md5sum="01cf59e30caa0c96d2a0e716895f81ef" />
<metadata>
<pair key="CLINV_estKeyCharCount" value="6560"/>
<pair key="CLINV_receivedDateTime" value="20240709_233049"/>
<pair key="INV_keyTargetFormat" value="CCV6"/>
<pair key="CLINV_courtName" value="UNITED STATES DISTRICT COURT FOR THE MIDDLE DISTRICT OF FLORIDA"/>
<pair key="CLINV_judge" value="VERIFY JUDGE"/>
<pair key="CLINV_inventoryStore" value="DM"/>
<pair key="CLINV_sourceDetail" value="OR"/>
<pair key="CLINV_code" value="FDFLDIMD"/>
<pair key="CLINV_docket" value="3:23-CV-732-WWB-PDB"/>
<pair key="CLINV_autoConvert" value="UNDEFINED"/>
<pair key="CLINV_sourceType" value="P"/>
<pair key="MNCR_rci" value="1000200081"/>
<pair key="CLINV_fastFlow" value="CASELAWFF"/>
<pair key="CLINV_isTribalCourt" value="false"/>
<pair key="DSAR_CATALOG_NUMBER" value="14483448"/>
<pair key="CLINV_decisionDate" value="07-08-2024"/>
<pair key="CLINV_fileSize" value="147260"/>
<pair key="CLINV_fullCaseName" value="PHILLIP ASHLEY SCOTT, Plaintiff, v. JOSEPH WILLIAMS, Defendant."/>
<pair key="CLINV_isTrialCourt" value="false"/>
<pair key="CLINV_isLegacyCourt" value="false"/>
<pair key="CLINV_TAT" value="10"/>
<pair key="CLINV_fileDate" value="07-09-2024"/>
</metadata>
</item>
</icce_manifest>
