<?xml version="1.0" encoding="ISO-8859-1"?>
<COURTCASE>
<lndocmeta:docinfo>
<lndocmeta:lnlni lnlni=""/>
<lndocmeta:lnminrev lnminrev="00000"/>
<lndocmeta:smi lnsmi="96ad"/>
<lndocmeta:dpsi lndpsi="080P"/>
<lndocmeta:lnsourcedocid lnsourcedocid=""/>
<lndocmeta:lndoctype lndoctypename="COURTCASE"/>
<lndocmeta:lndoctypeversion lndoctypeversionmajor="06" lndoctypeversionminor="000"/>
<lndocmeta:lndoctypelang lndoctypelang="EN"/>
<lndocmeta:lnfilenum lnfilenum="003"/>
<lndocmeta:fabinfo>
<lndocmeta:fabinfoitem name="B4DBNO" value="1HDQ"/></lndocmeta:fabinfo>
</lndocmeta:docinfo>
<lnv:FULL-NAME>
<lnvxe:fullcasename>KARL SAINT VIL Plaintiff, v. BLUE ASH HEALTHCARE, LLC, et al., Defendants.</lnvxe:fullcasename>
</lnv:FULL-NAME>
<lnv:NUMBER>
<lnvxe:docketnumber pacernum="1:23cv85">Case No. 1:23-cv-85</lnvxe:docketnumber>
</lnv:NUMBER>
<lnv:COURT>UNITED STATES DISTRICT COURT FOR THE SOUTHERN DISTRICT OF OHIO, WESTERN DIVISION</lnv:COURT>
<lnv:DECIDEDDATE>
<lnvxe:date>July 9, 2024</lnvxe:date>, Decided
</lnv:DECIDEDDATE>
<lnv:FILEDDATE>
<lnvxe:date>July 9, 2024</lnvxe:date>, Filed
</lnv:FILEDDATE>
<lnv:COUNSEL>
<lnvxe:counsel>For Karl Saint Vil, Plaintiff: Evan Ryan McFarland, LEAD ATTORNEY, Spitz, The Employee's Law Firm, Cincinnati, OH; Brianna Carden Miller, Spitz Law Firm, Cincinnati, OH; Matthew G Bruce, Cincinnati, OH.</lnvxe:counsel>
<lnvxe:counsel>For Blue Ash Healthcare, LLC, doing business as, Cooper's Trace Skilled Nursing and Rehabilitation Center, Hillstone Healthcare, Inc., doing business as, Cooper's Trace Skilled Nursing and Rehabilitation Center, Defendants: Dominic Michael Parish, PRO HAC VICE, Salsbury &#x0026; Salsbury, LPA, Hudson, OH; Scott Salsbury, Salsbury &#x0026; Salsbury, L.P.A., Hudson, OH.</lnvxe:counsel>
</lnv:COUNSEL>
<lnv:JUDGES>
<lnvxe:judges>DOUGLAS R. COLE, UNITED STATES DISTRICT JUDGE.</lnvxe:judges>
</lnv:JUDGES>
<lnv:OPINIONBY>DOUGLAS R. COLE</lnv:OPINIONBY>
<lnv:OPINION>
<lnvxe:h><emph typestyle="bu">OPINION AND ORDER</emph></lnvxe:h>
<p i="3"><lnvxe:text>Defendants Hillstone Healthcare, Inc., and Blue Ash Healthcare, LLC (collectively, Hillstone), fired Karl Saint Vil from his position as a maintenance supervisor at a residential nursing home facility that Defendants operate in Blue Ash, Ohio. Saint Vil maintains that they terminated him because he had complained about unsafe conditions at the nursing home. He also claims that he was subject to a hostile work environment because of his sex. So Saint Vil sued Hillstone, raising several Ohio&#x2D;law claims and a claim under Title VII of the Civil Rights Act of 1964. (<emph typestyle="it">See generally</emph> Am. Compl., Doc. 4). Hillstone now moves for summary judgment. (Doc. 14). After reviewing the record, the Court <emph typestyle="bf">GRANTS</emph> Hillstone's Motion for Summary Judgment (Doc. 14) and <emph typestyle="bf">DISMISSES</emph> Saint Vil's claims <emph typestyle="bf">WITH PREJUDICE</emph>.</lnvxe:text></p>
<lnvxe:h><emph typestyle="bf">BACKGROUND</emph></lnvxe:h>
<p i="3"><lnvxe:text>Karl Saint Vil worked as a maintenance supervisor at Hillstone's Cooper's Trace facility from January 25, 2021, until July 6, 2021. (Proposed Undisputed Facts, Doc. 15, #200).<lnvxe:fnr alt-content="n1" fnrtoken="ref1" fntoken="fnote1">1</lnvxe:fnr> As maintenance supervisor, Saint Vil was required to perform regular inspections of rooms at the nursing home and perform necessary repairs. (Saint Vil Dep., Doc. 15&#x2D;2, #233, 277&#x2D;78). His tasks were wide&#x2D;ranging and included cutting grass, repairing the air conditioning unit, patching cement floors, installing security cameras, fixing electrical outlets, and performing any "safety repairs." (<emph typestyle="it">Id.</emph> at #277&#x2D;84, 296&#x2D;97). On two separate occasions, once while switching an electrical outlet and once while manipulating a wire in the ceiling, Saint Vil sustained an electric shock. (<emph typestyle="it">Id.</emph> at #296&#x2D;303). But he was not injured by the shocks and did not file a worker's compensation claim. (Doc. 15, #204).</lnvxe:text></p>
<lnvxe:footnotegrp>
<lnvxe:footnote fnrtokens="ref1" fntoken="fnote1">
<lnvxe:fnlabel alt-content="n1">1</lnvxe:fnlabel>
<lnvxe:fnbody>
<p><lnvxe:text>Pursuant to this Court's Civil Standing Order (I)(F)(2)(a)&#x2D;(c), Hillstone simultaneously filed a list of Proposed Undisputed Facts (Doc. 15) and its Motion for Summary Judgment (Doc. 14). Saint Vil admitted many of those facts. (Doc. 18, #573&#x2D;76). Unless otherwise noted, the Court cites Hillstone's proposed list only for admitted facts.</lnvxe:text></p>
</lnvxe:fnbody>
</lnvxe:footnote>
</lnvxe:footnotegrp>
<p i="3"><lnvxe:text>One recurring maintenance issue during Saint Vil's employment involved electrical outlets in residents' rooms. The electrical outlets behind residents' beds would sometimes spark because the beds would hit the outlets when the beds were raised or lowered. (<emph typestyle="it">Id.</emph> at #201&#x2D;02). As a temporary solution to this hazard, Saint Vil proposed to his supervisors that he install wooden bumpers above the outlets to prevent the beds from hitting the outlets. (<emph typestyle="it">Id.</emph> at #202). Saint Vil's supervisors agreed with his temporary solution and directed him to install the bumpers. (<emph typestyle="it">Id.</emph>). Saint Vil's supervisors never threatened to terminate him for raising this electrical issue. (<emph typestyle="it">Id.</emph>). All thirty&#x2D;four rooms at the Cooper's Trace facility required bumpers. (<emph typestyle="it">Id.</emph>). But in four months, Saint Vil installed only "a couple" of bumpers. (<emph typestyle="it">Id.</emph>). And Saint Vil never orally reported to Hillstone that the electrical issue violated any law, ordinance, or statute, nor did he submit a written report describing the issue. (<emph typestyle="it">Id.</emph> at #205). He likewise never reported the electrical issue to the Ohio Department of Health (ODH), the government agency that regulates nursing homes. (<emph typestyle="it">Id.</emph>).</lnvxe:text></p>
<p i="3"><lnvxe:text>On February 16, 2021&#x2014;around the time the bedroom electrical outlet issue was discovered&#x2014;the ODH, in response to a separate complaint (not by Saint Vil), conducted a survey at the Cooper's Trace facility. (<emph typestyle="it">Id.</emph> at #202&#x2D;03). During that survey, ODH discovered that several electrical outlets in the hallways and kitchen were not covered or protected as required by law. (<emph typestyle="it">Id.</emph>; Doc. 15&#x2D;5, #341&#x2D;42). The ODH form states that the "Provider's Plan of Correction" for those deficiencies is that Saint Vil would repair the outlets. (Doc. 15&#x2D;5, #341).</lnvxe:text></p>
<p i="3"><lnvxe:text>A few months later, on May 21, 2021, a spark from an electrical outlet in a resident's bedroom caused a small fire. (Doc. 15, #203). The fire incident led to another ODH survey a few days later, during which the ODH found the facility's defects listed in the February report had not been remedied. (<emph typestyle="it">Id.</emph>). Hillstone eventually hired an electric company to install permanent bumpers to protect the outlets. (<emph typestyle="it">Id.</emph> at #203&#x2D;04).</lnvxe:text></p>
<p i="3"><lnvxe:text>While all these maintenance issues were occurring, Saint Vil discovered that a rumor was spreading that he and the female dietary director at the Cooper's Trace facility were romantically involved. (<emph typestyle="it">Id.</emph> at #200&#x2D;01). He could not identify who started the rumor, but he nevertheless reported the rumor to the Director of Nursing and human resources. (<emph typestyle="it">Id.</emph>; Doc. 15&#x2D;2, #307).</lnvxe:text></p>
<p i="3"><lnvxe:text>Hillstone terminated Saint Vil's employment on July 6, 2021. (Doc. 15&#x2D;9, #380). In its termination letter, it listed five reasons for that termination: (1) Saint Vil failed to complete repairs; (2) he left job materials unattended; (3) he left trash around the building; (4) he failed to maintain the lawn; and (5) his work was generally unsatisfactory. (<emph typestyle="it">Id.</emph>; Doc. 15, #205).</lnvxe:text></p>
<p i="3"><lnvxe:text>Saint Vil responded by suing Hillstone in state court. He initially asserted three claims for relief: (1) a claim under the Ohio whistleblower statute, Ohio Rev. Code &#x00A7; 4113.52; (2) a claim for wrongful termination in violation of Ohio public policy, based on Hillstone's alleged retaliation for Saint Vil's alerting his supervisors to unsafe conditions at the facility; and (3) an Ohio wrongful termination in violation of public policy claim, based on Hillstone's alleged desire to deter Saint Vil from filing a worker's compensation claim. (State Ct. Compl., Doc. 1&#x2D;3, #16&#x2D;19). Saint Vil subsequently amended his complaint to add two sex discrimination claims: one under Title VII of the Civil Rights Act of 1964, 42 U.S.C. &#x00A7; 2000e <emph typestyle="it">et seq.</emph>, and one under Ohio Revised Code &#x00A7;&#x00A7; 4112.02 and 4112.99.<lnvxe:fnr alt-content="n2" fnrtoken="ref2" fntoken="fnote2">2</lnvxe:fnr> (Doc. 1&#x2D;14, #84&#x2D;88). Hillstone then removed the case to this Court. (Doc. 1, #1&#x2D;2).</lnvxe:text></p>
<lnvxe:footnotegrp>
<lnvxe:footnote fnrtokens="ref2" fntoken="fnote2">
<lnvxe:fnlabel alt-content="n2">2</lnvxe:fnlabel>
<lnvxe:fnbody>
<p><lnvxe:text>Saint Vil described Count VII&#x2014;the count alleging sex discrimination in violation of Ohio law&#x2014;as arising under Ohio Revised Code &#x00A7;&#x00A7; 4112.02 and/or 4112.99. (Doc. 4, #134&#x2D;35). "But this suit is about alleged employment discrimination ... and &#x00A7; 4112.99 does not apply to employment discrimination actions. So the Court considers [Saint Vil's] claims to have been brought solely under &#x00A7; 4112.02." <emph typestyle="it">Jones v. City of Cincinnati</emph>, No. 1:22&#x2D;cv&#x2D;530, 2024 WL 707288, at *1 n.1 (S.D. Ohio Feb. 21, 2024) (citation omitted).</lnvxe:text></p>
</lnvxe:fnbody>
</lnvxe:footnote>
</lnvxe:footnotegrp>
<p i="3"><lnvxe:text>After discovery, Hillstone moved for summary judgment on all of Saint Vil's claims. (Doc. 14). Saint Vil responded but, as further described below, not as to all of the claims. (Doc. 17). With that response on the docket, the motion is now ripe for review.</lnvxe:text></p>
<lnvxe:h><emph typestyle="bf">JURISDICTION</emph></lnvxe:h>
<p i="3"><lnvxe:text>The Court has subject&#x2D;matter jurisdiction over Saint Vil's Title VII claim because it presents a federal question. 28 U.S.C. &#x00A7; 1331. The Court exercises supplemental jurisdiction over Saint Vil's state law claims because they, along with his federal claim, "derive from a common nucleus of operative fact," <emph typestyle="it">United Mine Workers of Am. v. Gibbs</emph>, 383 U.S. 715, 725 (1966), and therefore "form part of the same case or controversy under Article III," 28 U.S.C. &#x00A7; 1367(a).</lnvxe:text></p>
<lnvxe:h><emph typestyle="bf">LEGAL STANDARD</emph></lnvxe:h>
<p i="3"><lnvxe:text>Summary judgment is warranted "if the movant shows that there is no genuine issue as to any material fact and the movant is entitled to judgment as a matter of law." Fed. R. Civ. P. 56(a). When the non&#x2D;movant bears the burden of proof at trial, as is the case with respect to Hillstone's motion for summary judgment, the movant (here, Hillstone) can establish that there are no genuine disputes of material fact and that it is entitled to judgment as a matter of law by showing that the non&#x2D;moving party (here, Saint Vil) lacks evidence to support an essential element of his case. <emph typestyle="it">Celotex Corp. v. Catrett</emph>, 477 U.S. 317, 322&#x2D;23 (1986); <emph typestyle="it">Barnhart v. Pickrel, Schaeffer &#x0026; Ebeling Co.</emph>, 12 F.3d 1382, 1388&#x2D;89 (6th Cir. 1993).</lnvxe:text></p>
<p i="3"><lnvxe:text>Further, as the Sixth Circuit has explained, "[t]he mere existence of some alleged factual dispute between the parties will not defeat an otherwise properly supported motion for summary judgment; the requirement is that there be no genuine issue of material fact." <emph typestyle="it">Int'l Outdoor, Inc. v. City of Troy</emph>, 974 F.3d 690, 697 (6th Cir. 2020) (quoting <emph typestyle="it">Anderson v. Liberty Lobby, Inc.</emph>, 477 U.S. 242, 247&#x2D;48 (1986)).</lnvxe:text></p>
<p i="3"><lnvxe:text>In sum, the non&#x2D;moving party, at this stage, must present some "sufficient disagreement" that would warrant submitting the dispute to a jury. <emph typestyle="it">See Moore v. Phillip Morris Cos., Inc.</emph>, 8 F.3d 335, 340 (6th Cir. 1993) (quoting <emph typestyle="it">Anderson</emph>, 477 U.S. at 251&#x2D;52). In making that determination, though, the Court must view the evidence in the light most favorable to the non&#x2D;moving party. <emph typestyle="it">See Matsushita Elec. Indus. Co. v. Zenith Radio Corp.</emph>, 475 U.S. 574, 587 (1986); <emph typestyle="it">Cox v. Ky. Dep't of Transp.</emph>, 53 F.3d 146, 150 (6th Cir. 1995).</lnvxe:text></p>
<lnvxe:h><emph typestyle="bf">LAW AND ANALYSIS</emph></lnvxe:h>
<p i="3"><lnvxe:text>Before analyzing Saint Vil's claims, the Court notes that Saint Vil has abandoned two of them. Hillstone moved for summary judgment on all five of Saint Vil's claims, but Saint Vil responded with respect to only three of them: Saint Vil's wrongful termination claim, based on Hillstone's alleged retaliation for Saint Vil's raising safety issues at the Cooper's Trace facility; and his two sex discrimination claims (one under Title VII and the other under Ohio law). (Doc. 17, #567&#x2D;72). Saint Vil did not address either the Ohio whistleblower claim or the wrongful termination claim based on Hillstone's purported desire to deter Saint Vil from filing a worker's compensation claim. Moreover, Saint Vil admitted to all Hillstone's proposed undisputed facts relevant to those two claims, (Doc. 18, #575&#x2D;76), which means those two claims fail as a matter of law. (<emph typestyle="it">Id.</emph> (admitting termination was not motived by Saint Vil's sustaining an electric shock)); <emph typestyle="it">Sutton v. Tomco Machining, Inc.</emph>, 950 N.E.2d 938, 943 (Ohio 2011) (requiring nexus between termination and injury); (Doc. 18, #575&#x2D;76 (admitting Saint Vil never submitted a written report of any safety violations to Hillstone)); <emph typestyle="it">Youngblood v. Bd. Of Comm'rs of Mahoning Cnty.</emph>, 847 F. App'x 267, 270&#x2D;71 (6th Cir. 2021) (holding that a claim under Ohio's whistleblower statute requires written report).</lnvxe:text></p>
<p i="3"><lnvxe:text>The Court addresses the remaining three claims in turn.</lnvxe:text></p>
<lnvxe:h><emph typestyle="bf">A. Wrongful Termination in Violation of Public Policy Claim</emph></lnvxe:h>
<p i="3"><lnvxe:text>Saint Vil maintains that his termination was unlawful because it violates Ohio's public policy of protecting employees who voice complaints about workplace safety. (Doc. 4, #131&#x2D;32). But such claims require a plaintiff to show four specific elements, and here Saint Vil cannot create a genuine dispute as to at least one of them&#x2014;the jeopardy element.</lnvxe:text></p>
<p i="3"><lnvxe:text>By default, employment in the state of Ohio is at will. <emph typestyle="it">Romero v. City of Middletown</emph>, 479 F. Supp. 3d 660, 670 (S.D. Ohio 2020). An exception to that rule exists, however, when an employer terminates an employee and such termination violates the public policy of the state. <emph typestyle="it">Id.</emph> In such cases, an employee may bring a wrongful termination action, often referred to as a <emph typestyle="it">Greeley</emph> claim. <emph typestyle="it">Id.</emph> (citing <emph typestyle="it">Greeley v. Miami Valley Maint. Contractors, Inc.</emph>, 551 N.E.2d 981 (Ohio 1990)).</lnvxe:text></p>
<p i="3"><lnvxe:text>But to succeed on such a claim, a plaintiff must prove four elements:</lnvxe:text>
<lnvxe:blockquote>
<p><lnvxe:text>(1) that a clear public policy existed and was manifested either in a state or federal constitution, statute, or administrative regulation, or in the common law (the 'clarity element'); (2) that dismissing employees under circumstances like those involved in the plaintiff's dismissal would jeopardize that public policy (the 'jeopardy element'); (3) that the plaintiff's dismissal was motivated by conduct related to the public policy (the 'causation element'); and (4) that the employer lacked an overriding legitimate business justification for the dismissal (the 'overriding&#x2D;justification element').</lnvxe:text></p>
</lnvxe:blockquote>
<lnvxe:text><emph typestyle="it">Id.</emph> at 671 (cleaned up). Whether the clarity and jeopardy elements have been met is a question of law suitable for resolution on a motion for summary judgment. <emph typestyle="it">See Kulch v. Structural Fibers, Inc.</emph>, 677 N.E.2d 308, 321 (1997).</lnvxe:text></p>
<p i="3"><lnvxe:text>Saint Vil attempts to locate a clear public policy favoring workplace safety in two sources: Ohio Revised Code &#x00A7;&#x00A7; 4101.11 and 4101.12, and <emph typestyle="it">Pytlinski v. Brocar Products, Inc.</emph>, 760 N.E.2d 385 (Ohio 2002).<lnvxe:fnr alt-content="n3" fnrtoken="ref3" fntoken="fnote3">3</lnvxe:fnr> (Doc. 17, #567&#x2D;68). Saint Vil's invocation of <emph typestyle="it">Pytlinski</emph> is a nonstarter. The Ohio Supreme Court has explicitly held that <emph typestyle="it">Pytlinski</emph> did not establish a standalone public policy favoring workplace safety. <emph typestyle="it">Dohme v. Eurand Am., Inc.</emph>, 956 N.E.2d 825, 830 (Ohio 2011).</lnvxe:text></p>
<lnvxe:footnotegrp>
<lnvxe:footnote fnrtokens="ref3" fntoken="fnote3">
<lnvxe:fnlabel alt-content="n3">3</lnvxe:fnlabel>
<lnvxe:fnbody>
<p><lnvxe:text>Saint Vil also cites <emph typestyle="it">Greeley</emph> itself and <emph typestyle="it">Jenkins v. Central Transport</emph> in his response, but neither purport to independently establish a public policy in favor of workplace safety. <emph typestyle="it">Greeley</emph> established the public policy tort but did so in a case about employer withholding of child support payments. <emph typestyle="it">See</emph> 551 N.E.2d at 228&#x2D;29. <emph typestyle="it">Jenkins</emph>, for its part, merely relies on the same statutory provisions Saint Vil relies on, but it is not an independent source of an Ohio public policy. <emph typestyle="it">See Jenkins v. Cent. Transp., Inc.</emph>, No. 09&#x2D;cv&#x2D;525, 2010 WL 420027, at *3 (N.D. Ohio Jan. 29, 2010).</lnvxe:text></p>
</lnvxe:fnbody>
</lnvxe:footnote>
</lnvxe:footnotegrp>
<p i="3"><lnvxe:text>The statutory provisions pose a more difficult question. Ohio Revised Code &#x00A7; 4101.11 requires every employer to "furnish employment which is safe for the employees engaged therein." Section 4101.12, meanwhile, states that "[n]o employer shall require, permit, or suffer any employee to go or be in any employment or place of employment which is not safe." The Ohio Supreme Court has not squarely decided whether those provisions alone establish a public policy that is sufficiently clear to satisfy the clarity element of a <emph typestyle="it">Greeley</emph> claim. <emph typestyle="it">See Kulch</emph>, 677 N.E.2d at 322 (citing &#x00A7;&#x00A7; 4101.11 and 4101.12 as supportive of a public policy favoring workplace safety, but relying on the Occupational Safety and Health Administration act and the Ohio whistleblower statute as the basis for the public policy in that case). And Ohio appellate courts appear split on the issue, <emph typestyle="it">see Dudley v. Siler Excavation Servs., LLC</emph>, 210 N.E.3d 580, 589 (Ohio Ct. App. 2023) (noting the split in authority), as do Ohio federal courts applying Ohio law. <emph typestyle="it">Compare Romero</emph>, 479 F. Supp. 3d at 674&#x2D;75 <emph typestyle="it">with Jenkins v. Cent. Transp., Inc.</emph>, No. 09&#x2D;cv&#x2D;525, 2010 WL 420027, at *3 (N.D. Ohio Jan. 29, 2010).</lnvxe:text></p>
<p i="3"><lnvxe:text>In this case, however, the Court need not contribute further to that debate. That is because, even assuming Saint Vil's citation to those statutes satisfies the clarity element, he has presented no facts from which the Court could conclude that Saint Vil's employer jeopardized Ohio's (assumed) public policy favoring workplace safety by terminating Saint Vil. Yes, Saint Vil complained about the safety hazard that the electrical outlets posed at the Cooper's Trace facility. But Hillstone responded to that concern, and did so <emph typestyle="it">by tasking Saint Vil</emph> (who was a maintenance worker) with taking specific steps (that Saint Vil had recommended) to remedy the safety hazard. (Doc. 15, #201&#x2D;02). Such repairs were well within Saint Vil's typical duties. (Doc. 15&#x2D;2, #277&#x2D;84, 296&#x2D;97). Moreover, Hillstone gave Saint Vil ample time to fix the issue (months, in fact) during which Saint Vil installed only a couple of electrical outlet bumpers. (Doc. 15, #202). Terminating an employee in circumstances like those here would not jeopardize a public policy favoring workplace safety. Indeed, terminating the person who failed to undertake the required repairs despite being directed (and provided an opportunity) to do so may instead <emph typestyle="it">further</emph> that policy.</lnvxe:text></p>
<p i="3"><lnvxe:text>Saint Vil has failed to show that his termination jeopardized a clear public policy favoring workplace safety. Accordingly, his wrongful termination claim fails as a matter of law.</lnvxe:text></p>
<lnvxe:h><emph typestyle="bf">B. Sex Discrimination Claims</emph></lnvxe:h>
<p i="3"><lnvxe:text>Saint Vil asserts that his termination violated both Title VII of the Civil Rights Act of 1964 and Ohio Revised Code Chapter 4112. (Doc. 4, #133&#x2D;37). While the two claims are distinct, the Ohio Supreme Court has held that federal case law construing Title VII applies with equal force to Ohio Revised Code Chapter 4112. <emph typestyle="it">Plumbers &#x0026; Steamfitters Joint Apprenticeship Comm. v. Ohio C.R. Comm'n</emph>, 421 N.E.2d 128, 131 (Ohio 1981). Thus the same analysis, under which Saint Vil loses, applies to both claims.</lnvxe:text></p>
<p i="3"><lnvxe:text>To begin, Saint Vil does not put forward a traditional disparate treatment claim or claim that he was terminated because he was a man. (<emph typestyle="it">See</emph> Doc. 18, #573). He admits that he can provide no similarly situated employee who was treated better because of her sex. (<emph typestyle="it">Id.</emph>).</lnvxe:text></p>
<p i="3"><lnvxe:text>Rather, Saint Vil claims Hillstone is liable under a hostile work environment theory. Under such a theory, a plaintiff must show that (1) he is a member of a protected class, (2) he was harassed, (3) the harassment was based on sex, (4) the harassment was sufficiently severe or pervasive to alter the terms and conditions of employment, and (5) the employer knew or should have known of the harassment and failed to take corrective action. <emph typestyle="it">Garcia v. Beaumont Health Royal Oak Hosp.</emph>, No. 22&#x2D;1186, 2022 WL 5434558, at *3 (6th Cir. Oct. 7, 2022). To determine whether harassment is severe or pervasive enough to alter the terms and conditions of employment, the Court considers the frequency of the harassment, whether it is physically threatening or humiliating or merely offensive speech, and whether it unreasonably interferes with the employee's work performance. <emph typestyle="it">Williams v. CSX Transp. Co.</emph>, 643 F.3d 502, 512 (6th Cir. 2011). Subjective offense, without more, is insufficient. <emph typestyle="it">See Knox v. Neaton Auto Prod. Mfg., Inc.</emph>, 375 F.3d 451, 459 (6th Cir. 2004). Rather, the harassment must be severe enough that a reasonable person would find it abusive. <emph typestyle="it">Id.</emph></lnvxe:text></p>
<p i="3"><lnvxe:text>The Court begins and ends with the fourth element. Saint Vil points to no evidence of harassment save an anonymous rumor that he had a romantic relationship with the dietary director at the Cooper's Trace facility, which somehow "ruined" his reputation. (Doc. 18, #573). When asked at his deposition how he was harassed, Saint Vil replied,</lnvxe:text>
<lnvxe:blockquote>
<p><lnvxe:text>A: [T]here were rumors from what I heard that the maintenance director, that's me, was okay and then they were just trying to see who it is. Everybody, I guess, to me seemed like was just seeing me as a piece of meat.</lnvxe:text></p>
<p><lnvxe:text>Q: The harassment that you are talking about that you were the victim of were the rumors, correct, that's what the harassment is?</lnvxe:text></p>
<p><lnvxe:text>A: Yes.</lnvxe:text></p>
<p><lnvxe:text>Q: ... Let's do it another way. Were you harassed in any other way other than these rumors that we have been talking about?</lnvxe:text></p>
<p><lnvxe:text>A: No.</lnvxe:text></p>
</lnvxe:blockquote>
<lnvxe:text>(Doc. 15&#x2D;2, #311). In short, Saint Vil presented no evidence that this anonymous rumor (which, absent more context showing something else, strikes the Court as relatively benign workplace gossip) was threatening, frequently repeated, or affected his work performance, other than making him "feel like a piece of meat." As a matter of law, this type of "harassment" (if it amounts to that) was not sufficiently severe or pervasive to alter the terms or conditions of Saint Vil's employment. Saint Vil's only argument to the contrary is a conclusory statement that Saint Vil suffered a ruined reputation and felt like a piece of meat, and that such feelings are sufficiently severe or pervasive to support a hostile work environment claim. The Court concludes that is not so. While Saint Vil may have taken offense, his subjective offense, arising from a work environment that is neither abusive nor hostile based on a protected class, is not enough to support a sex discrimination claim under Title VII or Ohio Revised Code Chapter 4112.</lnvxe:text></p>
<lnvxe:h><emph typestyle="bf">CONCLUSION</emph></lnvxe:h>
<p i="3"><lnvxe:text>For the foregoing reasons, the Court <emph typestyle="bf">GRANTS</emph> Hillstone's Motion for Summary Judgment (Doc. 14) and <emph typestyle="bf">DISMISSES</emph> all of Saint Vil's claims <emph typestyle="bf">WITH PREJUDICE</emph>. Accordingly, the Court <emph typestyle="bf">DIRECTS</emph> the Clerk to enter judgment and to <emph typestyle="bf">TERMINATE</emph> this matter on its docket.</lnvxe:text></p>
<p i="3"><lnvxe:text><emph typestyle="bf">SO ORDERED</emph>.</lnvxe:text></p>
<p><lnvxe:text>July 9, 2024</lnvxe:text></p>
<p nl="1"><lnvxe:text><emph typestyle="bf">DATE</emph></lnvxe:text></p>
<p i="3"><lnvxe:text>/s/ Douglas R. Cole</lnvxe:text></p>
<p i="3"><lnvxe:text><emph typestyle="bf">DOUGLAS R. COLE</emph></lnvxe:text></p>
<p i="3"><lnvxe:text><emph typestyle="bf">UNITED STATES DISTRICT JUDGE</emph></lnvxe:text></p>
</lnv:OPINION>
<lnv:SYS-AUDIT-TRAIL></lnv:SYS-AUDIT-TRAIL>
</COURTCASE>