<?xml version="1.0" encoding="ISO-8859-1"?>
<COURTCASE>
<lndocmeta:docinfo>
<lndocmeta:lnlni lnlni=""/>
<lndocmeta:lnminrev lnminrev="00000"/>
<lndocmeta:smi lnsmi="9691"/>
<lndocmeta:dpsi lndpsi="07ZX"/>
<lndocmeta:lnsourcedocid lnsourcedocid=""/>
<lndocmeta:lndoctype lndoctypename="COURTCASE"/>
<lndocmeta:lndoctypeversion lndoctypeversionmajor="06" lndoctypeversionminor="000"/>
<lndocmeta:lndoctypelang lndoctypelang="EN"/>
<lndocmeta:lnfilenum lnfilenum="003"/>
<lndocmeta:fabinfo>
<lndocmeta:fabinfoitem name="B4DBNO" value="1HDQ"/></lndocmeta:fabinfo>
</lndocmeta:docinfo>
<lnv:FULL-NAME>
<lnvxe:fullcasename>UNITED STATES OF AMERICA v. LEVELLE JOSEPH HARRIS</lnvxe:fullcasename>
</lnv:FULL-NAME>
<lnv:NUMBER>
<lnvxe:docketnumber pacernum="5:22cv29">Case No: 5:22-cr-29-GAP-PRL</lnvxe:docketnumber>
</lnv:NUMBER>
<lnv:COURT>UNITED STATES DISTRICT COURT FOR THE MIDDLE DISTRICT OF FLORIDA, OCALA DIVISION</lnv:COURT>
<lnv:DECIDEDDATE>
<lnvxe:date>June 20, 2024</lnvxe:date>, Decided
</lnv:DECIDEDDATE>
<lnv:FILEDDATE>
<lnvxe:date>June 20, 2024</lnvxe:date>, Filed
</lnv:FILEDDATE>
<lnv:COUNSEL>
<lnvxe:counsel>For USA, Plaintiff: Hannah Nowalk, Ocala, FL; Julie A. Simonsen, United States Attorney's Office, Tampa, FL; Nicole M. Andrejko, US Attorney's Office &#x2D; FLM, Orlando, FL.</lnvxe:counsel>
</lnv:COUNSEL>
<lnv:JUDGES>
<lnvxe:judges>PHILIP R. LAMMENS, United States Magistrate Judge.</lnvxe:judges>
</lnv:JUDGES>
<lnv:OPINIONBY>PHILIP R. LAMMENS</lnv:OPINIONBY>
<lnv:OPINION>
<lnvxe:h><emph typestyle="bf"><emph typestyle="smcaps">Report and Recommendation</emph></emph><lnvxe:fnr alt-content="n1" fnrtoken="ref1" fntoken="fnote1">1</lnvxe:fnr></lnvxe:h>
<lnvxe:footnotegrp>
<lnvxe:footnote fnrtokens="ref1" fntoken="fnote1">
<lnvxe:fnlabel alt-content="n1">1</lnvxe:fnlabel>
<lnvxe:fnbody>
<p><lnvxe:text>Within 14 days after being served with a copy of the recommended disposition, a party may file written objections to the Report and Recommendation's factual findings and legal conclusions. <emph typestyle="it">See</emph> Fed. R. Civ. P. 72(b)(3); Fed. R. Crim. P. 59(b)(2); 28 U.S.C. &#x00A7; 636(b)(1)(B). A party's failure to file written objections waives that party's right to challenge on appeal any unobjected&#x2D;to factual finding or legal conclusion the district judge adopts from the Report and Recommendation.</lnvxe:text></p>
</lnvxe:fnbody>
</lnvxe:footnote>
</lnvxe:footnotegrp>
<p i="3"><lnvxe:text>Defendant Levelle Joseph Harris moves for a reduction in his sentence pursuant to Amendment 821 to the United States Sentencing Guidelines and 18 U.S.C. &#x00A7; 3582(c)(2). (Doc. 51). For the reasons stated herein, I respectfully submit that Defendant's motion for a sentence reduction under Amendment 821 should be denied.</lnvxe:text></p>
<lnvxe:h><emph typestyle="bf">I. Background</emph></lnvxe:h>
<p i="3"><lnvxe:text>Defendant pleaded guilty to 14 counts of wire fraud, in violation of 18 U.S.C. &#x00A7; 1343. (Doc. 29). At his January 12, 2023 sentencing, Defendant's guideline range was determined to be 33 to 41 months' imprisonment, based on a Total Offense Level of 20 and a Criminal History Category of I. PSR &#x00B6; 92. Defendant had no criminal history, and his criminal history score was zero. PSR &#x00B6;&#x00B6; 47&#x2D;52. The Court varied below the guideline range, imposing a sentence of 27 months' imprisonment for each count, to run concurrently. (Docs. 44, 45, 48).</lnvxe:text></p>
<p i="3"><lnvxe:text>On November 13, 2023, Defendant filed a motion seeking a reduction in sentence under Amendment 821. United States Probation submitted a memorandum on April 30, 2024, stating that Defendant is not eligible for a sentence reduction because his current sentence is equal to the low&#x2D;end of the amended guideline range. (Doc. 56). Pursuant to the Court's Administrative Order Regarding Amendment 821, <emph typestyle="it">see</emph> case no. 3:21&#x2D;mc&#x2D;1&#x2D;TJC (Doc. 115), the Federal Public Defender was appointed to represent Defendant. (Doc. 57). On June 12, 2024, the Office of the Federal Public Defender filed a Notice of Satisfaction, notifying the Court that it will not be filing an amended motion on behalf of Defendant because counsel could not argue in good faith that Defendant is eligible for a reduction in his sentence. (Doc. 61). The Office of the Federal Public Defender's motion to withdraw as counsel was granted on June 13, 2024. (Docs. 62, 63).</lnvxe:text></p>
<lnvxe:h><emph typestyle="bf">II. Discussion</emph></lnvxe:h>
<p i="3"><lnvxe:text>A district court may modify a defendant's term of imprisonment if the defendant was sentenced based on a sentencing range that has subsequently been lowered by the Sentencing Commission. 18 U.S.C. &#x00A7; 3582(c)(2). Any reduction, however, must be consistent with the Sentencing Commission's policy statements. <emph typestyle="it">Id</emph>. When the Court considers a &#x00A7; 3582(c)(2) motion, it must first recalculate the guideline range under the amended guidelines. <emph typestyle="it">United</emph> <emph typestyle="it">States v. Bravo</emph>, 203 F.3d 778, 780 (11th Cir. 2000).</lnvxe:text></p>
<p i="3"><lnvxe:text>The Court must undertake a two&#x2D;step process to determine whether a final sentence should be modified based on a sentencing range that has been lowered by the Sentencing Commission. 18 U.S.C. &#x00A7; 3582(c)(2). First, the Court must determine if a retroactive amendment to the Sentencing Guidelines lowered a defendant's guidelines range and whether a reduction is consistent with the applicable policy statements. Second, the Court must consider the 18 U.S.C. &#x00A7; 3553(a) factors to determine if it will exercise its discretion to reduce that defendant's sentence. Relevant here, the applicable policy statement provides that a court "shall not reduce the defendant's term of imprisonment under 18 U.S.C. &#x00A7; 3582(c)(2) . . . to a term that is less than the minimum of the amended guideline range[.]" U.S.S.G. &#x00A7; 1B1.10(b)(2)(A).</lnvxe:text></p>
<p i="3"><lnvxe:text>Amendment 821, made effective on November 1, 2023, provides a two&#x2D;offense level reduction for defendants with zero criminal history points as long as ten requirements are satisfied. U.S.S.G. amend. 821 (2023). The Sentencing Commission also provided that Amendment 821 would be retroactively applicable, effective February 1, 2024. <emph typestyle="it">See</emph> U.S.S.G. amend. 825 (2023). While Amendment 821 has the effect of lowering Defendant's guideline range to 27 to 33 months' imprisonment, his current sentence of 27 months' imprisonment is at the low&#x2D;end of the amended guideline range. Thus, Defendant is not eligible for a further reduction in his sentence.</lnvxe:text></p>
<p i="3"><lnvxe:text>Because a reduction in Defendant's sentence would be inconsistent with the applicable policy statements regarding Amendment 821, the Court need not consider the &#x00A7; 3553(a) factors.</lnvxe:text></p>
<lnvxe:h><emph typestyle="bf"><emph typestyle="smcaps">III. Recommendation</emph></emph></lnvxe:h>
<p i="3"><lnvxe:text>Accordingly, I submit that Defendant is ineligible for a sentence reduction under Amendment 821 because his current 27&#x2D;month sentence is equal to the low&#x2D;end of the amended guideline range. His motion (Doc. 51) should therefore be denied.</lnvxe:text></p>
<p i="3"><lnvxe:text>Recommended in Ocala, Florida on June 20, 2024.</lnvxe:text></p>
<p i="3"><lnvxe:text>/s/ Philip R. Lammens</lnvxe:text></p>
<p i="3"><lnvxe:text>PHILIP R. LAMMENS</lnvxe:text></p>
<p i="3"><lnvxe:text>United States Magistrate Judge</lnvxe:text></p>
</lnv:OPINION>
<lnv:SYS-AUDIT-TRAIL></lnv:SYS-AUDIT-TRAIL>
</COURTCASE>