<?xml version="1.0" encoding="UTF-8"?>
<icce_manifest fab_bundle_id="PR2024070923251500833" content_provider_id="fldimd" content_provider_scheme="ELDM_COLL_RESOLVED" content_target_type="mcs">
<metadata>
</metadata>
<item id="LDC_RR_522cr00029-64_PCW.pdf" selector="" action="add" version="00" guid="6CFH-FCM3-RWW0-X2TG-00000-00" overrideConversionId="">
<file type="source" name="LDC_RR_522cr00029-64_PCW.pdf" md5sum="dcec95ff2cc3a20b2307d24280891ff7" />
<file type="source" name="counsel_522-cr-00029-GAP-PRL.htm" md5sum="4a322baafc41503fc82bfcbd2ce0c08c" />
<metadata>
<pair key="CLINV_estKeyCharCount" value="6560"/>
<pair key="CLINV_receivedDateTime" value="20240709_232403"/>
<pair key="INV_keyTargetFormat" value="CCV6"/>
<pair key="CLINV_courtName" value="UNITED STATES DISTRICT COURT FOR THE MIDDLE DISTRICT OF FLORIDA"/>
<pair key="CLINV_judge" value="VERIFY JUDGE"/>
<pair key="CLINV_inventoryStore" value="DM"/>
<pair key="CLINV_sourceDetail" value="RR"/>
<pair key="CLINV_code" value="FDFLDIMD"/>
<pair key="CLINV_docket" value="5:22-CR-29-GAP-PRL"/>
<pair key="CLINV_autoConvert" value="UNDEFINED"/>
<pair key="CLINV_sourceType" value="P"/>
<pair key="MNCR_rci" value="1000200081"/>
<pair key="CLINV_fastFlow" value="CASELAWFF"/>
<pair key="CLINV_isTribalCourt" value="false"/>
<pair key="DSAR_CATALOG_NUMBER" value="14483378"/>
<pair key="CLINV_decisionDate" value="06-20-2024"/>
<pair key="CLINV_fileSize" value="160295"/>
<pair key="CLINV_fullCaseName" value="UNITED STATES OF AMERICA v. LEVELLE JOSEPH HARRIS R"/>
<pair key="CLINV_isTrialCourt" value="false"/>
<pair key="CLINV_isLegacyCourt" value="false"/>
<pair key="CLINV_TAT" value="10"/>
<pair key="CLINV_fileDate" value="06-20-2024"/>
</metadata>
</item>
</icce_manifest>
