<?xml version="1.0" encoding="ISO-8859-1"?>
<COURTCASE>
<lndocmeta:docinfo>
<lndocmeta:lnlni lnlni=""/>
<lndocmeta:lnminrev lnminrev="00000"/>
<lndocmeta:smi lnsmi="96ad"/>
<lndocmeta:dpsi lndpsi="080P"/>
<lndocmeta:lnsourcedocid lnsourcedocid=""/>
<lndocmeta:lndoctype lndoctypename="COURTCASE"/>
<lndocmeta:lndoctypeversion lndoctypeversionmajor="06" lndoctypeversionminor="000"/>
<lndocmeta:lndoctypelang lndoctypelang="EN"/>
<lndocmeta:lnfilenum lnfilenum="003"/>
<lndocmeta:fabinfo>
<lndocmeta:fabinfoitem name="B4DBNO" value="1HDQ"/></lndocmeta:fabinfo>
</lndocmeta:docinfo>
<lnv:FULL-NAME>
<lnvxe:fullcasename>JAMES E. WASHINGTON, Plaintiff, vs. VENDOR RESOURCE MANAGEMENT, et al., Defendants.</lnvxe:fullcasename>
</lnv:FULL-NAME>
<lnv:NUMBER>
<lnvxe:docketnumber pacernum="3:21cv262">Case No. 3:21-cv-262</lnvxe:docketnumber>
</lnv:NUMBER>
<lnv:COURT>UNITED STATES DISTRICT COURT FOR THE SOUTHERN DISTRICT OF OHIO, WESTERN DIVISION</lnv:COURT>
<lnv:DECIDEDDATE>
<lnvxe:date>July 9, 2024</lnvxe:date>, Decided
</lnv:DECIDEDDATE>
<lnv:FILEDDATE>
<lnvxe:date>July 9, 2024</lnvxe:date>, Filed
</lnv:FILEDDATE>
<lnv:COUNSEL>
<lnvxe:counsel>James E Washington, Plaintiff, Pro se, Dayton, OH.</lnvxe:counsel>
<lnvxe:counsel>For Department of Veterans Administration, HUD Office of Fair Housing and Equal Opportunity, Defendants: Margaret A Castro, LEAD ATTORNEY, United States Attorney's Office &#x2D; 1, Cincinnati, OH.</lnvxe:counsel>
</lnv:COUNSEL>
<lnv:JUDGES>
<lnvxe:judges>Hon. Michael J. Newman, United States District Judge.</lnvxe:judges>
</lnv:JUDGES>
<lnv:OPINIONBY>Michael J. Newman</lnv:OPINIONBY>
<lnv:OPINION>
<lnvxe:h><emph typestyle="bf">ORDER: (1) FINDING THAT <emph typestyle="it">RES JUDICATA</emph> BARS PLAINTIFF'S CLAIMS AGAINST DEFENDANTS INDIANAPOLIS REGIONAL OFFICE OF THE UNITED STATES DEPARTMENT OF VETERANS AFFAIRS; RAINE &#x0026; COMPANY LLC; AND THE UNITED STATES DEPARTMENT OF HOUSING AND URBAN DEVELOPMENT, OFFICE OF FAIR HOUSING AND EQUAL OPPORTUNITY; (2) DISMISSING THIS CASE WITH PREJUDICE; AND (3) TERMINATING THE CASE ON THE COURT'S DOCKET</emph></lnvxe:h>
<p i="3"><lnvxe:text>In this civil case, brought <emph typestyle="it">pro se</emph> by Plaintiff James E. Washington, the Court previously granted Defendant Vendor Resource Management's ("VRM") motion to dismiss pursuant to Fed. R. Civ. P. 12(b)(6). Doc. No. 17. The dismissal of VRM leaves several remaining Defendants&#x2014;namely, the Indianapolis Regional Office of the United States Department of Veterans Affairs; Raine &#x0026; Company LLC; and the United States Department of Housing and Urban Development, Office of Fair Housing and Equal Opportunity ("the remaining Defendants"). Doc. No. 2, PageID 20. Although the remaining Defendants have not filed a Rule 12(b)(6) motion, or other dispositive motion, the fact that Plaintiff has previously filed meritless cases in this Court concerning the same or similar issues warrants review and consideration of his claims in the instant case against the remaining Defendants. <emph typestyle="it">See James E. Washington v. Dayton Area Bd. of Realtors, et al.</emph>, No. 3:21&#x2D;cv&#x2D;253 (S.D. Ohio May 19, 2022) (Doc. No. 20); <emph typestyle="it">see also James E. Washington v. Vendors Res. Mgmt., et al.</emph>, No. 3:19&#x2D;cv&#x2D;402 (S.D. Ohio Feb. 3, 2021) (Doc. Nos. 71, 72, 98).</lnvxe:text></p>
<p i="3"><lnvxe:text>Upon review and consideration&#x2014;and construing Plaintiff's <emph typestyle="it">pro se</emph> complaint liberally in his favor and accepting his factual allegations as true, <emph typestyle="it">Brent v. Wayne Cnty. Dep't of Hum. Servs.</emph>, 901 F.3d 656, 676 (6th Cir. 2018)&#x2014;it is readily apparent that the Court's prior <emph typestyle="it">res judicata</emph> analysis in the Order granting VRM's motion to dismiss applies equally to Plaintiff's claims against the remaining Defendants. Doc. No. 17 at PageID 167&#x2D;71. Perhaps most obvious among the four applicable elements of <emph typestyle="it">res judicata</emph> is that Plaintiff could have brought his present claims against the remaining Defendants in his prior&#x2D;filed case against VRM. <emph typestyle="it">See id.</emph> at 169&#x2D;70; <emph typestyle="it">see also Mitchell v. Chapman</emph>, 343 F.3d 811, 824 (6th Cir. 2003) ("The central purpose of claim preclusion is to prevent the relitigating of issues that were or could have been raised in [a prior] action." (cleaned up)). This, together with the Court's previous analysis of the other elements of <emph typestyle="it">res judicata</emph>, produce the same result as to the remaining Defendants: <emph typestyle="it">res judicata</emph> bars Plaintiff's claims against them. <emph typestyle="it">See id.</emph> at 167&#x2D;71 (and cases cited therein).</lnvxe:text></p>
<p i="3"><lnvxe:text>Accordingly, Plaintiff's claims against the remaining Defendants are <emph typestyle="bf">DISMISSED WITH PREJUDICE</emph>. The case is <emph typestyle="bf">TERMINATED</emph> on the Court's docket.</lnvxe:text></p>
<p i="3"><lnvxe:text><emph typestyle="bf">IT IS SO ORDERED</emph>.</lnvxe:text></p>
<p i="3"><lnvxe:text>July 9, 2024</lnvxe:text></p>
<p i="3"><lnvxe:text>/s/<emph typestyle="it">Michael J. Newman</emph></lnvxe:text></p>
<p i="3"><lnvxe:text>Hon. Michael J. Newman</lnvxe:text></p>
<p i="3"><lnvxe:text>United States District Judge</lnvxe:text></p>
</lnv:OPINION>
<lnv:SYS-AUDIT-TRAIL></lnv:SYS-AUDIT-TRAIL>
</COURTCASE>