<?xml version="1.0" encoding="UTF-8"?>
<icce_manifest fab_bundle_id="PR2024070923092500703" content_provider_id="ohdisd" content_provider_scheme="ELDM_COLL_RESOLVED" content_target_type="mcs">
<metadata>
</metadata>
<item id="321-cv-00262-MJN-PBS_18.pdf" selector="" action="add" version="00" guid="6CFH-D6M3-S7CF-53XR-00000-00" overrideConversionId="">
<file type="source" name="321-cv-00262-MJN-PBS_18.pdf" md5sum="e2370a3eb7e5df3ba129b35c42c12e00" />
<file type="source" name="counsel_321-cv-00262-MJN-PBS.htm" md5sum="2ea50099bfca2f915c4db91281fd4480" />
<metadata>
<pair key="CLINV_estKeyCharCount" value="3614"/>
<pair key="CLINV_receivedDateTime" value="20240709_230204"/>
<pair key="INV_keyTargetFormat" value="CCV6"/>
<pair key="CLINV_courtName" value="UNITED STATES DISTRICT COURT FOR THE SOUTHERN DISTRICT OF OHIO"/>
<pair key="CLINV_judge" value="VERIFY JUDGE"/>
<pair key="CLINV_inventoryStore" value="DM"/>
<pair key="CLINV_sourceDetail" value="OR"/>
<pair key="CLINV_code" value="FDOHDISD"/>
<pair key="CLINV_docket" value="3:21-CV-262"/>
<pair key="CLINV_autoConvert" value="UNDEFINED"/>
<pair key="CLINV_sourceType" value="P"/>
<pair key="MNCR_rci" value="1000200109"/>
<pair key="CLINV_fastFlow" value="CASELAWFF"/>
<pair key="CLINV_isTribalCourt" value="false"/>
<pair key="DSAR_CATALOG_NUMBER" value="14483359"/>
<pair key="CLINV_decisionDate" value="07-09-2024"/>
<pair key="CLINV_fileSize" value="160847"/>
<pair key="CLINV_fullCaseName" value="JAMES E. WASHINGTON, Plaintiff, vs. RESOURCE MANAGEMENT, et al., Defendants. UNITED STATES DEPARTMENT OF VETERANS AFFAIRS; RAINE &amp; COMPANY LLC; AND THE UNITED STATES DEPARTMENT OF URBAN DEVELOPMENT, OFFICE OF FAIR"/>
<pair key="CLINV_isTrialCourt" value="false"/>
<pair key="CLINV_isLegacyCourt" value="false"/>
<pair key="CLINV_TAT" value="10"/>
<pair key="CLINV_fileDate" value="07-09-2024"/>
</metadata>
</item>
</icce_manifest>
