﻿<?xml version="1.0" encoding="utf-8" standalone="yes"?>
<Root xmlns="http://risk.regn.net/LeadList" xmlns:xsi="http://www.w3.org/2001/XMLSchema-instance" xmlns:xsd="http://www.w3.org/2001/XMLSchema" Source="https://myeclerk.myorangeclerk.com/Cases/Search" SearchPageIdentifierPattern="" CollectionComplete="false" ID="3c008eb8-afb8-4514-9ab7-fd8f22a24050" MultiplePageCollection="false" TimeDelayAfterPageLoad="0" DuplicateLinkChecking="false">
  <Navigation>
    <InitialNavigation>
      <Page Order="1" SourceUri="https://myeclerk.myorangeclerk.com/Cases/Search" />
    </InitialNavigation>
  </Navigation>
  <LeadList>
    <Lead CaseKey="2021TR111380AO" ID="78f6aba4-044a-4f51-9fed-b995b97a59c3">
      <InputValue FieldID="1">2021TR111380AO</InputValue>
    </Lead>
    <Lead CaseKey="2021TR111384AO" ID="2b844af1-3f12-4b5a-82f3-491789c4b700">
      <InputValue FieldID="1">2021TR111384AO</InputValue>
    </Lead>
    <Lead CaseKey="2021TR111390AO" ID="81df8d49-7b29-4507-8192-b488d423bdbf">
      <InputValue FieldID="1">2021TR111390AO</InputValue>
    </Lead>
    <Lead CaseKey="2021TR111402AO" ID="3a203d01-c9f0-4a11-a645-2e5a0042c7c5">
      <InputValue FieldID="1">2021TR111402AO</InputValue>
    </Lead>
    <Lead CaseKey="2021TR111412AO" ID="b56d9bdf-f286-4d9b-84b6-afe5abd17f29">
      <InputValue FieldID="1">2021TR111412AO</InputValue>
    </Lead>
    <Lead CaseKey="2021TR111421AO" ID="008f5297-eec6-4b68-9edf-04f27ecdfdd9">
      <InputValue FieldID="1">2021TR111421AO</InputValue>
    </Lead>
    <Lead CaseKey="2021TR111422AO" ID="88062546-73d6-4f3a-a828-8578155f6678">
      <InputValue FieldID="1">2021TR111422AO</InputValue>
    </Lead>
    <Lead CaseKey="2021TR111438AO" ID="57ff0615-2bc1-46c3-9711-740edd9da92e">
      <InputValue FieldID="1">2021TR111438AO</InputValue>
    </Lead>
    <Lead CaseKey="2021TR111440AO" ID="42798f46-d30b-4cf3-bbec-dfa14138762b">
      <InputValue FieldID="1">2021TR111440AO</InputValue>
    </Lead>
    <Lead CaseKey="2021TR111441AO" ID="65d82eb5-080f-4e97-9b3c-6f4eb828c235">
      <InputValue FieldID="1">2021TR111441AO</InputValue>
    </Lead>
    <Lead CaseKey="2021TR111447AO" ID="bda037f8-e641-4754-8301-fc75462554a1">
      <InputValue FieldID="1">2021TR111447AO</InputValue>
    </Lead>
    <Lead CaseKey="2021TR111449AO" ID="92eb3210-53a5-4ee5-a0e7-7808b7d92505">
      <InputValue FieldID="1">2021TR111449AO</InputValue>
    </Lead>
    <Lead CaseKey="2021TR111451AO" ID="a311bf61-4523-4deb-bcca-7984182bef74">
      <InputValue FieldID="1">2021TR111451AO</InputValue>
    </Lead>
    <Lead CaseKey="2021TR111480AO" ID="c9eb4908-ef21-4e39-9ff1-97527f72307c">
      <InputValue FieldID="1">2021TR111480AO</InputValue>
    </Lead>
    <Lead CaseKey="2021TR111488AO" ID="a4459541-33da-498f-b8f5-cb5f69186f42">
      <InputValue FieldID="1">2021TR111488AO</InputValue>
    </Lead>
    <Lead CaseKey="2021TR111489AO" ID="ae6a7754-d5bb-4ad6-a15b-2f89560cf544">
      <InputValue FieldID="1">2021TR111489AO</InputValue>
    </Lead>
    <Lead CaseKey="2021TR111522AO" ID="1d29f018-39dd-4696-badc-b0d7aae11b3e">
      <InputValue FieldID="1">2021TR111522AO</InputValue>
    </Lead>
    <Lead CaseKey="2021TR111541AO" ID="a7611616-d0dd-47aa-b73e-cc17abd3bf8e">
      <InputValue FieldID="1">2021TR111541AO</InputValue>
    </Lead>
    <Lead CaseKey="2021TR111545AO" ID="0b770d74-3860-4a81-80f0-29c3858aa50b">
      <InputValue FieldID="1">2021TR111545AO</InputValue>
    </Lead>
    <Lead CaseKey="2021TR111588AO" ID="832bccd5-df0c-4876-b2a4-b4fae44757db">
      <InputValue FieldID="1">2021TR111588AO</InputValue>
    </Lead>
    <Lead CaseKey="2021TR111612AO" ID="e0c56e4a-1418-4715-9b71-06b2281d455f">
      <InputValue FieldID="1">2021TR111612AO</InputValue>
    </Lead>
    <Lead CaseKey="2021TR111628AO" ID="ea4fd322-ebc0-4389-88be-7f5d0f4c1191">
      <InputValue FieldID="1">2021TR111628AO</InputValue>
    </Lead>
    <Lead CaseKey="2021TR111632AO" ID="7624def1-38fd-4357-91be-26a414f42938">
      <InputValue FieldID="1">2021TR111632AO</InputValue>
    </Lead>
    <Lead CaseKey="2021TR111635AO" ID="4fe2359a-5e8b-4c8c-8ecb-32026809ec57">
      <InputValue FieldID="1">2021TR111635AO</InputValue>
    </Lead>
    <Lead CaseKey="2021TR111640AO" ID="98593490-c33f-4999-af57-b5469e875aab">
      <InputValue FieldID="1">2021TR111640AO</InputValue>
    </Lead>
    <Lead CaseKey="2021TR111643AO" ID="22030c3e-19b4-48d8-9df7-3adae976a4f3">
      <InputValue FieldID="1">2021TR111643AO</InputValue>
    </Lead>
    <Lead CaseKey="2021TR111660AO" ID="8485849c-fe73-410b-be2f-35b77124f88d">
      <InputValue FieldID="1">2021TR111660AO</InputValue>
    </Lead>
    <Lead CaseKey="2021TR111666AO" ID="716c35d8-f751-44d9-9113-d3a1710b8136">
      <InputValue FieldID="1">2021TR111666AO</InputValue>
    </Lead>
    <Lead CaseKey="2021TR111677AO" ID="5e5cf08d-fe7f-471c-8996-c7586b74ab21">
      <InputValue FieldID="1">2021TR111677AO</InputValue>
    </Lead>
    <Lead CaseKey="2021TR111694AO" ID="1f47febd-18da-4c2e-9eac-69b3ef717d26">
      <InputValue FieldID="1">2021TR111694AO</InputValue>
    </Lead>
    <Lead CaseKey="2021TR111703AO" ID="510456e6-bb37-4538-94c1-d6b9e2453763">
      <InputValue FieldID="1">2021TR111703AO</InputValue>
    </Lead>
    <Lead CaseKey="2021TR111707AO" ID="3fab61f4-8f0a-4e64-8fd7-15ba0307573d">
      <InputValue FieldID="1">2021TR111707AO</InputValue>
    </Lead>
    <Lead CaseKey="2021TR111721AO" ID="2570f91f-d3c4-4b7f-8de7-c3a45f23659e">
      <InputValue FieldID="1">2021TR111721AO</InputValue>
    </Lead>
    <Lead CaseKey="2021TR111730AO" ID="1f5d0624-7597-4c82-bcbc-f1f23144f750">
      <InputValue FieldID="1">2021TR111730AO</InputValue>
    </Lead>
    <Lead CaseKey="2021TR111744AO" ID="4c5247f1-0b5c-4bed-bfe5-f269ff5f3761">
      <InputValue FieldID="1">2021TR111744AO</InputValue>
    </Lead>
    <Lead CaseKey="2021TR111746AO" ID="2f3ac076-8a89-45a1-aab2-59092d96c252">
      <InputValue FieldID="1">2021TR111746AO</InputValue>
    </Lead>
    <Lead CaseKey="2021TR111751AO" ID="79026c3f-74ea-4004-a433-8c727337baf1">
      <InputValue FieldID="1">2021TR111751AO</InputValue>
    </Lead>
    <Lead CaseKey="2021TR111759AO" ID="b981b96a-ede4-4500-90d3-98321263c911">
      <InputValue FieldID="1">2021TR111759AO</InputValue>
    </Lead>
    <Lead CaseKey="2021TR111768AO" ID="879b299a-cbc7-433f-b6b1-33831c037c66">
      <InputValue FieldID="1">2021TR111768AO</InputValue>
    </Lead>
    <Lead CaseKey="2021TR111770AO" ID="e58e35c5-f09c-4ecd-828c-42ed69c67200">
      <InputValue FieldID="1">2021TR111770AO</InputValue>
    </Lead>
    <Lead CaseKey="2021TR111779AO" ID="dd4ec01f-d2a7-4e0b-b706-7e1c7a8ce2a4">
      <InputValue FieldID="1">2021TR111779AO</InputValue>
    </Lead>
    <Lead CaseKey="2021TR111788AO" ID="4490633e-c035-4fa2-80ab-519e59f49a76">
      <InputValue FieldID="1">2021TR111788AO</InputValue>
    </Lead>
    <Lead CaseKey="2021TR111792AO" ID="b4bedea5-7ae8-462e-b72c-34b14f4de3b3">
      <InputValue FieldID="1">2021TR111792AO</InputValue>
    </Lead>
    <Lead CaseKey="2021TR111793AO" ID="293ff699-daa9-4824-ad7d-0bc1c352e2e2">
      <InputValue FieldID="1">2021TR111793AO</InputValue>
    </Lead>
    <Lead CaseKey="2021TR111819AO" ID="ce13aa8e-a4a3-4137-8498-b0a01e9045c9">
      <InputValue FieldID="1">2021TR111819AO</InputValue>
    </Lead>
    <Lead CaseKey="2021TR111824AO" ID="7c4fffbb-e205-4cba-b2e3-8679be1e51b3">
      <InputValue FieldID="1">2021TR111824AO</InputValue>
    </Lead>
    <Lead CaseKey="2021TR111827AO" ID="333ec0a6-5f75-4c1d-a8bf-e82260514f45">
      <InputValue FieldID="1">2021TR111827AO</InputValue>
    </Lead>
    <Lead CaseKey="2021TR111838AO" ID="5bf276de-7c6e-49d0-b507-f73d718b2934">
      <InputValue FieldID="1">2021TR111838AO</InputValue>
    </Lead>
    <Lead CaseKey="2021TR111845AO" ID="d05558e5-2dd0-4672-8f9f-dae35b15a7ae">
      <InputValue FieldID="1">2021TR111845AO</InputValue>
    </Lead>
    <Lead CaseKey="2021TR111851AO" ID="49534006-38c3-41d7-87a2-97f8f2f38875">
      <InputValue FieldID="1">2021TR111851AO</InputValue>
    </Lead>
    <Lead CaseKey="2021TR111865AO" ID="23eca73c-fce1-457b-b351-ba9409949d5f">
      <InputValue FieldID="1">2021TR111865AO</InputValue>
    </Lead>
    <Lead CaseKey="2021TR111870AO" ID="dab6c040-ad97-4e8d-994e-9fd32c8ee68f">
      <InputValue FieldID="1">2021TR111870AO</InputValue>
    </Lead>
    <Lead CaseKey="2021TR111882AO" ID="94e81500-aedf-4ea0-bfb8-fc2beec32f0c">
      <InputValue FieldID="1">2021TR111882AO</InputValue>
    </Lead>
    <Lead CaseKey="2021TR111917AO" ID="1db2204c-a376-4f4b-9340-45e54d2b03a2">
      <InputValue FieldID="1">2021TR111917AO</InputValue>
    </Lead>
    <Lead CaseKey="2021TR111918AO" ID="f31b9371-cc05-4a27-ba38-4685dd45ccf8">
      <InputValue FieldID="1">2021TR111918AO</InputValue>
    </Lead>
    <Lead CaseKey="2021TR111921AO" ID="6d065302-7e9b-4bb1-9615-1ca3e2cbbe05">
      <InputValue FieldID="1">2021TR111921AO</InputValue>
    </Lead>
    <Lead CaseKey="2021TR111933AO" ID="a37a6457-adc4-4268-a064-266c096ae3ff">
      <InputValue FieldID="1">2021TR111933AO</InputValue>
    </Lead>
    <Lead CaseKey="2021TR111936AO" ID="70efef0d-99b6-48ad-b8b4-4b890605bdc1">
      <InputValue FieldID="1">2021TR111936AO</InputValue>
    </Lead>
    <Lead CaseKey="2021TR111944AO" ID="a75076aa-6ac0-4a5f-a5a0-73fcc1f517ce">
      <InputValue FieldID="1">2021TR111944AO</InputValue>
    </Lead>
    <Lead CaseKey="2021TR111950AO" ID="ce40777a-c78f-4187-ad0b-921a908dc309">
      <InputValue FieldID="1">2021TR111950AO</InputValue>
    </Lead>
    <Lead CaseKey="2021TR111960AO" ID="1997bbb3-8bfe-41d7-a19d-db3c983d1117">
      <InputValue FieldID="1">2021TR111960AO</InputValue>
    </Lead>
    <Lead CaseKey="2021TR111962AO" ID="5cc7d2fa-55de-45fb-995c-323b84749b84">
      <InputValue FieldID="1">2021TR111962AO</InputValue>
    </Lead>
    <Lead CaseKey="2021TR111971AO" ID="cc961b35-d077-487b-805e-feffe66f5d69">
      <InputValue FieldID="1">2021TR111971AO</InputValue>
    </Lead>
    <Lead CaseKey="2021TR111978AO" ID="63b8fc5c-4a1e-4a00-bbb3-8c4cc62feb45">
      <InputValue FieldID="1">2021TR111978AO</InputValue>
    </Lead>
    <Lead CaseKey="2021TR111980AO" ID="cdc2605f-4b72-4c4c-9d56-70f9d66605f5">
      <InputValue FieldID="1">2021TR111980AO</InputValue>
    </Lead>
    <Lead CaseKey="2021TR111986AO" ID="c19aae10-2b59-45f6-98a2-4875db724ea0">
      <InputValue FieldID="1">2021TR111986AO</InputValue>
    </Lead>
    <Lead CaseKey="2021TR111987AO" ID="839b0db7-3d1b-4bad-873d-dda52aadac5c">
      <InputValue FieldID="1">2021TR111987AO</InputValue>
    </Lead>
    <Lead CaseKey="2021TR111989AO" ID="2ef3700b-63db-46d2-adcf-e350faf8e57a">
      <InputValue FieldID="1">2021TR111989AO</InputValue>
    </Lead>
    <Lead CaseKey="2021TR111991AO" ID="c82f1ba4-292c-4e0f-8cd7-1fa686289a70">
      <InputValue FieldID="1">2021TR111991AO</InputValue>
    </Lead>
    <Lead CaseKey="2021TR111994AO" ID="e324deb1-5f15-49dc-a8c2-b03dfe75db88">
      <InputValue FieldID="1">2021TR111994AO</InputValue>
    </Lead>
    <Lead CaseKey="2021TR111996AO" ID="be933a6c-61c3-47ce-8d84-1ff346656c63">
      <InputValue FieldID="1">2021TR111996AO</InputValue>
    </Lead>
    <Lead CaseKey="2021TR112014AO" ID="d4dd467b-7c45-41db-9a3e-d66fcf4b026a">
      <InputValue FieldID="1">2021TR112014AO</InputValue>
    </Lead>
    <Lead CaseKey="2021TR112026AO" ID="f6b3fb72-8a6d-4d5a-8446-699b43b8adaa">
      <InputValue FieldID="1">2021TR112026AO</InputValue>
    </Lead>
    <Lead CaseKey="2021TR112029AO" ID="ed2ef650-79ff-4102-bac2-a575a1127ebe">
      <InputValue FieldID="1">2021TR112029AO</InputValue>
    </Lead>
    <Lead CaseKey="2021TR112046AO" ID="706331f1-d5e3-473f-a37c-36978bd782f7">
      <InputValue FieldID="1">2021TR112046AO</InputValue>
    </Lead>
    <Lead CaseKey="2021TR112049AO" ID="136a386b-fdec-4982-aa56-ca468d895e86">
      <InputValue FieldID="1">2021TR112049AO</InputValue>
    </Lead>
    <Lead CaseKey="2021TR112054AO" ID="ec8b4432-f793-4c32-9d27-2d90205535e1">
      <InputValue FieldID="1">2021TR112054AO</InputValue>
    </Lead>
    <Lead CaseKey="2021TR112056AO" ID="a5abc716-5e76-4157-8cb6-fb762bef5426">
      <InputValue FieldID="1">2021TR112056AO</InputValue>
    </Lead>
    <Lead CaseKey="2021TR112057AO" ID="3277e334-0275-4871-a565-f00fafa1d8d7">
      <InputValue FieldID="1">2021TR112057AO</InputValue>
    </Lead>
    <Lead CaseKey="2021TR112063AO" ID="5616912f-7c1f-4981-8ca2-4fd56e0cb8af">
      <InputValue FieldID="1">2021TR112063AO</InputValue>
    </Lead>
    <Lead CaseKey="2021TR112065AO" ID="4127c33b-33f6-40a1-adf2-1577c63a8a9a">
      <InputValue FieldID="1">2021TR112065AO</InputValue>
    </Lead>
    <Lead CaseKey="2021TR112066AO" ID="acaaf2b5-90c4-411a-8460-bdaf978f4b63">
      <InputValue FieldID="1">2021TR112066AO</InputValue>
    </Lead>
    <Lead CaseKey="2021TR112068AO" ID="47a2bfa9-d232-4b9c-bd33-1d209f8ce7c9">
      <InputValue FieldID="1">2021TR112068AO</InputValue>
    </Lead>
    <Lead CaseKey="2021TR112069AO" ID="77a9a6af-491f-4d6f-8814-9f02772a54d9">
      <InputValue FieldID="1">2021TR112069AO</InputValue>
    </Lead>
    <Lead CaseKey="2021TR112086AO" ID="02062e95-a6ee-49ab-81e8-038e30d7c005">
      <InputValue FieldID="1">2021TR112086AO</InputValue>
    </Lead>
    <Lead CaseKey="2021TR112095AO" ID="8dd8447a-551a-45c3-bcd2-99a1a34ed24c">
      <InputValue FieldID="1">2021TR112095AO</InputValue>
    </Lead>
    <Lead CaseKey="2021TR112096AO" ID="18e7d33c-1e36-4015-848f-4e4ed7da1466">
      <InputValue FieldID="1">2021TR112096AO</InputValue>
    </Lead>
    <Lead CaseKey="2021TR112112AO" ID="79486514-529b-4eaf-8e56-5407beef394e">
      <InputValue FieldID="1">2021TR112112AO</InputValue>
    </Lead>
    <Lead CaseKey="2021TR112113AO" ID="a4fc1818-f8e0-4b79-a073-b29f795540ae">
      <InputValue FieldID="1">2021TR112113AO</InputValue>
    </Lead>
    <Lead CaseKey="2021TR112115AO" ID="a19b195d-f462-40cf-97d1-33897aee653a">
      <InputValue FieldID="1">2021TR112115AO</InputValue>
    </Lead>
    <Lead CaseKey="2021TR112117AO" ID="515bb97d-728f-45d4-a7aa-46f5bf86e314">
      <InputValue FieldID="1">2021TR112117AO</InputValue>
    </Lead>
    <Lead CaseKey="2021TR112122AO" ID="28675282-f078-45c5-8b7e-157346b20445">
      <InputValue FieldID="1">2021TR112122AO</InputValue>
    </Lead>
    <Lead CaseKey="2021TR112123AO" ID="d05e0318-2357-49f0-a14e-91ae96e40f78">
      <InputValue FieldID="1">2021TR112123AO</InputValue>
    </Lead>
    <Lead CaseKey="2021TR112164AO" ID="4aaf5f44-b7de-4a20-bcb9-09561021210c">
      <InputValue FieldID="1">2021TR112164AO</InputValue>
    </Lead>
    <Lead CaseKey="2021TR112167AO" ID="c7b899d0-5274-45b3-871c-8005e4156354">
      <InputValue FieldID="1">2021TR112167AO</InputValue>
    </Lead>
    <Lead CaseKey="2021TR112181AO" ID="47f91e2d-2a95-47eb-8f3f-ad0b3499a38a">
      <InputValue FieldID="1">2021TR112181AO</InputValue>
    </Lead>
    <Lead CaseKey="2021TR112186AO" ID="31fb9b4e-1e58-4235-a0bc-0438c992efbd">
      <InputValue FieldID="1">2021TR112186AO</InputValue>
    </Lead>
    <Lead CaseKey="2021TR112191AO" ID="790b70ca-14d3-4087-b502-b4ff5415ba52">
      <InputValue FieldID="1">2021TR112191AO</InputValue>
    </Lead>
    <Lead CaseKey="2021TR112214AO" ID="57648ba7-de04-4793-a94c-0653f75a1102">
      <InputValue FieldID="1">2021TR112214AO</InputValue>
    </Lead>
    <Lead CaseKey="2021TR112221AO" ID="72a8b328-32f8-4bb6-9127-e0fb38691fe2">
      <InputValue FieldID="1">2021TR112221AO</InputValue>
    </Lead>
    <Lead CaseKey="2021TR112244AO" ID="2cce89a1-5d62-46d0-b26e-d4d23e8a701b">
      <InputValue FieldID="1">2021TR112244AO</InputValue>
    </Lead>
    <Lead CaseKey="2021TR112249AO" ID="793132f9-71b0-4ed7-9319-be97526fd80d">
      <InputValue FieldID="1">2021TR112249AO</InputValue>
    </Lead>
    <Lead CaseKey="2021TR112257AO" ID="7c13052a-ce24-403a-8cca-ed015fdbd502">
      <InputValue FieldID="1">2021TR112257AO</InputValue>
    </Lead>
    <Lead CaseKey="2021TR112267AO" ID="4c202e95-32e6-4d5c-b4d9-3f710e89fcdd">
      <InputValue FieldID="1">2021TR112267AO</InputValue>
    </Lead>
    <Lead CaseKey="2021TR112270AO" ID="7629d956-d3a3-4e2e-97b4-7b56216fa389">
      <InputValue FieldID="1">2021TR112270AO</InputValue>
    </Lead>
    <Lead CaseKey="2021TR112271AO" ID="bc73fafe-db1a-4307-9bee-985cfaa71dd3">
      <InputValue FieldID="1">2021TR112271AO</InputValue>
    </Lead>
    <Lead CaseKey="2021TR112274AO" ID="fdae9efc-735d-4195-bf62-b07326f1c693">
      <InputValue FieldID="1">2021TR112274AO</InputValue>
    </Lead>
    <Lead CaseKey="2021TR112280AO" ID="5b8795f9-2d7d-4713-af6c-726114b10c97">
      <InputValue FieldID="1">2021TR112280AO</InputValue>
    </Lead>
    <Lead CaseKey="2021TR112284AO" ID="94373991-d2ec-4003-a8c3-14e92df080f7">
      <InputValue FieldID="1">2021TR112284AO</InputValue>
    </Lead>
    <Lead CaseKey="2021TR112287AO" ID="c282f9bc-17d5-4664-9678-dfb5579971fc">
      <InputValue FieldID="1">2021TR112287AO</InputValue>
    </Lead>
    <Lead CaseKey="2021TR112292AO" ID="dd46666d-d3a3-4d54-8131-461ffda1fa36">
      <InputValue FieldID="1">2021TR112292AO</InputValue>
    </Lead>
    <Lead CaseKey="2021TR112295AO" ID="9efb9926-1d18-4e19-89a7-350bf13da969">
      <InputValue FieldID="1">2021TR112295AO</InputValue>
    </Lead>
    <Lead CaseKey="2021TR112305AO" ID="56b46d8a-c64e-410d-8f13-88b4e3bd75ef">
      <InputValue FieldID="1">2021TR112305AO</InputValue>
    </Lead>
    <Lead CaseKey="2021TR112325AO" ID="dd83a5cb-5522-4ce2-80f8-727373cbcd2f">
      <InputValue FieldID="1">2021TR112325AO</InputValue>
    </Lead>
    <Lead CaseKey="2021TR112328AO" ID="ebaa343e-b873-4ad6-9f31-69ce0e069adb">
      <InputValue FieldID="1">2021TR112328AO</InputValue>
    </Lead>
    <Lead CaseKey="2021TR112344AO" ID="9c0a30a7-8f34-48cb-8c67-6b11af9c4d30">
      <InputValue FieldID="1">2021TR112344AO</InputValue>
    </Lead>
    <Lead CaseKey="2021TR112350AO" ID="09a07ae1-f82d-4e8e-aec9-91687a552bcf">
      <InputValue FieldID="1">2021TR112350AO</InputValue>
    </Lead>
    <Lead CaseKey="2021TR112354AO" ID="9559d4f3-f9ec-468e-8f79-7fcca167f17a">
      <InputValue FieldID="1">2021TR112354AO</InputValue>
    </Lead>
    <Lead CaseKey="2021TR112361AO" ID="a8ecc14c-2315-434c-8348-f270aeeea741">
      <InputValue FieldID="1">2021TR112361AO</InputValue>
    </Lead>
    <Lead CaseKey="2021TR112368AO" ID="111298db-2cb7-4174-b78b-7ea4f9570f7f">
      <InputValue FieldID="1">2021TR112368AO</InputValue>
    </Lead>
    <Lead CaseKey="2021TR112370AO" ID="c632a962-0d8e-42fd-9a97-4e42ac6895b6">
      <InputValue FieldID="1">2021TR112370AO</InputValue>
    </Lead>
    <Lead CaseKey="2021TR112374AO" ID="277c1dcc-1528-4ce8-9072-b6112c7968b6">
      <InputValue FieldID="1">2021TR112374AO</InputValue>
    </Lead>
    <Lead CaseKey="2021TR112375AO" ID="1a3ff955-c124-476a-82ce-82e5054a701e">
      <InputValue FieldID="1">2021TR112375AO</InputValue>
    </Lead>
    <Lead CaseKey="2021TR112396AO" ID="4e5e17bc-a5d6-4a2a-9114-823d431bbb70">
      <InputValue FieldID="1">2021TR112396AO</InputValue>
    </Lead>
    <Lead CaseKey="2021TR112398AO" ID="dab4526a-6ef8-43d1-a62b-309c086b4e0a">
      <InputValue FieldID="1">2021TR112398AO</InputValue>
    </Lead>
    <Lead CaseKey="2021TR112402AO" ID="c8444618-6da0-43ce-ae3f-8f14dfbd1e5a">
      <InputValue FieldID="1">2021TR112402AO</InputValue>
    </Lead>
    <Lead CaseKey="2021TR112411AO" ID="be0d4d2c-c67f-49ea-8eb2-c292c32947a1">
      <InputValue FieldID="1">2021TR112411AO</InputValue>
    </Lead>
    <Lead CaseKey="2021TR112414AO" ID="46e91087-3b92-4ce4-afb5-3685e596ca96">
      <InputValue FieldID="1">2021TR112414AO</InputValue>
    </Lead>
    <Lead CaseKey="2021TR112416AO" ID="55c01b99-d703-44e7-8ae9-0fb245ee2637">
      <InputValue FieldID="1">2021TR112416AO</InputValue>
    </Lead>
    <Lead CaseKey="2021TR112417AO" ID="0f6016ec-92fd-42ba-9ed1-e63d7637a2d7">
      <InputValue FieldID="1">2021TR112417AO</InputValue>
    </Lead>
    <Lead CaseKey="2021TR112420AO" ID="c6f9c643-0ef3-497f-af3f-0eb94cb5e1dc">
      <InputValue FieldID="1">2021TR112420AO</InputValue>
    </Lead>
    <Lead CaseKey="2021TR112421AO" ID="9f805637-c726-437e-9875-f3ac6ca3537a">
      <InputValue FieldID="1">2021TR112421AO</InputValue>
    </Lead>
    <Lead CaseKey="2021TR112430AO" ID="de53a4f7-fa50-4ab2-b860-41aef570afb8">
      <InputValue FieldID="1">2021TR112430AO</InputValue>
    </Lead>
    <Lead CaseKey="2021TR112433AO" ID="f9db87d5-e6b8-471c-a5fb-2201a89a883e">
      <InputValue FieldID="1">2021TR112433AO</InputValue>
    </Lead>
    <Lead CaseKey="2021TR112437AO" ID="cd4b2127-fbfd-4a4e-b2bf-46908c46f391">
      <InputValue FieldID="1">2021TR112437AO</InputValue>
    </Lead>
    <Lead CaseKey="2021TR112438AO" ID="48f9134f-06cd-4c37-b19e-49ed33a89b84">
      <InputValue FieldID="1">2021TR112438AO</InputValue>
    </Lead>
    <Lead CaseKey="2021TR112444AO" ID="8cfac851-4b27-4948-8b4f-26ae8dc3f834">
      <InputValue FieldID="1">2021TR112444AO</InputValue>
    </Lead>
    <Lead CaseKey="2021TR112451AO" ID="7ccfb25b-0ebe-4cc0-8efc-9a5ee51ca78e">
      <InputValue FieldID="1">2021TR112451AO</InputValue>
    </Lead>
    <Lead CaseKey="2021TR112453AO" ID="32f147fa-9f55-402f-9cc9-b10822b46191">
      <InputValue FieldID="1">2021TR112453AO</InputValue>
    </Lead>
    <Lead CaseKey="2021TR112454AO" ID="7fdd7911-a728-4948-a9b7-00d62c584665">
      <InputValue FieldID="1">2021TR112454AO</InputValue>
    </Lead>
    <Lead CaseKey="2021TR112458AO" ID="28246582-6d8a-4fc0-abad-e9f5bd4cd84a">
      <InputValue FieldID="1">2021TR112458AO</InputValue>
    </Lead>
    <Lead CaseKey="2021TR112459AO" ID="f22dda76-c2f1-425f-83c9-4e4d3442c0da">
      <InputValue FieldID="1">2021TR112459AO</InputValue>
    </Lead>
    <Lead CaseKey="2021TR112478AO" ID="1258cbc8-b0e1-41f2-84a0-193bcc99720d">
      <InputValue FieldID="1">2021TR112478AO</InputValue>
    </Lead>
    <Lead CaseKey="2021TR112485AO" ID="27f23298-1ae9-488a-826d-54567765b4c8">
      <InputValue FieldID="1">2021TR112485AO</InputValue>
    </Lead>
    <Lead CaseKey="2021TR112486AO" ID="4cfcf98d-b91c-4d8f-bd57-feb5a5cd415c">
      <InputValue FieldID="1">2021TR112486AO</InputValue>
    </Lead>
    <Lead CaseKey="2021TR112497AO" ID="83b64262-f38e-4a4d-97a1-175fad914fd1">
      <InputValue FieldID="1">2021TR112497AO</InputValue>
    </Lead>
    <Lead CaseKey="2021TR112504AO" ID="7c86c647-d6a5-4d5c-b9ab-28b88c2f55be">
      <InputValue FieldID="1">2021TR112504AO</InputValue>
    </Lead>
    <Lead CaseKey="2021TR112507AO" ID="c1ae4b72-af8d-493a-9bcc-e9bdc720128b">
      <InputValue FieldID="1">2021TR112507AO</InputValue>
    </Lead>
    <Lead CaseKey="2021TR112526AO" ID="f81670f6-4b62-4840-a0a2-31c13ebd3fc2">
      <InputValue FieldID="1">2021TR112526AO</InputValue>
    </Lead>
    <Lead CaseKey="2021TR112529AO" ID="98a7513e-a3b8-4ec9-8aab-2cb447e3e316">
      <InputValue FieldID="1">2021TR112529AO</InputValue>
    </Lead>
    <Lead CaseKey="2021TR112538AO" ID="a9635cce-f8e7-46e9-b311-d3397f67a4d9">
      <InputValue FieldID="1">2021TR112538AO</InputValue>
    </Lead>
    <Lead CaseKey="2021TR112542AO" ID="8789a794-7db8-42ab-be6f-523dbdcf6fc5">
      <InputValue FieldID="1">2021TR112542AO</InputValue>
    </Lead>
    <Lead CaseKey="2021TR112557AO" ID="338818e2-722f-441d-b377-a1f7bf0b394c">
      <InputValue FieldID="1">2021TR112557AO</InputValue>
    </Lead>
    <Lead CaseKey="2021TR112558AO" ID="d991474b-8fa3-4680-8b4c-0e2b6f2c54a9">
      <InputValue FieldID="1">2021TR112558AO</InputValue>
    </Lead>
    <Lead CaseKey="2021TR112560AO" ID="a9f04b17-b607-4ffb-a95d-2199098e47fb">
      <InputValue FieldID="1">2021TR112560AO</InputValue>
    </Lead>
    <Lead CaseKey="2021TR112573AO" ID="2da15a69-f435-43d9-be86-a0f521ff87b4">
      <InputValue FieldID="1">2021TR112573AO</InputValue>
    </Lead>
    <Lead CaseKey="2021TR112586AO" ID="ec83e318-7cce-49de-af75-f1268ebebc19">
      <InputValue FieldID="1">2021TR112586AO</InputValue>
    </Lead>
    <Lead CaseKey="2021TR112590AO" ID="118d66bd-a539-47a0-a71f-21e20b8c5ad1">
      <InputValue FieldID="1">2021TR112590AO</InputValue>
    </Lead>
    <Lead CaseKey="2021TR112625AO" ID="9c4d02a8-46ba-490f-9418-84d04aea008f">
      <InputValue FieldID="1">2021TR112625AO</InputValue>
    </Lead>
    <Lead CaseKey="2021TR112651AO" ID="d8f2d275-6fce-4eca-b820-6886d37ac53a">
      <InputValue FieldID="1">2021TR112651AO</InputValue>
    </Lead>
    <Lead CaseKey="2021TR112662AO" ID="e251c6a7-9051-47a2-a0f8-319508c28560">
      <InputValue FieldID="1">2021TR112662AO</InputValue>
    </Lead>
    <Lead CaseKey="2021TR112674AO" ID="68150dec-0be3-429e-bbef-460f363981cb">
      <InputValue FieldID="1">2021TR112674AO</InputValue>
    </Lead>
    <Lead CaseKey="2021TR112693AO" ID="68019345-f5bb-4178-9097-d755421df9c2">
      <InputValue FieldID="1">2021TR112693AO</InputValue>
    </Lead>
    <Lead CaseKey="2021TR112695AO" ID="c3a8d022-f2da-4bb8-a4d1-0d5ac162faec">
      <InputValue FieldID="1">2021TR112695AO</InputValue>
    </Lead>
    <Lead CaseKey="2021TR112707AO" ID="89ec2f02-5fd2-4032-a0f6-71c5775a5deb">
      <InputValue FieldID="1">2021TR112707AO</InputValue>
    </Lead>
    <Lead CaseKey="2021TR112722AO" ID="7ea6d7cc-fe2f-47d7-899a-95b3aebce9aa">
      <InputValue FieldID="1">2021TR112722AO</InputValue>
    </Lead>
    <Lead CaseKey="2021TR112726AO" ID="e60dd8df-423b-47c1-87ce-19473c8d9381">
      <InputValue FieldID="1">2021TR112726AO</InputValue>
    </Lead>
    <Lead CaseKey="2021TR112728AO" ID="f8553c2d-a7e4-4484-9dd7-684b16c98c36">
      <InputValue FieldID="1">2021TR112728AO</InputValue>
    </Lead>
    <Lead CaseKey="2021TR112729AO" ID="084c3c89-1e4c-4cf5-9e9e-deb393402bba">
      <InputValue FieldID="1">2021TR112729AO</InputValue>
    </Lead>
    <Lead CaseKey="2021TR112735AO" ID="f0d52b8b-f01c-4a41-b43d-0e228baba6de">
      <InputValue FieldID="1">2021TR112735AO</InputValue>
    </Lead>
    <Lead CaseKey="2021TR112750AO" ID="09c624ab-7e88-4fa7-b0e0-1d1ef565194f">
      <InputValue FieldID="1">2021TR112750AO</InputValue>
    </Lead>
    <Lead CaseKey="2021TR112764AO" ID="1649319c-84b8-4d60-a94b-7da8d0562009">
      <InputValue FieldID="1">2021TR112764AO</InputValue>
    </Lead>
    <Lead CaseKey="2021TR112768AO" ID="41c568c0-c64e-4135-8485-e61548f304a2">
      <InputValue FieldID="1">2021TR112768AO</InputValue>
    </Lead>
    <Lead CaseKey="2021TR112771AO" ID="057bd4ed-371e-4f9b-ba83-017a278fbd0a">
      <InputValue FieldID="1">2021TR112771AO</InputValue>
    </Lead>
    <Lead CaseKey="2021TR112786AO" ID="afe4a207-8f4c-43be-9d9b-b1ab473401c5">
      <InputValue FieldID="1">2021TR112786AO</InputValue>
    </Lead>
    <Lead CaseKey="2021TR112789AO" ID="4f328174-5012-4e5c-b614-ac7ea0517355">
      <InputValue FieldID="1">2021TR112789AO</InputValue>
    </Lead>
    <Lead CaseKey="2021TR112793AO" ID="028a98b1-13a8-4aa4-96a4-6f10d48f8807">
      <InputValue FieldID="1">2021TR112793AO</InputValue>
    </Lead>
    <Lead CaseKey="2021TR112795AO" ID="651aeb7e-e31a-4b9f-9ff6-93b0b6d749d0">
      <InputValue FieldID="1">2021TR112795AO</InputValue>
    </Lead>
    <Lead CaseKey="2021TR112800AO" ID="d7831eb2-c777-4f6a-9a6f-d772696571a9">
      <InputValue FieldID="1">2021TR112800AO</InputValue>
    </Lead>
    <Lead CaseKey="2021TR112801AO" ID="24283916-a228-461a-961d-92deac154ada">
      <InputValue FieldID="1">2021TR112801AO</InputValue>
    </Lead>
    <Lead CaseKey="2021TR112807AO" ID="00c211e7-fbcd-4c59-aa76-3baf39aa65e1">
      <InputValue FieldID="1">2021TR112807AO</InputValue>
    </Lead>
    <Lead CaseKey="2021TR112808AO" ID="846ff5e9-23d7-4771-8401-dcd1a9fc0c99">
      <InputValue FieldID="1">2021TR112808AO</InputValue>
    </Lead>
    <Lead CaseKey="2021TR112832AO" ID="f9112635-05cd-41ee-886c-cab83dc8c0c2">
      <InputValue FieldID="1">2021TR112832AO</InputValue>
    </Lead>
    <Lead CaseKey="2021TR112838AO" ID="c72235c1-9784-4fbf-b2f4-65fd5dadae52">
      <InputValue FieldID="1">2021TR112838AO</InputValue>
    </Lead>
    <Lead CaseKey="2021TR112841AO" ID="f9fd9ed5-162e-4530-9b2f-843ee29e4312">
      <InputValue FieldID="1">2021TR112841AO</InputValue>
    </Lead>
    <Lead CaseKey="2021TR112843AO" ID="1bca04ce-10d8-45de-9f6e-2fbbedb36108">
      <InputValue FieldID="1">2021TR112843AO</InputValue>
    </Lead>
    <Lead CaseKey="2021TR112847AO" ID="5f66fe42-49d3-4163-abb3-da686de14c65">
      <InputValue FieldID="1">2021TR112847AO</InputValue>
    </Lead>
    <Lead CaseKey="2021TR112856AO" ID="d9a77f3a-1e9d-421f-bb9e-eafb8bc62afe">
      <InputValue FieldID="1">2021TR112856AO</InputValue>
    </Lead>
    <Lead CaseKey="2021TR112860AO" ID="fbdb7cf0-55dd-4578-baa0-31179bd1025a">
      <InputValue FieldID="1">2021TR112860AO</InputValue>
    </Lead>
    <Lead CaseKey="2021TR112865AO" ID="e050e450-738e-4fd1-828c-fb01fb5eebd2">
      <InputValue FieldID="1">2021TR112865AO</InputValue>
    </Lead>
    <Lead CaseKey="2021TR112873AO" ID="a263821d-d78c-43dd-8570-917df072bd66">
      <InputValue FieldID="1">2021TR112873AO</InputValue>
    </Lead>
    <Lead CaseKey="2021TR112894AO" ID="8d789795-106b-4922-9747-7ec8dfee19ed">
      <InputValue FieldID="1">2021TR112894AO</InputValue>
    </Lead>
    <Lead CaseKey="2021TR112902AO" ID="f014328b-0134-4a67-9384-8e6d4627ac90">
      <InputValue FieldID="1">2021TR112902AO</InputValue>
    </Lead>
    <Lead CaseKey="2021TR112917AO" ID="722a710e-0465-4372-9dd8-85ed26b2db52">
      <InputValue FieldID="1">2021TR112917AO</InputValue>
    </Lead>
    <Lead CaseKey="2021TR112918AO" ID="006e80c7-464d-4898-8ac2-79d6c12e6b5e">
      <InputValue FieldID="1">2021TR112918AO</InputValue>
    </Lead>
    <Lead CaseKey="2021TR112926AO" ID="1b7bfbe5-2936-47d3-92c5-1d155004ae51">
      <InputValue FieldID="1">2021TR112926AO</InputValue>
    </Lead>
    <Lead CaseKey="2021TR112927AO" ID="fcbbc837-d611-493b-a998-335d23d02d1f">
      <InputValue FieldID="1">2021TR112927AO</InputValue>
    </Lead>
    <Lead CaseKey="2021TR112946AO" ID="f29a3583-6ce3-4426-aa65-a375f87256c0">
      <InputValue FieldID="1">2021TR112946AO</InputValue>
    </Lead>
    <Lead CaseKey="2021TR112948AO" ID="51aebda0-6ad9-478b-82f0-3fb6255d1da6">
      <InputValue FieldID="1">2021TR112948AO</InputValue>
    </Lead>
    <Lead CaseKey="2021TR112950AO" ID="df062418-5f6a-4602-96ce-d607ad0bf194">
      <InputValue FieldID="1">2021TR112950AO</InputValue>
    </Lead>
    <Lead CaseKey="2021TR112966AO" ID="3fef50c1-8e90-4ccd-b799-b7f3d13b80a0">
      <InputValue FieldID="1">2021TR112966AO</InputValue>
    </Lead>
    <Lead CaseKey="2021TR112969AO" ID="65331b16-2990-49b3-99d8-10dca1645933">
      <InputValue FieldID="1">2021TR112969AO</InputValue>
    </Lead>
    <Lead CaseKey="2021TR112985AO" ID="d6d6f30d-8ac5-462f-9592-35a388d13e37">
      <InputValue FieldID="1">2021TR112985AO</InputValue>
    </Lead>
    <Lead CaseKey="2021TR112988AO" ID="3717e6ff-67f8-45b7-a6ce-4d70cea0699f">
      <InputValue FieldID="1">2021TR112988AO</InputValue>
    </Lead>
    <Lead CaseKey="2021TR112993AO" ID="02d34a1d-500d-4cf3-a16b-a80b3685847f">
      <InputValue FieldID="1">2021TR112993AO</InputValue>
    </Lead>
    <Lead CaseKey="2021TR113016AO" ID="3e7fd648-8f8c-40a5-bd57-84103c830f7c">
      <InputValue FieldID="1">2021TR113016AO</InputValue>
    </Lead>
    <Lead CaseKey="2021TR113024AO" ID="89e6574c-da0b-4bfc-9082-37452b80798a">
      <InputValue FieldID="1">2021TR113024AO</InputValue>
    </Lead>
    <Lead CaseKey="2021TR113031AO" ID="8ccf99e9-1da5-424a-88bf-a6d1ee4a9f3e">
      <InputValue FieldID="1">2021TR113031AO</InputValue>
    </Lead>
    <Lead CaseKey="2021TR113039AO" ID="08b6f558-e7d5-496f-a388-c29240b724c5">
      <InputValue FieldID="1">2021TR113039AO</InputValue>
    </Lead>
    <Lead CaseKey="2021TR113041AO" ID="d15dbecd-3a4d-4a60-a7e4-bbb0319cdc07">
      <InputValue FieldID="1">2021TR113041AO</InputValue>
    </Lead>
    <Lead CaseKey="2021TR113047AO" ID="f580adbb-b1ee-4215-bf89-719a5955aec2">
      <InputValue FieldID="1">2021TR113047AO</InputValue>
    </Lead>
    <Lead CaseKey="2021TR113063AO" ID="c246db0b-84c0-489b-a948-fdca08883086">
      <InputValue FieldID="1">2021TR113063AO</InputValue>
    </Lead>
    <Lead CaseKey="2021TR113076AO" ID="4651931f-8c6e-4964-ace1-a9b9d7e0345b">
      <InputValue FieldID="1">2021TR113076AO</InputValue>
    </Lead>
    <Lead CaseKey="2021TR113077AO" ID="f94d2b32-81bd-4954-89dd-b77a2460c08d">
      <InputValue FieldID="1">2021TR113077AO</InputValue>
    </Lead>
    <Lead CaseKey="2021TR113079AO" ID="d2b80cf1-b40b-4458-b8b1-1326579a724f">
      <InputValue FieldID="1">2021TR113079AO</InputValue>
    </Lead>
    <Lead CaseKey="2021TR113086AO" ID="04fcd38a-e287-4b87-9b83-88ec12d6e03f">
      <InputValue FieldID="1">2021TR113086AO</InputValue>
    </Lead>
    <Lead CaseKey="2021TR113088AO" ID="68f71f0f-306e-42b1-9c38-eb35333bc0c2">
      <InputValue FieldID="1">2021TR113088AO</InputValue>
    </Lead>
    <Lead CaseKey="2021TR113098AO" ID="e92bebf2-9e09-4a94-8b55-9715196aa44f">
      <InputValue FieldID="1">2021TR113098AO</InputValue>
    </Lead>
    <Lead CaseKey="2021TR113099AO" ID="188e9d9a-04a3-4e0e-a973-93f1fa7d6d41">
      <InputValue FieldID="1">2021TR113099AO</InputValue>
    </Lead>
    <Lead CaseKey="2021TR113104AO" ID="866034a8-e581-4354-bcb6-6a5718665bfc">
      <InputValue FieldID="1">2021TR113104AO</InputValue>
    </Lead>
    <Lead CaseKey="2021TR113142AO" ID="5304e8a1-f975-4a7f-9480-efd7c10caea8">
      <InputValue FieldID="1">2021TR113142AO</InputValue>
    </Lead>
    <Lead CaseKey="2021TR113150AO" ID="0bcc8282-0746-4845-bb72-7b78849b7fff">
      <InputValue FieldID="1">2021TR113150AO</InputValue>
    </Lead>
    <Lead CaseKey="2021TR113154AO" ID="30ef50b7-6a0d-484f-a6b4-85d032792b3f">
      <InputValue FieldID="1">2021TR113154AO</InputValue>
    </Lead>
    <Lead CaseKey="2021TR113155AO" ID="212f95a5-dc6a-4f79-b659-692302492fac">
      <InputValue FieldID="1">2021TR113155AO</InputValue>
    </Lead>
    <Lead CaseKey="2021TR113162AO" ID="6f986394-8d44-474a-9ba3-fde36fc3ddf7">
      <InputValue FieldID="1">2021TR113162AO</InputValue>
    </Lead>
    <Lead CaseKey="2021TR113168AO" ID="912d2264-eb90-49f1-ab3a-e36044c8c43f">
      <InputValue FieldID="1">2021TR113168AO</InputValue>
    </Lead>
    <Lead CaseKey="2021TR113194AO" ID="6ecd131c-b271-47b1-8eab-26c4e5c568d0">
      <InputValue FieldID="1">2021TR113194AO</InputValue>
    </Lead>
    <Lead CaseKey="2021TR113197AO" ID="ef5d2361-c397-4027-b230-a46196906ee6">
      <InputValue FieldID="1">2021TR113197AO</InputValue>
    </Lead>
    <Lead CaseKey="2021TR113199AO" ID="9902bea4-4244-4ea2-a238-d91bfeceff6b">
      <InputValue FieldID="1">2021TR113199AO</InputValue>
    </Lead>
    <Lead CaseKey="2021TR113231AO" ID="0376db61-6099-43bb-9911-2ba18e48c07e">
      <InputValue FieldID="1">2021TR113231AO</InputValue>
    </Lead>
    <Lead CaseKey="2021TR113242AO" ID="fbd0aecb-0c02-453b-b7ef-c521304dce08">
      <InputValue FieldID="1">2021TR113242AO</InputValue>
    </Lead>
    <Lead CaseKey="2021TR113245AO" ID="18078647-ae13-4bcc-98b6-008308d77360">
      <InputValue FieldID="1">2021TR113245AO</InputValue>
    </Lead>
    <Lead CaseKey="2021TR113261AO" ID="95c8299d-1659-4024-b69d-a5fd48eb1825">
      <InputValue FieldID="1">2021TR113261AO</InputValue>
    </Lead>
    <Lead CaseKey="2021TR113267AO" ID="6905548b-d436-48ca-846e-a5d7f17cbd94">
      <InputValue FieldID="1">2021TR113267AO</InputValue>
    </Lead>
    <Lead CaseKey="2021TR113271AO" ID="3df48e35-bfcd-4758-ad2c-eca4e2ef6430">
      <InputValue FieldID="1">2021TR113271AO</InputValue>
    </Lead>
    <Lead CaseKey="2021TR113278AO" ID="ea537843-e44b-481b-ae60-adbb1e3ebf18">
      <InputValue FieldID="1">2021TR113278AO</InputValue>
    </Lead>
    <Lead CaseKey="2021TR113294AO" ID="a4004ab6-ec1e-4302-bc07-262f316200ea">
      <InputValue FieldID="1">2021TR113294AO</InputValue>
    </Lead>
    <Lead CaseKey="2021TR113295AO" ID="0bd40f00-17f9-48d1-ab2e-f41f6e67fa55">
      <InputValue FieldID="1">2021TR113295AO</InputValue>
    </Lead>
    <Lead CaseKey="2021TR113304AO" ID="f601c451-06a6-4975-868b-aef50cd89f6a">
      <InputValue FieldID="1">2021TR113304AO</InputValue>
    </Lead>
    <Lead CaseKey="2021TR113319AO" ID="3f5fb176-6b2f-4faa-bf78-ccefe119552b">
      <InputValue FieldID="1">2021TR113319AO</InputValue>
    </Lead>
    <Lead CaseKey="2021TR113331AO" ID="8c656b3f-648c-437f-ac55-ea923ca4d2f4">
      <InputValue FieldID="1">2021TR113331AO</InputValue>
    </Lead>
    <Lead CaseKey="2021TR113332AO" ID="b65c9209-e04c-411f-a287-527355999322">
      <InputValue FieldID="1">2021TR113332AO</InputValue>
    </Lead>
    <Lead CaseKey="2021TR113337AO" ID="1dea2623-071b-4e0c-8439-1cfce095b30f">
      <InputValue FieldID="1">2021TR113337AO</InputValue>
    </Lead>
    <Lead CaseKey="2021TR113346AO" ID="d182c24a-812e-4780-9dfd-976f9980362c">
      <InputValue FieldID="1">2021TR113346AO</InputValue>
    </Lead>
    <Lead CaseKey="2021TR113350AO" ID="ff7322c0-c137-4f79-b392-2482669b72ea">
      <InputValue FieldID="1">2021TR113350AO</InputValue>
    </Lead>
    <Lead CaseKey="2021TR113351AO" ID="d151dfe3-f36f-44e1-ad0a-64f4b1a0ad11">
      <InputValue FieldID="1">2021TR113351AO</InputValue>
    </Lead>
    <Lead CaseKey="2021TR113367AO" ID="539e92b4-b2c9-4d8f-b67d-2dd6bc24bcb0">
      <InputValue FieldID="1">2021TR113367AO</InputValue>
    </Lead>
    <Lead CaseKey="2021TR113368AO" ID="14e0dab5-35e4-4539-8b0a-145c3222bc8f">
      <InputValue FieldID="1">2021TR113368AO</InputValue>
    </Lead>
    <Lead CaseKey="2021TR113372AO" ID="7a8cb54c-1267-43d7-8ac0-db1ed38c4004">
      <InputValue FieldID="1">2021TR113372AO</InputValue>
    </Lead>
    <Lead CaseKey="2021TR113377AO" ID="0fe369f8-9bfa-445d-97f2-9a4ac4cd05a0">
      <InputValue FieldID="1">2021TR113377AO</InputValue>
    </Lead>
    <Lead CaseKey="2021TR113379AO" ID="3803ed88-0704-4656-a915-b314d552b686">
      <InputValue FieldID="1">2021TR113379AO</InputValue>
    </Lead>
    <Lead CaseKey="2021TR113389AO" ID="924461fd-b03c-4048-93a5-979850c09167">
      <InputValue FieldID="1">2021TR113389AO</InputValue>
    </Lead>
    <Lead CaseKey="2021TR113397AO" ID="c716570b-dc97-488c-8d58-8427997ec7d0">
      <InputValue FieldID="1">2021TR113397AO</InputValue>
    </Lead>
    <Lead CaseKey="2021TR113410AO" ID="81bd111e-348c-4b3e-970b-e946aa8a88b9">
      <InputValue FieldID="1">2021TR113410AO</InputValue>
    </Lead>
    <Lead CaseKey="2021TR113413AO" ID="034026e0-5a1e-4c8c-879a-cfdc5860ef47">
      <InputValue FieldID="1">2021TR113413AO</InputValue>
    </Lead>
    <Lead CaseKey="2021TR113418AO" ID="f6013efe-e0e5-462a-8237-7995cad1b425">
      <InputValue FieldID="1">2021TR113418AO</InputValue>
    </Lead>
    <Lead CaseKey="2021TR113427AO" ID="9a6355e1-3c89-4e15-9d12-926bfff5aa60">
      <InputValue FieldID="1">2021TR113427AO</InputValue>
    </Lead>
    <Lead CaseKey="2021TR113430AO" ID="780df6c0-c58b-4342-88b2-b4b0c655f84e">
      <InputValue FieldID="1">2021TR113430AO</InputValue>
    </Lead>
    <Lead CaseKey="2021TR113434AO" ID="27b46cfb-d29c-4f4f-91fb-f3b3f4287090">
      <InputValue FieldID="1">2021TR113434AO</InputValue>
    </Lead>
    <Lead CaseKey="2021TR113435AO" ID="f7c504a4-5eac-4ccb-841a-193b962134e1">
      <InputValue FieldID="1">2021TR113435AO</InputValue>
    </Lead>
    <Lead CaseKey="2021TR113485AO" ID="f01dd6b1-c573-446e-a88d-07a18873b6ae">
      <InputValue FieldID="1">2021TR113485AO</InputValue>
    </Lead>
    <Lead CaseKey="2021TR113487AO" ID="2a1733dd-73bb-4951-8eeb-2486664d2f2f">
      <InputValue FieldID="1">2021TR113487AO</InputValue>
    </Lead>
    <Lead CaseKey="2021TR113514AO" ID="fffa2c4b-7b69-413b-9abf-056f9e5a0800">
      <InputValue FieldID="1">2021TR113514AO</InputValue>
    </Lead>
    <Lead CaseKey="2021TR113525AO" ID="c7a3fc3e-aefe-4615-ad2f-21727f3686e6">
      <InputValue FieldID="1">2021TR113525AO</InputValue>
    </Lead>
    <Lead CaseKey="2021TR113537AO" ID="09987158-9a08-47b3-b6f0-7d5e61e28b46">
      <InputValue FieldID="1">2021TR113537AO</InputValue>
    </Lead>
    <Lead CaseKey="2021TR113541AO" ID="6b6cb3ba-706c-4bff-bf7e-47ec1551748d">
      <InputValue FieldID="1">2021TR113541AO</InputValue>
    </Lead>
    <Lead CaseKey="2021TR113551AO" ID="0b810f42-a34c-4cc6-941e-a4506366310b">
      <InputValue FieldID="1">2021TR113551AO</InputValue>
    </Lead>
    <Lead CaseKey="2021TR113560AO" ID="1015b8ff-1e59-472b-8b64-3e192ef54bb1">
      <InputValue FieldID="1">2021TR113560AO</InputValue>
    </Lead>
    <Lead CaseKey="2021TR113563AO" ID="e24751ca-322f-494e-ab39-8ca4bb8648c6">
      <InputValue FieldID="1">2021TR113563AO</InputValue>
    </Lead>
    <Lead CaseKey="2021TR113565AO" ID="2d024b8c-21a8-43f5-8852-1f4f63b07626">
      <InputValue FieldID="1">2021TR113565AO</InputValue>
    </Lead>
    <Lead CaseKey="2021TR113566AO" ID="21b9c0a5-9845-4694-a428-510a91d31f78">
      <InputValue FieldID="1">2021TR113566AO</InputValue>
    </Lead>
    <Lead CaseKey="2021TR113574AO" ID="c18a873c-1a2b-47ea-b654-daa04c403eac">
      <InputValue FieldID="1">2021TR113574AO</InputValue>
    </Lead>
    <Lead CaseKey="2021TR113582AO" ID="4d6a85a3-e4ec-45d9-a46d-1729ec3c0f7a">
      <InputValue FieldID="1">2021TR113582AO</InputValue>
    </Lead>
    <Lead CaseKey="2021TR113584AO" ID="24a075d1-4d38-4f24-b78e-1fd354fc8be9">
      <InputValue FieldID="1">2021TR113584AO</InputValue>
    </Lead>
    <Lead CaseKey="2021TR113591AO" ID="af7828ab-bf0b-4680-910d-732039e7ebb3">
      <InputValue FieldID="1">2021TR113591AO</InputValue>
    </Lead>
    <Lead CaseKey="2021TR113597AO" ID="85da4e78-7132-4630-82fe-5d6cfb2de6e1">
      <InputValue FieldID="1">2021TR113597AO</InputValue>
    </Lead>
    <Lead CaseKey="2021TR113599AO" ID="55ae5d6c-4b8a-43de-a86b-6a5ce8b52e44">
      <InputValue FieldID="1">2021TR113599AO</InputValue>
    </Lead>
    <Lead CaseKey="2021TR113611AO" ID="3adc98e1-3510-4c1e-ba1a-1429540c81eb">
      <InputValue FieldID="1">2021TR113611AO</InputValue>
    </Lead>
    <Lead CaseKey="2021TR113650AO" ID="e72e1f1b-caf9-426e-a98a-9233429f962b">
      <InputValue FieldID="1">2021TR113650AO</InputValue>
    </Lead>
    <Lead CaseKey="2021TR113654AO" ID="be8cb1e8-0416-47f6-bbc5-62a5dce1c966">
      <InputValue FieldID="1">2021TR113654AO</InputValue>
    </Lead>
    <Lead CaseKey="2021TR113668AO" ID="12dd0f31-3756-4a80-ad70-685944eaab14">
      <InputValue FieldID="1">2021TR113668AO</InputValue>
    </Lead>
    <Lead CaseKey="2021TR113674AO" ID="ff04f793-fb86-4bda-80fe-8dfa6be2987d">
      <InputValue FieldID="1">2021TR113674AO</InputValue>
    </Lead>
    <Lead CaseKey="2021TR113684AO" ID="ce13a6dd-bccc-416b-9f51-f9cef4ac4b75">
      <InputValue FieldID="1">2021TR113684AO</InputValue>
    </Lead>
    <Lead CaseKey="2021TR113687AO" ID="de285ee4-3d03-4cca-ac68-99ec867825f2">
      <InputValue FieldID="1">2021TR113687AO</InputValue>
    </Lead>
    <Lead CaseKey="2021TR113690AO" ID="db6d7b1a-dc81-40e7-a2e7-5b70df0e1813">
      <InputValue FieldID="1">2021TR113690AO</InputValue>
    </Lead>
    <Lead CaseKey="2021TR113699AO" ID="764c98b1-f03f-4795-9678-89324fb1131f">
      <InputValue FieldID="1">2021TR113699AO</InputValue>
    </Lead>
    <Lead CaseKey="2021TR113731AO" ID="e18e841b-f7d4-45e0-b3b9-34b6d195ecf2">
      <InputValue FieldID="1">2021TR113731AO</InputValue>
    </Lead>
    <Lead CaseKey="2021TR113739AO" ID="d3c1cd91-9f12-4744-bf79-fc8a4663a7a1">
      <InputValue FieldID="1">2021TR113739AO</InputValue>
    </Lead>
    <Lead CaseKey="2021TR113741AO" ID="5f678566-95e7-48c8-bc5e-240e1d9af6c3">
      <InputValue FieldID="1">2021TR113741AO</InputValue>
    </Lead>
    <Lead CaseKey="2021TR113744AO" ID="dea233ea-9f07-4cc9-95da-802eb2fd7b8c">
      <InputValue FieldID="1">2021TR113744AO</InputValue>
    </Lead>
    <Lead CaseKey="2021TR113756AO" ID="4d08bae0-758d-430e-815b-82b65e265333">
      <InputValue FieldID="1">2021TR113756AO</InputValue>
    </Lead>
    <Lead CaseKey="2021TR113767AO" ID="7e32b82a-dc60-4247-a816-5bb11000ef32">
      <InputValue FieldID="1">2021TR113767AO</InputValue>
    </Lead>
    <Lead CaseKey="2021TR113787AO" ID="e59b31ab-1f19-42b1-9ab8-96009c92c266">
      <InputValue FieldID="1">2021TR113787AO</InputValue>
    </Lead>
    <Lead CaseKey="2021TR113791AO" ID="3724d2ba-7607-4cfb-85e5-529a6d19ff53">
      <InputValue FieldID="1">2021TR113791AO</InputValue>
    </Lead>
    <Lead CaseKey="2021TR113792AO" ID="1319ba3e-bd5e-405f-aeca-1da83adada02">
      <InputValue FieldID="1">2021TR113792AO</InputValue>
    </Lead>
    <Lead CaseKey="2021TR113795AO" ID="dbc09ea8-8d2d-4d3f-b39b-9aac3a9a9732">
      <InputValue FieldID="1">2021TR113795AO</InputValue>
    </Lead>
    <Lead CaseKey="2021TR113796AO" ID="b6a59118-c978-4f62-8bbe-db628754b9c9">
      <InputValue FieldID="1">2021TR113796AO</InputValue>
    </Lead>
    <Lead CaseKey="2021TR113798AO" ID="903609cf-4273-41e7-9cc1-92f6562bac26">
      <InputValue FieldID="1">2021TR113798AO</InputValue>
    </Lead>
    <Lead CaseKey="2021TR113807AO" ID="fa455248-6495-41c2-bb59-863c32be8457">
      <InputValue FieldID="1">2021TR113807AO</InputValue>
    </Lead>
    <Lead CaseKey="2021TR113810AO" ID="1eec37c4-3466-4823-8789-b86beb4dbd14">
      <InputValue FieldID="1">2021TR113810AO</InputValue>
    </Lead>
    <Lead CaseKey="2021TR113828AO" ID="ae64a377-d79e-47e5-bf71-8728c7d89340">
      <InputValue FieldID="1">2021TR113828AO</InputValue>
    </Lead>
    <Lead CaseKey="2021TR113832AO" ID="021edd87-b0b6-4320-9c44-7c5953c08140">
      <InputValue FieldID="1">2021TR113832AO</InputValue>
    </Lead>
    <Lead CaseKey="2021TR113838AO" ID="c468d48e-c5a1-4fd9-8521-a37ef36bb5d4">
      <InputValue FieldID="1">2021TR113838AO</InputValue>
    </Lead>
    <Lead CaseKey="2021TR113839AO" ID="44db72c2-609d-4b6d-b518-fe589ded3a86">
      <InputValue FieldID="1">2021TR113839AO</InputValue>
    </Lead>
    <Lead CaseKey="2021TR113842AO" ID="fb4c4937-2527-471e-8a40-3d79fe1a2f74">
      <InputValue FieldID="1">2021TR113842AO</InputValue>
    </Lead>
    <Lead CaseKey="2021TR113846AO" ID="28d8bdbe-ac68-4677-898f-e9f5fabec4b6">
      <InputValue FieldID="1">2021TR113846AO</InputValue>
    </Lead>
    <Lead CaseKey="2021TR113857AO" ID="f250ba85-007f-48a9-9c71-dbcb18a2a846">
      <InputValue FieldID="1">2021TR113857AO</InputValue>
    </Lead>
    <Lead CaseKey="2021TR113866AO" ID="f2c6ef52-7399-4321-898f-a051a7895e96">
      <InputValue FieldID="1">2021TR113866AO</InputValue>
    </Lead>
    <Lead CaseKey="2021TR113870AO" ID="fbb8df9a-481d-41ef-b696-cdae9a055520">
      <InputValue FieldID="1">2021TR113870AO</InputValue>
    </Lead>
    <Lead CaseKey="2021TR113874AO" ID="d4c94d68-acc1-40cf-8a8e-d5b0e5d52948">
      <InputValue FieldID="1">2021TR113874AO</InputValue>
    </Lead>
    <Lead CaseKey="2021TR113875AO" ID="6b94a39f-db23-4d19-8451-7cb276785726">
      <InputValue FieldID="1">2021TR113875AO</InputValue>
    </Lead>
    <Lead CaseKey="2021TR113902AO" ID="a546a679-c05b-405e-b8f0-f045f97d47b9">
      <InputValue FieldID="1">2021TR113902AO</InputValue>
    </Lead>
    <Lead CaseKey="2021TR113906AO" ID="0418fbac-e0e8-4cb0-bf7c-d67e70c737d6">
      <InputValue FieldID="1">2021TR113906AO</InputValue>
    </Lead>
    <Lead CaseKey="2021TR113917AO" ID="809badb6-48a8-49d8-b132-ba95bf5ee2ac">
      <InputValue FieldID="1">2021TR113917AO</InputValue>
    </Lead>
    <Lead CaseKey="2021TR113922AO" ID="f47db43f-9c58-4d27-b7f5-d31b3fa11762">
      <InputValue FieldID="1">2021TR113922AO</InputValue>
    </Lead>
    <Lead CaseKey="2021TR113945AO" ID="44fb64fc-1520-4bf4-9b34-f0bff9cb635d">
      <InputValue FieldID="1">2021TR113945AO</InputValue>
    </Lead>
    <Lead CaseKey="2021TR113946AO" ID="b623d6d1-d652-4f0f-b399-1a622cd0f111">
      <InputValue FieldID="1">2021TR113946AO</InputValue>
    </Lead>
    <Lead CaseKey="2021TR113947AO" ID="55531b31-131c-476a-ac09-36a5631b5555">
      <InputValue FieldID="1">2021TR113947AO</InputValue>
    </Lead>
    <Lead CaseKey="2021TR113948AO" ID="36ee65aa-7abc-4e35-8ea4-b82506216d3e">
      <InputValue FieldID="1">2021TR113948AO</InputValue>
    </Lead>
    <Lead CaseKey="2021TR113970AO" ID="027b1b2b-d2b5-4cb2-bee9-6fe24363e3a2">
      <InputValue FieldID="1">2021TR113970AO</InputValue>
    </Lead>
    <Lead CaseKey="2021TR113972AO" ID="9e49384e-75c3-4d88-a9a2-a74fc99ac712">
      <InputValue FieldID="1">2021TR113972AO</InputValue>
    </Lead>
    <Lead CaseKey="2021TR113982AO" ID="ced5f730-78db-445d-afa1-95e4e1933af8">
      <InputValue FieldID="1">2021TR113982AO</InputValue>
    </Lead>
    <Lead CaseKey="2021TR113986AO" ID="084ff7e5-fa4a-4fc9-b605-168436984229">
      <InputValue FieldID="1">2021TR113986AO</InputValue>
    </Lead>
    <Lead CaseKey="2021TR113987AO" ID="6edf4376-3ace-4004-9079-c8fb2ff85543">
      <InputValue FieldID="1">2021TR113987AO</InputValue>
    </Lead>
    <Lead CaseKey="2021TR113997AO" ID="508f14fc-dfab-47d2-b269-5128cdcfcddc">
      <InputValue FieldID="1">2021TR113997AO</InputValue>
    </Lead>
    <Lead CaseKey="2021TR114002AO" ID="f79d93a1-b501-4b2c-99e5-419ab4544d9e">
      <InputValue FieldID="1">2021TR114002AO</InputValue>
    </Lead>
    <Lead CaseKey="2021TR114010AO" ID="1fe36470-e167-4284-9085-22d347b620dd">
      <InputValue FieldID="1">2021TR114010AO</InputValue>
    </Lead>
    <Lead CaseKey="2021TR114017AO" ID="5db7b89d-dbd9-44f5-bf3e-e0c8b96d3a64">
      <InputValue FieldID="1">2021TR114017AO</InputValue>
    </Lead>
    <Lead CaseKey="2021TR114029AO" ID="e68b6704-e3d1-4395-a921-ecfe414ef9c3">
      <InputValue FieldID="1">2021TR114029AO</InputValue>
    </Lead>
    <Lead CaseKey="2021TR114030AO" ID="b5bca75a-9fb2-4b7b-8497-f0d3dba2562c">
      <InputValue FieldID="1">2021TR114030AO</InputValue>
    </Lead>
    <Lead CaseKey="2021TR114032AO" ID="cfeb4708-ee4f-4a5e-a391-df2090f78010">
      <InputValue FieldID="1">2021TR114032AO</InputValue>
    </Lead>
    <Lead CaseKey="2021TR114034AO" ID="947b9c49-bfab-4e8c-b543-9a7efdbfb609">
      <InputValue FieldID="1">2021TR114034AO</InputValue>
    </Lead>
    <Lead CaseKey="2021TR114046AO" ID="7c008371-0056-413e-ab22-47aba4854d83">
      <InputValue FieldID="1">2021TR114046AO</InputValue>
    </Lead>
    <Lead CaseKey="2021TR114050AO" ID="b2059a50-1eda-484e-bd06-c045269bacb6">
      <InputValue FieldID="1">2021TR114050AO</InputValue>
    </Lead>
    <Lead CaseKey="2021TR114068AO" ID="19fa8071-ff48-4ebc-bb91-cad3e166be24">
      <InputValue FieldID="1">2021TR114068AO</InputValue>
    </Lead>
    <Lead CaseKey="2021TR114072AO" ID="bedef899-57f6-4047-9658-db1f61260de1">
      <InputValue FieldID="1">2021TR114072AO</InputValue>
    </Lead>
    <Lead CaseKey="2021TR114075AO" ID="e0b12481-b624-440a-98e7-7438d0ec9dde">
      <InputValue FieldID="1">2021TR114075AO</InputValue>
    </Lead>
    <Lead CaseKey="2021TR114080AO" ID="abaed498-5a51-4da1-85d9-09635e799c4a">
      <InputValue FieldID="1">2021TR114080AO</InputValue>
    </Lead>
    <Lead CaseKey="2021TR114082AO" ID="5d04d565-a902-4a71-9be7-52a286dae25c">
      <InputValue FieldID="1">2021TR114082AO</InputValue>
    </Lead>
    <Lead CaseKey="2021TR114085AO" ID="b19ff991-2d26-4635-bc79-099f3c426d96">
      <InputValue FieldID="1">2021TR114085AO</InputValue>
    </Lead>
    <Lead CaseKey="2021TR114088AO" ID="15f3516f-6788-41ec-81c9-62348981cb60">
      <InputValue FieldID="1">2021TR114088AO</InputValue>
    </Lead>
    <Lead CaseKey="2021TR114098AO" ID="1b8e389a-ab33-483d-a34d-cabe2edae971">
      <InputValue FieldID="1">2021TR114098AO</InputValue>
    </Lead>
    <Lead CaseKey="2021TR114099AO" ID="1163c30e-1339-462b-84d5-61f905b9598c">
      <InputValue FieldID="1">2021TR114099AO</InputValue>
    </Lead>
    <Lead CaseKey="2021TR114100AO" ID="9a794d20-f84e-4997-b204-8700109c9212">
      <InputValue FieldID="1">2021TR114100AO</InputValue>
    </Lead>
    <Lead CaseKey="2021TR114107AO" ID="90988d08-59e7-4ce7-870f-21c19a8ede2a">
      <InputValue FieldID="1">2021TR114107AO</InputValue>
    </Lead>
    <Lead CaseKey="2021TR114108AO" ID="0f262732-c8e5-486c-bc2f-0003263bd74a">
      <InputValue FieldID="1">2021TR114108AO</InputValue>
    </Lead>
    <Lead CaseKey="2021TR114109AO" ID="5df574b8-5062-471a-a7b1-256dd4659836">
      <InputValue FieldID="1">2021TR114109AO</InputValue>
    </Lead>
    <Lead CaseKey="2021TR114116AO" ID="35d023b0-8a88-4732-aac3-0bb2ff4b869a">
      <InputValue FieldID="1">2021TR114116AO</InputValue>
    </Lead>
    <Lead CaseKey="2021TR114136AO" ID="f7585b7f-0aa5-4d05-baea-858722a0eec5">
      <InputValue FieldID="1">2021TR114136AO</InputValue>
    </Lead>
    <Lead CaseKey="2021TR114141AO" ID="39332c66-98a5-4b3c-925f-c4f7ad0ae6c3">
      <InputValue FieldID="1">2021TR114141AO</InputValue>
    </Lead>
    <Lead CaseKey="2021TR114147AO" ID="43ed7769-0e8d-4461-b2de-333c54ab59b1">
      <InputValue FieldID="1">2021TR114147AO</InputValue>
    </Lead>
    <Lead CaseKey="2021TR114153AO" ID="1bc4cf15-52de-4a90-ad11-a5f6e27ccb57">
      <InputValue FieldID="1">2021TR114153AO</InputValue>
    </Lead>
    <Lead CaseKey="2021TR114163AO" ID="1255e846-4089-4f23-8cf5-5c3765888798">
      <InputValue FieldID="1">2021TR114163AO</InputValue>
    </Lead>
    <Lead CaseKey="2021TR114166AO" ID="714a46ae-002b-4e50-9f31-ab19198705ca">
      <InputValue FieldID="1">2021TR114166AO</InputValue>
    </Lead>
    <Lead CaseKey="2021TR114172AO" ID="6aefd8ce-a0a5-4731-b71d-252926f8fc5f">
      <InputValue FieldID="1">2021TR114172AO</InputValue>
    </Lead>
    <Lead CaseKey="2021TR114189AO" ID="00219340-a80d-4336-8015-583fad3d74dc">
      <InputValue FieldID="1">2021TR114189AO</InputValue>
    </Lead>
    <Lead CaseKey="2021TR114191AO" ID="c7bb7293-c8cb-4f7c-91e9-244d95cbb3a8">
      <InputValue FieldID="1">2021TR114191AO</InputValue>
    </Lead>
    <Lead CaseKey="2021TR114192AO" ID="01cd255c-a4f5-4945-aca9-6a9470b7eaa7">
      <InputValue FieldID="1">2021TR114192AO</InputValue>
    </Lead>
    <Lead CaseKey="2021TR114203AO" ID="00fc565d-388e-474b-80fd-bbab03883648">
      <InputValue FieldID="1">2021TR114203AO</InputValue>
    </Lead>
    <Lead CaseKey="2021TR114215AO" ID="be9bae4c-96fa-4506-90d4-a04f1c0658e5">
      <InputValue FieldID="1">2021TR114215AO</InputValue>
    </Lead>
    <Lead CaseKey="2021TR114218AO" ID="8afac06d-4e84-4864-ae74-34b24a61fd27">
      <InputValue FieldID="1">2021TR114218AO</InputValue>
    </Lead>
    <Lead CaseKey="2021TR114219AO" ID="5cfe94ca-7d8f-47d9-b821-cbf76132a54d">
      <InputValue FieldID="1">2021TR114219AO</InputValue>
    </Lead>
    <Lead CaseKey="2021TR114225AO" ID="42b2b6de-8c10-432a-8d1c-7b82acd302b7">
      <InputValue FieldID="1">2021TR114225AO</InputValue>
    </Lead>
    <Lead CaseKey="2021TR114230AO" ID="01b7c5b4-54fe-438b-9580-8e70284d2eed">
      <InputValue FieldID="1">2021TR114230AO</InputValue>
    </Lead>
    <Lead CaseKey="2021TR114231AO" ID="755795b8-54f5-4dbe-aaa3-72cfdb6dcfc1">
      <InputValue FieldID="1">2021TR114231AO</InputValue>
    </Lead>
    <Lead CaseKey="2021TR114233AO" ID="f79cf425-0e94-489c-8c5a-c07b1d0ccabc">
      <InputValue FieldID="1">2021TR114233AO</InputValue>
    </Lead>
    <Lead CaseKey="2021TR114236AO" ID="3e731f19-dee8-4dd1-9205-8be51a657294">
      <InputValue FieldID="1">2021TR114236AO</InputValue>
    </Lead>
    <Lead CaseKey="2021TR114238AO" ID="0370ea7a-6aa8-4e20-a73b-23647ea4f745">
      <InputValue FieldID="1">2021TR114238AO</InputValue>
    </Lead>
    <Lead CaseKey="2021TR114241AO" ID="fcae6dd6-32a9-42f6-b9a8-356929728204">
      <InputValue FieldID="1">2021TR114241AO</InputValue>
    </Lead>
    <Lead CaseKey="2021TR114250AO" ID="34b0b7e7-e82d-4641-b4a4-fd43f56afeed">
      <InputValue FieldID="1">2021TR114250AO</InputValue>
    </Lead>
    <Lead CaseKey="2021TR114257AO" ID="c35c22a9-54f7-4a74-baaa-3cdcd52a0499">
      <InputValue FieldID="1">2021TR114257AO</InputValue>
    </Lead>
    <Lead CaseKey="2021TR114260AO" ID="7dca46be-0b7f-47fc-be6d-f99d37255603">
      <InputValue FieldID="1">2021TR114260AO</InputValue>
    </Lead>
    <Lead CaseKey="2021TR114262AO" ID="099a6c2c-4435-420f-91ae-6b930420be7e">
      <InputValue FieldID="1">2021TR114262AO</InputValue>
    </Lead>
    <Lead CaseKey="2021TR114263AO" ID="98fb41a5-4580-4db5-89bb-00966c8952a1">
      <InputValue FieldID="1">2021TR114263AO</InputValue>
    </Lead>
    <Lead CaseKey="2021TR114270AO" ID="4ce0ee4c-24e4-43c3-a9b5-328c9c967ab3">
      <InputValue FieldID="1">2021TR114270AO</InputValue>
    </Lead>
    <Lead CaseKey="2021TR114271AO" ID="34787926-d634-4796-93b9-4755fdf4b513">
      <InputValue FieldID="1">2021TR114271AO</InputValue>
    </Lead>
    <Lead CaseKey="2021TR114275AO" ID="d8762548-1e3e-47bd-a188-36125f4c0ff6">
      <InputValue FieldID="1">2021TR114275AO</InputValue>
    </Lead>
    <Lead CaseKey="2021TR114276AO" ID="e719f684-d80c-4d7c-9bab-9edb2ac8a5c1">
      <InputValue FieldID="1">2021TR114276AO</InputValue>
    </Lead>
    <Lead CaseKey="2021TR114283AO" ID="80f07644-73c3-4380-ab2e-42086365d7ae">
      <InputValue FieldID="1">2021TR114283AO</InputValue>
    </Lead>
    <Lead CaseKey="2021TR114293AO" ID="fdea494a-1d6a-4ca6-8fd3-b165b0ca71e6">
      <InputValue FieldID="1">2021TR114293AO</InputValue>
    </Lead>
    <Lead CaseKey="2021TR114299AO" ID="2c58238b-a6f0-48aa-af8e-e69b60d62b62">
      <InputValue FieldID="1">2021TR114299AO</InputValue>
    </Lead>
    <Lead CaseKey="2021TR114302AO" ID="45f356e8-1bb5-4e67-b8f2-d2434680a93c">
      <InputValue FieldID="1">2021TR114302AO</InputValue>
    </Lead>
    <Lead CaseKey="2021TR114305AO" ID="a0208dc5-f8bc-4656-94ec-e80d2bc163bf">
      <InputValue FieldID="1">2021TR114305AO</InputValue>
    </Lead>
    <Lead CaseKey="2021TR114309AO" ID="0eaaef0d-fa8e-4b2e-8d1b-8ae4daa65568">
      <InputValue FieldID="1">2021TR114309AO</InputValue>
    </Lead>
    <Lead CaseKey="2021TR114319AO" ID="415d6b25-cd6e-4cb1-8ec1-61189a1ad94a">
      <InputValue FieldID="1">2021TR114319AO</InputValue>
    </Lead>
    <Lead CaseKey="2021TR114341AO" ID="5159627d-c7f3-494b-bce0-b4d7fc83acb8">
      <InputValue FieldID="1">2021TR114341AO</InputValue>
    </Lead>
    <Lead CaseKey="2021TR114347AO" ID="7594035b-e46b-4393-a5fa-3e83a84aae63">
      <InputValue FieldID="1">2021TR114347AO</InputValue>
    </Lead>
    <Lead CaseKey="2021TR114358AO" ID="d04170c0-2c59-46be-ba99-e8c44fb88479">
      <InputValue FieldID="1">2021TR114358AO</InputValue>
    </Lead>
    <Lead CaseKey="2021TR114361AO" ID="17a5d518-96a3-43d1-95e6-085925161b8d">
      <InputValue FieldID="1">2021TR114361AO</InputValue>
    </Lead>
    <Lead CaseKey="2021TR114377AO" ID="1c6caf46-0895-4db2-8c22-514cf36bb031">
      <InputValue FieldID="1">2021TR114377AO</InputValue>
    </Lead>
    <Lead CaseKey="2021TR114396AO" ID="031fe48a-92d1-438a-895b-d5cefec96462">
      <InputValue FieldID="1">2021TR114396AO</InputValue>
    </Lead>
    <Lead CaseKey="2021TR114398AO" ID="2dc42083-353b-440c-b42d-bfebdd88b2ce">
      <InputValue FieldID="1">2021TR114398AO</InputValue>
    </Lead>
    <Lead CaseKey="2021TR114401AO" ID="c764f083-0a45-4fe6-9b0e-87ca43ff0712">
      <InputValue FieldID="1">2021TR114401AO</InputValue>
    </Lead>
    <Lead CaseKey="2021TR114402AO" ID="7c59895a-ec65-4d32-9011-a15c890f1225">
      <InputValue FieldID="1">2021TR114402AO</InputValue>
    </Lead>
    <Lead CaseKey="2021TR114406AO" ID="26bc0c6e-6f06-4083-a785-cb0bcf02490a">
      <InputValue FieldID="1">2021TR114406AO</InputValue>
    </Lead>
    <Lead CaseKey="2021TR114410AO" ID="4088dd25-999f-437b-8318-4b8f25bf5099">
      <InputValue FieldID="1">2021TR114410AO</InputValue>
    </Lead>
    <Lead CaseKey="2021TR114412AO" ID="51110840-541e-4426-8c99-c32d2a21d811">
      <InputValue FieldID="1">2021TR114412AO</InputValue>
    </Lead>
    <Lead CaseKey="2021TR114416AO" ID="e0b1854e-4745-45bb-baa8-f72f001979fa">
      <InputValue FieldID="1">2021TR114416AO</InputValue>
    </Lead>
    <Lead CaseKey="2021TR114424AO" ID="4ebc2ab5-d56c-44b0-a987-37b7257b5fdb">
      <InputValue FieldID="1">2021TR114424AO</InputValue>
    </Lead>
    <Lead CaseKey="2021TR114432AO" ID="34b38a96-4341-416e-84a9-c69e9e05f7cf">
      <InputValue FieldID="1">2021TR114432AO</InputValue>
    </Lead>
    <Lead CaseKey="2021TR114435AO" ID="b20f0102-06c3-4a0e-81a2-f5549891820a">
      <InputValue FieldID="1">2021TR114435AO</InputValue>
    </Lead>
    <Lead CaseKey="2021TR114438AO" ID="f91c73f3-c48e-47cd-9862-e91cc4811319">
      <InputValue FieldID="1">2021TR114438AO</InputValue>
    </Lead>
    <Lead CaseKey="2021TR114439AO" ID="b39880d3-d535-4eb2-821f-b8a3919c50ed">
      <InputValue FieldID="1">2021TR114439AO</InputValue>
    </Lead>
    <Lead CaseKey="2021TR114442AO" ID="b32cb175-df9d-4be7-b272-77a7ccfc5d69">
      <InputValue FieldID="1">2021TR114442AO</InputValue>
    </Lead>
    <Lead CaseKey="2021TR114449AO" ID="b97a71ff-f8ee-4d20-b106-c983028347f9">
      <InputValue FieldID="1">2021TR114449AO</InputValue>
    </Lead>
    <Lead CaseKey="2021TR114459AO" ID="edd8d26d-7860-4613-9c93-c1aa92b4e7e5">
      <InputValue FieldID="1">2021TR114459AO</InputValue>
    </Lead>
    <Lead CaseKey="2021TR114463AO" ID="4a5dca74-aac5-44d7-ab89-8c44019e1e35">
      <InputValue FieldID="1">2021TR114463AO</InputValue>
    </Lead>
    <Lead CaseKey="2021TR114481AO" ID="f53e0dca-8a31-4257-b42d-eae10a90dd66">
      <InputValue FieldID="1">2021TR114481AO</InputValue>
    </Lead>
    <Lead CaseKey="2021TR114487AO" ID="e724fd01-fa84-413f-bc05-063ad90d0fd7">
      <InputValue FieldID="1">2021TR114487AO</InputValue>
    </Lead>
    <Lead CaseKey="2021TR114488AO" ID="941ec2de-a4d1-4a17-a8c0-d8491195bcf2">
      <InputValue FieldID="1">2021TR114488AO</InputValue>
    </Lead>
    <Lead CaseKey="2021TR114496AO" ID="6308174a-a0e9-467a-b560-abdef09ca781">
      <InputValue FieldID="1">2021TR114496AO</InputValue>
    </Lead>
    <Lead CaseKey="2021TR114507AO" ID="24dcc82e-4833-4c4f-bd88-d9e82f3e436e">
      <InputValue FieldID="1">2021TR114507AO</InputValue>
    </Lead>
    <Lead CaseKey="2021TR114508AO" ID="f134dcbd-8fd9-49c8-bf8d-f04561858d59">
      <InputValue FieldID="1">2021TR114508AO</InputValue>
    </Lead>
    <Lead CaseKey="2021TR114509AO" ID="53bd1942-10a4-4ad8-bad8-d15df8f45ec7">
      <InputValue FieldID="1">2021TR114509AO</InputValue>
    </Lead>
    <Lead CaseKey="2021TR114514AO" ID="247939b2-a4c7-4945-a90f-ed6df78841bf">
      <InputValue FieldID="1">2021TR114514AO</InputValue>
    </Lead>
    <Lead CaseKey="2021TR114528AO" ID="56d0ca20-2885-459a-a651-2baf1dbcb5f6">
      <InputValue FieldID="1">2021TR114528AO</InputValue>
    </Lead>
    <Lead CaseKey="2021TR114536AO" ID="95e4e259-6227-4f33-9a53-1ef42f9a31e8">
      <InputValue FieldID="1">2021TR114536AO</InputValue>
    </Lead>
    <Lead CaseKey="2021TR114539AO" ID="a8ff834e-bc7d-45d9-82a3-1814465fa2e1">
      <InputValue FieldID="1">2021TR114539AO</InputValue>
    </Lead>
    <Lead CaseKey="2021TR114544AO" ID="3bb9aea1-f029-41c4-a1bb-d0b139a590a9">
      <InputValue FieldID="1">2021TR114544AO</InputValue>
    </Lead>
    <Lead CaseKey="2021TR114547AO" ID="ecc49d6a-19ca-4fc4-a7fb-2d46fe571016">
      <InputValue FieldID="1">2021TR114547AO</InputValue>
    </Lead>
    <Lead CaseKey="2021TR114567AO" ID="1f4f08cd-1f8e-4513-9e18-74ec7364e2e3">
      <InputValue FieldID="1">2021TR114567AO</InputValue>
    </Lead>
    <Lead CaseKey="2021TR114571AO" ID="5940bc98-6ede-48a6-a3af-99fcf4f5ca31">
      <InputValue FieldID="1">2021TR114571AO</InputValue>
    </Lead>
    <Lead CaseKey="2021TR114572AO" ID="5b08cf40-d04d-4e85-b7cd-70676e2cb9a1">
      <InputValue FieldID="1">2021TR114572AO</InputValue>
    </Lead>
    <Lead CaseKey="2021TR114594AO" ID="a810dd48-a397-4a1a-9b86-1af8370eae57">
      <InputValue FieldID="1">2021TR114594AO</InputValue>
    </Lead>
    <Lead CaseKey="2021TR114615AO" ID="32fc2d18-46c4-4280-963f-826d9c1876b3">
      <InputValue FieldID="1">2021TR114615AO</InputValue>
    </Lead>
    <Lead CaseKey="2021TR114617AO" ID="906e1c73-dc41-4b28-aef1-773d2b80a9a8">
      <InputValue FieldID="1">2021TR114617AO</InputValue>
    </Lead>
    <Lead CaseKey="2021TR114622AO" ID="17bb4857-6e71-4e72-8f4a-0c7237921dc6">
      <InputValue FieldID="1">2021TR114622AO</InputValue>
    </Lead>
    <Lead CaseKey="2021TR114625AO" ID="cdaab7c4-39c8-4596-85d8-bcafb1d1dd7c">
      <InputValue FieldID="1">2021TR114625AO</InputValue>
    </Lead>
    <Lead CaseKey="2021TR114629AO" ID="2b2cc46a-7ceb-4744-9a40-c9c7c3cba4a3">
      <InputValue FieldID="1">2021TR114629AO</InputValue>
    </Lead>
    <Lead CaseKey="2021TR114638AO" ID="fc4a5244-c76f-4bc4-aad3-1d182478f58c">
      <InputValue FieldID="1">2021TR114638AO</InputValue>
    </Lead>
    <Lead CaseKey="2021TR114639AO" ID="6f3614fb-b377-44f4-80a2-3d6d0a835e20">
      <InputValue FieldID="1">2021TR114639AO</InputValue>
    </Lead>
    <Lead CaseKey="2021TR114655AO" ID="eed59fc9-2796-4462-a710-f13737dae1f7">
      <InputValue FieldID="1">2021TR114655AO</InputValue>
    </Lead>
    <Lead CaseKey="2021TR114658AO" ID="91b36930-c32a-44f4-91fd-afd2e871d91f">
      <InputValue FieldID="1">2021TR114658AO</InputValue>
    </Lead>
    <Lead CaseKey="2021TR114668AO" ID="95a157a6-fdcd-4621-b941-2d1c761372cd">
      <InputValue FieldID="1">2021TR114668AO</InputValue>
    </Lead>
    <Lead CaseKey="2021TR114678AO" ID="f62c1557-9464-44c7-aa07-a5e9d77a52a3">
      <InputValue FieldID="1">2021TR114678AO</InputValue>
    </Lead>
    <Lead CaseKey="2021TR114686AO" ID="05c7e934-7220-4f38-a8d9-9da466303540">
      <InputValue FieldID="1">2021TR114686AO</InputValue>
    </Lead>
    <Lead CaseKey="2021TR114706AO" ID="c7f7f738-ff20-42d4-8598-825fc9267706">
      <InputValue FieldID="1">2021TR114706AO</InputValue>
    </Lead>
    <Lead CaseKey="2021TR114716AO" ID="49a71419-d844-4cf6-bb52-8250ba269ec2">
      <InputValue FieldID="1">2021TR114716AO</InputValue>
    </Lead>
    <Lead CaseKey="2021TR114726AO" ID="d0972abe-4452-481e-a2ae-4bfb49625f41">
      <InputValue FieldID="1">2021TR114726AO</InputValue>
    </Lead>
    <Lead CaseKey="2021TR114729AO" ID="1025cbb7-a0d8-413e-9b61-e39899884930">
      <InputValue FieldID="1">2021TR114729AO</InputValue>
    </Lead>
    <Lead CaseKey="2021TR114734AO" ID="5dccc375-eeac-467b-bcd8-adeb3f684134">
      <InputValue FieldID="1">2021TR114734AO</InputValue>
    </Lead>
    <Lead CaseKey="2021TR114756AO" ID="32a839d2-31bb-4a85-bd71-974a166fecd2">
      <InputValue FieldID="1">2021TR114756AO</InputValue>
    </Lead>
    <Lead CaseKey="2021TR114763AO" ID="dce04bb5-1633-42fd-84c6-06cb424b6227">
      <InputValue FieldID="1">2021TR114763AO</InputValue>
    </Lead>
    <Lead CaseKey="2021TR114773AO" ID="97d9ed9f-a341-4d71-a89c-bf1bae862f29">
      <InputValue FieldID="1">2021TR114773AO</InputValue>
    </Lead>
    <Lead CaseKey="2021TR114775AO" ID="a0f0a732-5487-433d-aa15-162c857aa1d9">
      <InputValue FieldID="1">2021TR114775AO</InputValue>
    </Lead>
    <Lead CaseKey="2021TR114795AO" ID="36f5572f-c8df-44a3-9929-6c854c0c9828">
      <InputValue FieldID="1">2021TR114795AO</InputValue>
    </Lead>
    <Lead CaseKey="2021TR114799AO" ID="024838e4-6102-4ad8-9aef-5584a591b923">
      <InputValue FieldID="1">2021TR114799AO</InputValue>
    </Lead>
    <Lead CaseKey="2021TR114801AO" ID="9b3c2ea6-8913-4712-bf2f-80792cc14e52">
      <InputValue FieldID="1">2021TR114801AO</InputValue>
    </Lead>
    <Lead CaseKey="2021TR114829AO" ID="0d344bd1-2f39-41a3-8edf-2dcd93b68030">
      <InputValue FieldID="1">2021TR114829AO</InputValue>
    </Lead>
    <Lead CaseKey="2021TR114857AO" ID="dde760b3-d689-4e7b-808d-e9442314331c">
      <InputValue FieldID="1">2021TR114857AO</InputValue>
    </Lead>
    <Lead CaseKey="2021TR114868AO" ID="3ae9d8e0-d30a-4ed8-bb33-091453960e0e">
      <InputValue FieldID="1">2021TR114868AO</InputValue>
    </Lead>
    <Lead CaseKey="2021TR114873AO" ID="7bcc0397-ca43-46c2-80b9-faeaec2a846e">
      <InputValue FieldID="1">2021TR114873AO</InputValue>
    </Lead>
    <Lead CaseKey="2021TR114884AO" ID="b30db0d6-9f5a-439a-961f-12ea317788d4">
      <InputValue FieldID="1">2021TR114884AO</InputValue>
    </Lead>
    <Lead CaseKey="2021TR114894AO" ID="4caa629e-cbdf-4c6f-8e8f-9a1ca4644f65">
      <InputValue FieldID="1">2021TR114894AO</InputValue>
    </Lead>
    <Lead CaseKey="2021TR114904AO" ID="0ab0bd7e-064b-41eb-b205-0dcf3fe48fa9">
      <InputValue FieldID="1">2021TR114904AO</InputValue>
    </Lead>
    <Lead CaseKey="2021TR114935AO" ID="b9e43d2b-7e1b-45a0-97fc-81a821a5f73e">
      <InputValue FieldID="1">2021TR114935AO</InputValue>
    </Lead>
    <Lead CaseKey="2021TR114974AO" ID="8e6fc9f8-83ae-4776-bcff-57e938e20113">
      <InputValue FieldID="1">2021TR114974AO</InputValue>
    </Lead>
    <Lead CaseKey="2021TR114983AO" ID="590b2dcb-bed9-40cc-9ecd-bbb162ab9807">
      <InputValue FieldID="1">2021TR114983AO</InputValue>
    </Lead>
    <Lead CaseKey="2021TR114989AO" ID="7960b456-336f-49b3-a90b-55b579daca7f">
      <InputValue FieldID="1">2021TR114989AO</InputValue>
    </Lead>
    <Lead CaseKey="2021TR114992AO" ID="1aa8bebb-716b-470b-b264-35921481a3f4">
      <InputValue FieldID="1">2021TR114992AO</InputValue>
    </Lead>
    <Lead CaseKey="2021TR114993AO" ID="73a224e0-0453-42a1-9fef-269f35ffc8e9">
      <InputValue FieldID="1">2021TR114993AO</InputValue>
    </Lead>
    <Lead CaseKey="2021TR115003AO" ID="391a6449-875e-4934-b3c0-d13ae32f2e47">
      <InputValue FieldID="1">2021TR115003AO</InputValue>
    </Lead>
    <Lead CaseKey="2021TR115005AO" ID="3e64be62-2577-4cfc-99ef-108d54fe6b8b">
      <InputValue FieldID="1">2021TR115005AO</InputValue>
    </Lead>
    <Lead CaseKey="2021TR115007AO" ID="43c1d5f7-a201-44a8-9583-7348b9f7f9a4">
      <InputValue FieldID="1">2021TR115007AO</InputValue>
    </Lead>
    <Lead CaseKey="2021TR115025AO" ID="c5c9410f-1903-48f6-9fe6-812dd31f70c2">
      <InputValue FieldID="1">2021TR115025AO</InputValue>
    </Lead>
    <Lead CaseKey="2021TR115028AO" ID="c152115b-ef3d-445b-b01c-bd2b00129647">
      <InputValue FieldID="1">2021TR115028AO</InputValue>
    </Lead>
    <Lead CaseKey="2021TR115065AO" ID="425e4a3e-cf71-4478-90fb-fc164a059ea3">
      <InputValue FieldID="1">2021TR115065AO</InputValue>
    </Lead>
    <Lead CaseKey="2021TR115079AO" ID="b9e3c68b-8eb6-4cdc-be0d-7f30445f40a0">
      <InputValue FieldID="1">2021TR115079AO</InputValue>
    </Lead>
    <Lead CaseKey="2021TR115086AO" ID="68a0c4a7-9d75-4d8a-869e-fb21740fddaa">
      <InputValue FieldID="1">2021TR115086AO</InputValue>
    </Lead>
    <Lead CaseKey="2021TR115097AO" ID="4eb44c85-e796-48aa-ba4c-286a8da29c48">
      <InputValue FieldID="1">2021TR115097AO</InputValue>
    </Lead>
    <Lead CaseKey="2021TR115100AO" ID="580af185-445c-4618-923c-821c0e44940f">
      <InputValue FieldID="1">2021TR115100AO</InputValue>
    </Lead>
    <Lead CaseKey="2021TR115101AO" ID="c8da3a84-7b6f-4750-a2f8-ae96419c3abd">
      <InputValue FieldID="1">2021TR115101AO</InputValue>
    </Lead>
    <Lead CaseKey="2021TR115125AO" ID="5597802b-015f-4252-8b0a-cadb482d0cef">
      <InputValue FieldID="1">2021TR115125AO</InputValue>
    </Lead>
    <Lead CaseKey="2021TR115126AO" ID="d51074fe-f188-4200-992d-46d170da9b40">
      <InputValue FieldID="1">2021TR115126AO</InputValue>
    </Lead>
    <Lead CaseKey="2021TR115135AO" ID="c34c05a8-32c9-432c-844a-7ff874396f21">
      <InputValue FieldID="1">2021TR115135AO</InputValue>
    </Lead>
    <Lead CaseKey="2021TR115137AO" ID="b3cc3c53-0ed2-4103-8aaf-5c530fca279a">
      <InputValue FieldID="1">2021TR115137AO</InputValue>
    </Lead>
    <Lead CaseKey="2021TR115148AO" ID="b70ebc40-5bf5-4002-942e-967db9935a47">
      <InputValue FieldID="1">2021TR115148AO</InputValue>
    </Lead>
    <Lead CaseKey="2021TR115149AO" ID="a24a2777-28d6-4914-aa7b-7dfab632d7ee">
      <InputValue FieldID="1">2021TR115149AO</InputValue>
    </Lead>
    <Lead CaseKey="2021TR115156AO" ID="d22d31ca-cf65-4b60-8e95-8db3d2cada25">
      <InputValue FieldID="1">2021TR115156AO</InputValue>
    </Lead>
    <Lead CaseKey="2021TR115164AO" ID="49c2de0f-c578-401e-b533-9629baf15fc2">
      <InputValue FieldID="1">2021TR115164AO</InputValue>
    </Lead>
    <Lead CaseKey="2021TR115183AO" ID="d59f45b4-4b03-49f8-9429-a0aa01275b9c">
      <InputValue FieldID="1">2021TR115183AO</InputValue>
    </Lead>
    <Lead CaseKey="2021TR115185AO" ID="c9b705cb-5221-461c-8e20-8a6575958f1f">
      <InputValue FieldID="1">2021TR115185AO</InputValue>
    </Lead>
    <Lead CaseKey="2021TR115198AO" ID="d4eb6725-f0dc-4e4b-bebb-036d1dba4cd4">
      <InputValue FieldID="1">2021TR115198AO</InputValue>
    </Lead>
    <Lead CaseKey="2021TR115220AO" ID="5aaed37b-6637-4d9b-aa28-bfaee1cd12fe">
      <InputValue FieldID="1">2021TR115220AO</InputValue>
    </Lead>
    <Lead CaseKey="2021TR115222AO" ID="9ba4e689-73e3-4b08-85de-7f52ff8dba9a">
      <InputValue FieldID="1">2021TR115222AO</InputValue>
    </Lead>
    <Lead CaseKey="2021TR115225AO" ID="98fd50bc-b3c7-46f0-975b-1877301fc923">
      <InputValue FieldID="1">2021TR115225AO</InputValue>
    </Lead>
    <Lead CaseKey="2021TR115237AO" ID="795816bb-3207-4f4c-96b5-bbc0b9b81e43">
      <InputValue FieldID="1">2021TR115237AO</InputValue>
    </Lead>
    <Lead CaseKey="2021TR115251AO" ID="8347fbfb-2457-4082-a0f3-a791dbb30a03">
      <InputValue FieldID="1">2021TR115251AO</InputValue>
    </Lead>
    <Lead CaseKey="2021TR115262AO" ID="4b43854b-f062-41a0-bbff-81a1fc5efe80">
      <InputValue FieldID="1">2021TR115262AO</InputValue>
    </Lead>
    <Lead CaseKey="2021TR115266AO" ID="615519db-43da-439f-9b74-a650a1ba8930">
      <InputValue FieldID="1">2021TR115266AO</InputValue>
    </Lead>
    <Lead CaseKey="2021TR115270AO" ID="dd7977e0-b12e-414a-9d3b-45413e0b6bbe">
      <InputValue FieldID="1">2021TR115270AO</InputValue>
    </Lead>
    <Lead CaseKey="2021TR115274AO" ID="86f2a1a9-73e4-4937-a478-268ea6d8efb8">
      <InputValue FieldID="1">2021TR115274AO</InputValue>
    </Lead>
    <Lead CaseKey="2021TR115286AO" ID="78937d03-19bb-4614-9570-602625ea092a">
      <InputValue FieldID="1">2021TR115286AO</InputValue>
    </Lead>
    <Lead CaseKey="2021TR115292AO" ID="9dd7e623-6b60-4884-ba69-6827a2ca3bb0">
      <InputValue FieldID="1">2021TR115292AO</InputValue>
    </Lead>
    <Lead CaseKey="2021TR115294AO" ID="23c12992-7430-41b0-b8fc-fad3d436ae77">
      <InputValue FieldID="1">2021TR115294AO</InputValue>
    </Lead>
    <Lead CaseKey="2021TR115311AO" ID="60a01409-b64f-4d00-836f-247bd4272548">
      <InputValue FieldID="1">2021TR115311AO</InputValue>
    </Lead>
    <Lead CaseKey="2021TR115337AO" ID="caa242a2-b27b-4822-b3a9-e8e9483b862d">
      <InputValue FieldID="1">2021TR115337AO</InputValue>
    </Lead>
    <Lead CaseKey="2021TR115345AO" ID="fd458215-a50f-4600-8b4f-bb501e347517">
      <InputValue FieldID="1">2021TR115345AO</InputValue>
    </Lead>
    <Lead CaseKey="2021TR115347AO" ID="00082709-b013-41c9-93af-ff93e8ba2684">
      <InputValue FieldID="1">2021TR115347AO</InputValue>
    </Lead>
    <Lead CaseKey="2021TR115370AO" ID="4a3388e8-c47b-4c4c-aa38-a575656a824a">
      <InputValue FieldID="1">2021TR115370AO</InputValue>
    </Lead>
  </LeadList>
</Root>