﻿<?xml version="1.0" encoding="utf-8" standalone="yes"?>
<Root xmlns="http://risk.regn.net/LeadList" xmlns:xsi="http://www.w3.org/2001/XMLSchema-instance" xmlns:xsd="http://www.w3.org/2001/XMLSchema" Source="https://myeclerk.myorangeclerk.com/Cases/Search" SearchPageIdentifierPattern="" CollectionComplete="false" ID="62361917-4ac8-4c49-b60d-1ec8f6b4b861" MultiplePageCollection="false" TimeDelayAfterPageLoad="0" DuplicateLinkChecking="false">
  <Navigation>
    <InitialNavigation>
      <Page Order="1" SourceUri="https://myeclerk.myorangeclerk.com/Cases/Search" />
    </InitialNavigation>
  </Navigation>
  <LeadList>
    <Lead CaseKey="2021TR106893AO" ID="08602bb3-9461-44a5-af4d-2781339fe592">
      <InputValue FieldID="1">2021TR106893AO</InputValue>
    </Lead>
    <Lead CaseKey="2021TR106899AO" ID="1e3e15b1-66c9-4d78-b735-a99be12358cb">
      <InputValue FieldID="1">2021TR106899AO</InputValue>
    </Lead>
    <Lead CaseKey="2021TR106900AO" ID="93b74c1e-d90d-41f4-8089-024b1aa6d2d7">
      <InputValue FieldID="1">2021TR106900AO</InputValue>
    </Lead>
    <Lead CaseKey="2021TR106913AO" ID="40261677-9419-4756-91c8-abf0a52e98e8">
      <InputValue FieldID="1">2021TR106913AO</InputValue>
    </Lead>
    <Lead CaseKey="2021TR106918AO" ID="194e0240-976e-4caa-abc1-89f9ee84b967">
      <InputValue FieldID="1">2021TR106918AO</InputValue>
    </Lead>
    <Lead CaseKey="2021TR106932AO" ID="8d5d4f97-d9d8-4bb2-80da-ee9eba0e848b">
      <InputValue FieldID="1">2021TR106932AO</InputValue>
    </Lead>
    <Lead CaseKey="2021TR106934AO" ID="28936838-6cc8-40cb-a267-bc9f27a1ffd0">
      <InputValue FieldID="1">2021TR106934AO</InputValue>
    </Lead>
    <Lead CaseKey="2021TR106939AO" ID="5484a90f-c4cd-489c-94d9-f13515e74ed6">
      <InputValue FieldID="1">2021TR106939AO</InputValue>
    </Lead>
    <Lead CaseKey="2021TR106951AO" ID="c57cb708-354e-4c0d-aa5b-6b5ddfea1e1c">
      <InputValue FieldID="1">2021TR106951AO</InputValue>
    </Lead>
    <Lead CaseKey="2021TR106954AO" ID="d8bf4da9-529f-4563-82e3-a5e4ece8c9f5">
      <InputValue FieldID="1">2021TR106954AO</InputValue>
    </Lead>
    <Lead CaseKey="2021TR106958AO" ID="7d33114f-824c-4190-852f-079ef9c5777b">
      <InputValue FieldID="1">2021TR106958AO</InputValue>
    </Lead>
    <Lead CaseKey="2021TR106960AO" ID="cc36aee4-591d-4a7a-934c-31182436b4b2">
      <InputValue FieldID="1">2021TR106960AO</InputValue>
    </Lead>
    <Lead CaseKey="2021TR106963AO" ID="2920d723-2848-4778-9729-3fa39161c707">
      <InputValue FieldID="1">2021TR106963AO</InputValue>
    </Lead>
    <Lead CaseKey="2021TR106966AO" ID="cddd6e0f-2e11-4105-a653-99d2da287095">
      <InputValue FieldID="1">2021TR106966AO</InputValue>
    </Lead>
    <Lead CaseKey="2021TR106970AO" ID="59a9593e-1cbc-4363-85d0-67c18888e4fa">
      <InputValue FieldID="1">2021TR106970AO</InputValue>
    </Lead>
    <Lead CaseKey="2021TR106983AO" ID="1a9de573-36a6-42c7-af30-a9242c643598">
      <InputValue FieldID="1">2021TR106983AO</InputValue>
    </Lead>
    <Lead CaseKey="2021TR106985AO" ID="32da14d5-8b7c-4a44-a067-c5e191f67037">
      <InputValue FieldID="1">2021TR106985AO</InputValue>
    </Lead>
    <Lead CaseKey="2021TR107017AO" ID="29514e0e-a73d-449e-a533-21175e518835">
      <InputValue FieldID="1">2021TR107017AO</InputValue>
    </Lead>
    <Lead CaseKey="2021TR107037AO" ID="9e34ece6-701f-49ed-991c-b612d5d8642d">
      <InputValue FieldID="1">2021TR107037AO</InputValue>
    </Lead>
    <Lead CaseKey="2021TR107041AO" ID="5c7ade80-41f8-4900-985c-e21a5dc0ef65">
      <InputValue FieldID="1">2021TR107041AO</InputValue>
    </Lead>
    <Lead CaseKey="2021TR107042AO" ID="d90ab64a-1861-4b04-92e9-7968b99f67e4">
      <InputValue FieldID="1">2021TR107042AO</InputValue>
    </Lead>
    <Lead CaseKey="2021TR107048AO" ID="738d03bc-ebd6-485b-8042-584cc6f9e417">
      <InputValue FieldID="1">2021TR107048AO</InputValue>
    </Lead>
    <Lead CaseKey="2021TR107053AO" ID="2837dc85-ea7d-4199-ae0c-316ce8f80ada">
      <InputValue FieldID="1">2021TR107053AO</InputValue>
    </Lead>
    <Lead CaseKey="2021TR107058AO" ID="6ba977c4-25d6-41a6-9ae6-1d07a129f551">
      <InputValue FieldID="1">2021TR107058AO</InputValue>
    </Lead>
    <Lead CaseKey="2021TR107060AO" ID="1beda0a3-c5c9-4a00-9076-5a1679d7cbd6">
      <InputValue FieldID="1">2021TR107060AO</InputValue>
    </Lead>
    <Lead CaseKey="2021TR107067AO" ID="bd766256-3a24-4039-b384-24bb9dab3cc8">
      <InputValue FieldID="1">2021TR107067AO</InputValue>
    </Lead>
    <Lead CaseKey="2021TR107068AO" ID="30533642-39b2-4236-b32f-2a8328c52151">
      <InputValue FieldID="1">2021TR107068AO</InputValue>
    </Lead>
    <Lead CaseKey="2021TR107071AO" ID="a8efb827-f015-4758-9491-15cc5fb35a70">
      <InputValue FieldID="1">2021TR107071AO</InputValue>
    </Lead>
    <Lead CaseKey="2021TR107077AO" ID="4f2cb54e-1278-4e8a-ba88-8f66e9924e0c">
      <InputValue FieldID="1">2021TR107077AO</InputValue>
    </Lead>
    <Lead CaseKey="2021TR107078AO" ID="edbc71e1-37ba-4225-bb58-a42a7ca2734c">
      <InputValue FieldID="1">2021TR107078AO</InputValue>
    </Lead>
    <Lead CaseKey="2021TR107086AO" ID="cbae3741-634a-4163-a6cf-fbc0eb7cb747">
      <InputValue FieldID="1">2021TR107086AO</InputValue>
    </Lead>
    <Lead CaseKey="2021TR107093AO" ID="59e19038-41f8-438e-b44d-94b522c558c7">
      <InputValue FieldID="1">2021TR107093AO</InputValue>
    </Lead>
    <Lead CaseKey="2021TR107102AO" ID="070c5201-ef0d-4484-8e4c-3158766c120c">
      <InputValue FieldID="1">2021TR107102AO</InputValue>
    </Lead>
    <Lead CaseKey="2021TR107123AO" ID="9ba8d8c8-55aa-4ba7-afae-a8efcdddf473">
      <InputValue FieldID="1">2021TR107123AO</InputValue>
    </Lead>
    <Lead CaseKey="2021TR107162AO" ID="88b9261f-6aa5-4dd6-aa72-be9912986b58">
      <InputValue FieldID="1">2021TR107162AO</InputValue>
    </Lead>
    <Lead CaseKey="2021TR107172AO" ID="75cb630a-754e-49c9-8677-b542701a0260">
      <InputValue FieldID="1">2021TR107172AO</InputValue>
    </Lead>
    <Lead CaseKey="2021TR107269AO" ID="a4de51c1-34dd-49cb-8a3a-2afc95220537">
      <InputValue FieldID="1">2021TR107269AO</InputValue>
    </Lead>
    <Lead CaseKey="2021TR107283AO" ID="6487c580-0faf-4b55-8f2e-448ae23d57b7">
      <InputValue FieldID="1">2021TR107283AO</InputValue>
    </Lead>
    <Lead CaseKey="2021TR107290AO" ID="3bac3c0e-f7f3-409a-97a6-01a559b53ad0">
      <InputValue FieldID="1">2021TR107290AO</InputValue>
    </Lead>
    <Lead CaseKey="2021TR107300AO" ID="1ae98dff-7602-4d5e-9463-a676c42c8906">
      <InputValue FieldID="1">2021TR107300AO</InputValue>
    </Lead>
    <Lead CaseKey="2021TR107334AO" ID="68977355-3bed-4f30-a12a-a1a5e6469ad8">
      <InputValue FieldID="1">2021TR107334AO</InputValue>
    </Lead>
    <Lead CaseKey="2021TR107350AO" ID="3c7bc108-fa72-401e-ad5d-43bc48c6c8ad">
      <InputValue FieldID="1">2021TR107350AO</InputValue>
    </Lead>
    <Lead CaseKey="2021TR107359AO" ID="0ce92694-8cde-47aa-a5e7-b87de60dadf2">
      <InputValue FieldID="1">2021TR107359AO</InputValue>
    </Lead>
    <Lead CaseKey="2021TR107361AO" ID="c0790816-8b14-4bff-a2f6-d9ebb4e4193f">
      <InputValue FieldID="1">2021TR107361AO</InputValue>
    </Lead>
    <Lead CaseKey="2021TR107366AO" ID="62b5dd86-1f3d-4aa4-8c78-5a025a5114b5">
      <InputValue FieldID="1">2021TR107366AO</InputValue>
    </Lead>
    <Lead CaseKey="2021TR107381AO" ID="7e90a289-6948-447c-a0ad-05294169bdd8">
      <InputValue FieldID="1">2021TR107381AO</InputValue>
    </Lead>
    <Lead CaseKey="2021TR107417AO" ID="0869b4c9-a32e-4e7b-b3fe-9e35872c637d">
      <InputValue FieldID="1">2021TR107417AO</InputValue>
    </Lead>
    <Lead CaseKey="2021TR107419AO" ID="4ee26c3f-19a9-4c82-962b-1ee18aa6c495">
      <InputValue FieldID="1">2021TR107419AO</InputValue>
    </Lead>
    <Lead CaseKey="2021TR107429AO" ID="5f2a9518-5cda-46b2-8c6f-a995e79d9dd8">
      <InputValue FieldID="1">2021TR107429AO</InputValue>
    </Lead>
    <Lead CaseKey="2021TR107439AO" ID="8bb776cb-48f0-48e6-a0f1-ab63801b9944">
      <InputValue FieldID="1">2021TR107439AO</InputValue>
    </Lead>
    <Lead CaseKey="2021TR107443AO" ID="69bbf08b-c82c-4f16-9550-3186f607bbb3">
      <InputValue FieldID="1">2021TR107443AO</InputValue>
    </Lead>
    <Lead CaseKey="2021TR107455AO" ID="847fea0b-ce7c-4aa0-a9ab-603c1c6c3dda">
      <InputValue FieldID="1">2021TR107455AO</InputValue>
    </Lead>
    <Lead CaseKey="2021TR107456AO" ID="0743abf0-2b0a-4e25-aaaf-ce484139a904">
      <InputValue FieldID="1">2021TR107456AO</InputValue>
    </Lead>
    <Lead CaseKey="2021TR107469AO" ID="7d08d3dd-3257-48ca-8d23-0f0eae7bd69e">
      <InputValue FieldID="1">2021TR107469AO</InputValue>
    </Lead>
    <Lead CaseKey="2021TR107476AO" ID="679289fd-a335-4c60-8cb1-2714ed27de01">
      <InputValue FieldID="1">2021TR107476AO</InputValue>
    </Lead>
    <Lead CaseKey="2021TR107490AO" ID="aad65fca-ab45-4c72-9a1d-77e0d469b986">
      <InputValue FieldID="1">2021TR107490AO</InputValue>
    </Lead>
    <Lead CaseKey="2021TR107492AO" ID="bf2f1449-531c-43eb-84f8-494955d5c9d9">
      <InputValue FieldID="1">2021TR107492AO</InputValue>
    </Lead>
    <Lead CaseKey="2021TR107496AO" ID="3c5aa063-3d57-4e67-b8bc-48e23f3517b9">
      <InputValue FieldID="1">2021TR107496AO</InputValue>
    </Lead>
    <Lead CaseKey="2021TR107504AO" ID="76085b65-2c5d-4150-8c16-1ca4c2c16b2f">
      <InputValue FieldID="1">2021TR107504AO</InputValue>
    </Lead>
    <Lead CaseKey="2021TR107507AO" ID="e5457fc6-276b-4fc6-b5e8-9a4dbdf8bb45">
      <InputValue FieldID="1">2021TR107507AO</InputValue>
    </Lead>
    <Lead CaseKey="2021TR107512AO" ID="efba032f-0f12-46a9-8526-2a54f19f76bc">
      <InputValue FieldID="1">2021TR107512AO</InputValue>
    </Lead>
    <Lead CaseKey="2021TR107536AO" ID="ce7d536c-2864-463a-a630-1443285a225a">
      <InputValue FieldID="1">2021TR107536AO</InputValue>
    </Lead>
    <Lead CaseKey="2021TR107547AO" ID="c6970854-149e-487a-9715-fefe09ec77b9">
      <InputValue FieldID="1">2021TR107547AO</InputValue>
    </Lead>
    <Lead CaseKey="2021TR107556AO" ID="287fb21f-52be-4be0-8ea3-dc80b79b8ec1">
      <InputValue FieldID="1">2021TR107556AO</InputValue>
    </Lead>
    <Lead CaseKey="2021TR107584AO" ID="53a5415d-8aba-43dd-867b-fe8a0b3d1ca3">
      <InputValue FieldID="1">2021TR107584AO</InputValue>
    </Lead>
    <Lead CaseKey="2021TR107618AO" ID="b1c878a9-bae1-45ab-b5b9-e5893fe916ec">
      <InputValue FieldID="1">2021TR107618AO</InputValue>
    </Lead>
    <Lead CaseKey="2021TR107620AO" ID="cc8ea17b-280c-408a-a97e-f042f93b2764">
      <InputValue FieldID="1">2021TR107620AO</InputValue>
    </Lead>
    <Lead CaseKey="2021TR107621AO" ID="0a5b9af4-fb52-4691-a889-bf11f87cb0d6">
      <InputValue FieldID="1">2021TR107621AO</InputValue>
    </Lead>
    <Lead CaseKey="2021TR107624AO" ID="ac8b2aa2-452e-4d55-842a-e7a787d7433a">
      <InputValue FieldID="1">2021TR107624AO</InputValue>
    </Lead>
    <Lead CaseKey="2021TR107626AO" ID="d08adef8-8904-4384-8f4b-3c08c1678ecd">
      <InputValue FieldID="1">2021TR107626AO</InputValue>
    </Lead>
    <Lead CaseKey="2021TR107629AO" ID="00d1c658-9c80-448c-b162-28cab78cbb55">
      <InputValue FieldID="1">2021TR107629AO</InputValue>
    </Lead>
    <Lead CaseKey="2021TR107702AO" ID="33519f7c-90fa-4057-8a7f-ffaae8ca9d10">
      <InputValue FieldID="1">2021TR107702AO</InputValue>
    </Lead>
    <Lead CaseKey="2021TR107735AO" ID="812e0659-c956-4b0e-a905-27a35227684a">
      <InputValue FieldID="1">2021TR107735AO</InputValue>
    </Lead>
    <Lead CaseKey="2021TR107737AO" ID="984b5ec6-1b60-4d74-864c-bf280860b8a8">
      <InputValue FieldID="1">2021TR107737AO</InputValue>
    </Lead>
    <Lead CaseKey="2021TR107739AO" ID="f5e4a2c1-9e7e-44bc-b477-ab7430719605">
      <InputValue FieldID="1">2021TR107739AO</InputValue>
    </Lead>
    <Lead CaseKey="2021TR107747AO" ID="32eb9a16-ee4c-4f70-8271-6046392b3405">
      <InputValue FieldID="1">2021TR107747AO</InputValue>
    </Lead>
    <Lead CaseKey="2021TR107763AO" ID="89c865ca-1920-4731-924e-cf108c067d17">
      <InputValue FieldID="1">2021TR107763AO</InputValue>
    </Lead>
    <Lead CaseKey="2021TR107767AO" ID="f32dfbf2-0791-42eb-bcef-af330bdd318b">
      <InputValue FieldID="1">2021TR107767AO</InputValue>
    </Lead>
    <Lead CaseKey="2021TR107777AO" ID="a33eba5c-3735-4be2-a355-d34212da266c">
      <InputValue FieldID="1">2021TR107777AO</InputValue>
    </Lead>
    <Lead CaseKey="2021TR107781AO" ID="43c78245-9cdd-4da3-b274-a5447bb682e2">
      <InputValue FieldID="1">2021TR107781AO</InputValue>
    </Lead>
    <Lead CaseKey="2021TR107783AO" ID="0c862a5c-8b32-4e7a-bacd-1ca4019021ca">
      <InputValue FieldID="1">2021TR107783AO</InputValue>
    </Lead>
    <Lead CaseKey="2021TR107788AO" ID="81d529e5-ec2f-4d5c-a67a-d9959025cc3e">
      <InputValue FieldID="1">2021TR107788AO</InputValue>
    </Lead>
    <Lead CaseKey="2021TR107791AO" ID="7350ee33-7ebf-480c-9554-25a2840c9754">
      <InputValue FieldID="1">2021TR107791AO</InputValue>
    </Lead>
    <Lead CaseKey="2021TR107792AO" ID="0caed6af-54f3-46a3-9989-b728521b2a77">
      <InputValue FieldID="1">2021TR107792AO</InputValue>
    </Lead>
    <Lead CaseKey="2021TR107799AO" ID="3134a99d-df5f-4b9e-93d5-a837e49eaf3e">
      <InputValue FieldID="1">2021TR107799AO</InputValue>
    </Lead>
    <Lead CaseKey="2021TR107800AO" ID="9c058f3d-287e-4de6-b23b-00f714f48ed7">
      <InputValue FieldID="1">2021TR107800AO</InputValue>
    </Lead>
    <Lead CaseKey="2021TR107822AO" ID="fb97c28d-c58a-4540-ae0c-f2192176386b">
      <InputValue FieldID="1">2021TR107822AO</InputValue>
    </Lead>
    <Lead CaseKey="2021TR107823AO" ID="eadeba4c-4d6e-44f4-90f8-0301b8e76db5">
      <InputValue FieldID="1">2021TR107823AO</InputValue>
    </Lead>
    <Lead CaseKey="2021TR107829AO" ID="b13239ce-b37a-4e5d-83b9-3544df69d124">
      <InputValue FieldID="1">2021TR107829AO</InputValue>
    </Lead>
    <Lead CaseKey="2021TR107833AO" ID="ea02ef90-4b6e-4eaf-9c4f-29a133d5bd87">
      <InputValue FieldID="1">2021TR107833AO</InputValue>
    </Lead>
    <Lead CaseKey="2021TR107836AO" ID="f7c16117-03bf-4cf7-9fa9-2c7ec17bc00e">
      <InputValue FieldID="1">2021TR107836AO</InputValue>
    </Lead>
    <Lead CaseKey="2021TR107838AO" ID="d9085623-109b-4e61-aa4e-d3409d5e44bc">
      <InputValue FieldID="1">2021TR107838AO</InputValue>
    </Lead>
    <Lead CaseKey="2021TR107840AO" ID="4ae354d2-c228-42e9-a012-711895e4bca9">
      <InputValue FieldID="1">2021TR107840AO</InputValue>
    </Lead>
    <Lead CaseKey="2021TR107846AO" ID="8baee739-1a1e-450e-abe6-142dad21cc8d">
      <InputValue FieldID="1">2021TR107846AO</InputValue>
    </Lead>
    <Lead CaseKey="2021TR107847AO" ID="f105c112-79e9-4da9-a699-965b7f9c9b1b">
      <InputValue FieldID="1">2021TR107847AO</InputValue>
    </Lead>
    <Lead CaseKey="2021TR107855AO" ID="9d170e79-4a64-4029-b52f-a4f5fd8a1d9a">
      <InputValue FieldID="1">2021TR107855AO</InputValue>
    </Lead>
    <Lead CaseKey="2021TR107858AO" ID="1e06a1cf-2fd4-454a-ba25-c3c397bb4f0e">
      <InputValue FieldID="1">2021TR107858AO</InputValue>
    </Lead>
    <Lead CaseKey="2021TR107863AO" ID="f8c52d50-a585-4942-b7b3-a4f18647dfbb">
      <InputValue FieldID="1">2021TR107863AO</InputValue>
    </Lead>
    <Lead CaseKey="2021TR107868AO" ID="d5c90f3e-dc6c-4582-87b5-d14459afca19">
      <InputValue FieldID="1">2021TR107868AO</InputValue>
    </Lead>
    <Lead CaseKey="2021TR107870AO" ID="415a006f-8510-4041-a74a-3a6d8f425999">
      <InputValue FieldID="1">2021TR107870AO</InputValue>
    </Lead>
    <Lead CaseKey="2021TR107872AO" ID="9d0545b0-df54-41a0-a5f7-ef45e86c581b">
      <InputValue FieldID="1">2021TR107872AO</InputValue>
    </Lead>
    <Lead CaseKey="2021TR107883AO" ID="a82ce744-278a-4904-9d42-bf79d9b2dbff">
      <InputValue FieldID="1">2021TR107883AO</InputValue>
    </Lead>
    <Lead CaseKey="2021TR107884AO" ID="f86762f5-7ff4-4aa8-b339-b38e8733647b">
      <InputValue FieldID="1">2021TR107884AO</InputValue>
    </Lead>
    <Lead CaseKey="2021TR107889AO" ID="ec800a42-7c1c-4881-b3a7-3f6820e47446">
      <InputValue FieldID="1">2021TR107889AO</InputValue>
    </Lead>
    <Lead CaseKey="2021TR107902AO" ID="01dd5119-b064-4a07-8443-af3b90a66f6c">
      <InputValue FieldID="1">2021TR107902AO</InputValue>
    </Lead>
    <Lead CaseKey="2021TR107911AO" ID="0649c0f0-94f6-4894-8672-d8af4617695e">
      <InputValue FieldID="1">2021TR107911AO</InputValue>
    </Lead>
    <Lead CaseKey="2021TR107937AO" ID="e00e48f5-f5f7-45c0-a159-9c20df202641">
      <InputValue FieldID="1">2021TR107937AO</InputValue>
    </Lead>
    <Lead CaseKey="2021TR107951AO" ID="fef4c70f-279b-4011-a3ef-9dcf4ad89f49">
      <InputValue FieldID="1">2021TR107951AO</InputValue>
    </Lead>
    <Lead CaseKey="2021TR107954AO" ID="d4d912be-1f83-4d28-9eb9-20c826fa1e69">
      <InputValue FieldID="1">2021TR107954AO</InputValue>
    </Lead>
    <Lead CaseKey="2021TR107956AO" ID="18e6c50f-9ea4-4612-9155-1c37f5d01a0c">
      <InputValue FieldID="1">2021TR107956AO</InputValue>
    </Lead>
    <Lead CaseKey="2021TR107964AO" ID="16372feb-88eb-4ee3-b7f3-3bf87d453748">
      <InputValue FieldID="1">2021TR107964AO</InputValue>
    </Lead>
    <Lead CaseKey="2021TR107978AO" ID="0a8d313e-c396-4145-9882-89baf72ecaf8">
      <InputValue FieldID="1">2021TR107978AO</InputValue>
    </Lead>
    <Lead CaseKey="2021TR107981AO" ID="58abb988-ee84-4840-968b-323e70abdc46">
      <InputValue FieldID="1">2021TR107981AO</InputValue>
    </Lead>
    <Lead CaseKey="2021TR107984AO" ID="b08a4cef-2cf1-4231-8336-79c78edc3f87">
      <InputValue FieldID="1">2021TR107984AO</InputValue>
    </Lead>
    <Lead CaseKey="2021TR107989AO" ID="14e13459-0240-4a05-ad19-e91e0282ee00">
      <InputValue FieldID="1">2021TR107989AO</InputValue>
    </Lead>
    <Lead CaseKey="2021TR108002AO" ID="7c10fccf-07b7-4644-8925-6d8d6d892a26">
      <InputValue FieldID="1">2021TR108002AO</InputValue>
    </Lead>
    <Lead CaseKey="2021TR108014AO" ID="85d7b0be-a5c5-4fc9-829a-8df92b099625">
      <InputValue FieldID="1">2021TR108014AO</InputValue>
    </Lead>
    <Lead CaseKey="2021TR108028AO" ID="0b3c64e0-9f31-4248-a631-aaba4d1acd2d">
      <InputValue FieldID="1">2021TR108028AO</InputValue>
    </Lead>
    <Lead CaseKey="2021TR108031AO" ID="8b0f969b-c315-41d0-a7cb-1269fa47205a">
      <InputValue FieldID="1">2021TR108031AO</InputValue>
    </Lead>
    <Lead CaseKey="2021TR108044AO" ID="0b87bec3-ec44-4465-b5fe-6c51dcac4a80">
      <InputValue FieldID="1">2021TR108044AO</InputValue>
    </Lead>
    <Lead CaseKey="2021TR108074AO" ID="09762fb2-d750-452e-9b84-e442c23e7a1e">
      <InputValue FieldID="1">2021TR108074AO</InputValue>
    </Lead>
    <Lead CaseKey="2021TR108080AO" ID="33d74051-cebf-4353-affc-52bde50d65a4">
      <InputValue FieldID="1">2021TR108080AO</InputValue>
    </Lead>
    <Lead CaseKey="2021TR108087AO" ID="f802fd08-9a4d-4e34-8f05-39ca44b71e67">
      <InputValue FieldID="1">2021TR108087AO</InputValue>
    </Lead>
    <Lead CaseKey="2021TR108094AO" ID="2472d5a0-8457-427a-a4d9-3ad8ce0ed880">
      <InputValue FieldID="1">2021TR108094AO</InputValue>
    </Lead>
    <Lead CaseKey="2021TR108096AO" ID="ec0ac875-ebe9-471d-852f-ffe721d088c8">
      <InputValue FieldID="1">2021TR108096AO</InputValue>
    </Lead>
    <Lead CaseKey="2021TR108100AO" ID="f1e110d8-577f-4e77-adc7-4feca26a739a">
      <InputValue FieldID="1">2021TR108100AO</InputValue>
    </Lead>
    <Lead CaseKey="2021TR108116AO" ID="44e74778-b70a-4087-9490-80388d687746">
      <InputValue FieldID="1">2021TR108116AO</InputValue>
    </Lead>
    <Lead CaseKey="2021TR108122AO" ID="0c55a928-b353-4f73-8333-32910db67cc5">
      <InputValue FieldID="1">2021TR108122AO</InputValue>
    </Lead>
    <Lead CaseKey="2021TR108133AO" ID="64003723-8eb6-45f4-bab2-001619bd2b85">
      <InputValue FieldID="1">2021TR108133AO</InputValue>
    </Lead>
    <Lead CaseKey="2021TR108138AO" ID="2a2c93d5-1f5e-4953-a0f1-d7b4bbb001ff">
      <InputValue FieldID="1">2021TR108138AO</InputValue>
    </Lead>
    <Lead CaseKey="2021TR108143AO" ID="f5b7b510-3f46-40b2-bdf6-687a04177c83">
      <InputValue FieldID="1">2021TR108143AO</InputValue>
    </Lead>
    <Lead CaseKey="2021TR108151AO" ID="0e1d698e-40e1-4605-b358-dbd6ccd4d62b">
      <InputValue FieldID="1">2021TR108151AO</InputValue>
    </Lead>
    <Lead CaseKey="2021TR108158AO" ID="97f16634-dae3-4072-8340-8127e8755b21">
      <InputValue FieldID="1">2021TR108158AO</InputValue>
    </Lead>
    <Lead CaseKey="2021TR108173AO" ID="b2e30ee6-3ae5-4742-af32-9ad5001ea3ac">
      <InputValue FieldID="1">2021TR108173AO</InputValue>
    </Lead>
    <Lead CaseKey="2021TR108175AO" ID="431b3d3e-52ea-4bd1-a38b-adcdfc0b2f01">
      <InputValue FieldID="1">2021TR108175AO</InputValue>
    </Lead>
    <Lead CaseKey="2021TR108177AO" ID="73c5ce8a-6897-45f7-a4b8-b2c55b3e30ee">
      <InputValue FieldID="1">2021TR108177AO</InputValue>
    </Lead>
    <Lead CaseKey="2021TR108186AO" ID="04595c84-31b1-4c1f-9b12-acaed34703e6">
      <InputValue FieldID="1">2021TR108186AO</InputValue>
    </Lead>
    <Lead CaseKey="2021TR108193AO" ID="7afb847d-6330-438d-b1c0-ee9c22c1c5f4">
      <InputValue FieldID="1">2021TR108193AO</InputValue>
    </Lead>
    <Lead CaseKey="2021TR108196AO" ID="df3f416c-a8f2-4adc-9974-df7bb8f805ba">
      <InputValue FieldID="1">2021TR108196AO</InputValue>
    </Lead>
    <Lead CaseKey="2021TR108198AO" ID="4ad946df-0300-4aad-98e1-4f1fcebf6862">
      <InputValue FieldID="1">2021TR108198AO</InputValue>
    </Lead>
    <Lead CaseKey="2021TR108201AO" ID="8a742486-61ce-480f-bf3e-e5d663b95b6b">
      <InputValue FieldID="1">2021TR108201AO</InputValue>
    </Lead>
    <Lead CaseKey="2021TR108206AO" ID="15bd6761-1d52-43bd-9f9f-e715f5a7b44a">
      <InputValue FieldID="1">2021TR108206AO</InputValue>
    </Lead>
    <Lead CaseKey="2021TR108245AO" ID="d97ac36b-82d4-4fb6-bbfb-05844457f291">
      <InputValue FieldID="1">2021TR108245AO</InputValue>
    </Lead>
    <Lead CaseKey="2021TR108252AO" ID="5c8f2fde-ed0d-4a11-8a1d-d6c3f6880110">
      <InputValue FieldID="1">2021TR108252AO</InputValue>
    </Lead>
    <Lead CaseKey="2021TR108254AO" ID="baf071fc-c688-42ac-8beb-a01915dbe3a2">
      <InputValue FieldID="1">2021TR108254AO</InputValue>
    </Lead>
    <Lead CaseKey="2021TR108261AO" ID="bd6daccc-4180-4845-8e64-be1763d8018e">
      <InputValue FieldID="1">2021TR108261AO</InputValue>
    </Lead>
    <Lead CaseKey="2021TR108265AO" ID="f54ab4fc-e8be-43c0-b0dd-18419673fea9">
      <InputValue FieldID="1">2021TR108265AO</InputValue>
    </Lead>
    <Lead CaseKey="2021TR108268AO" ID="8df06fa4-77cf-4983-b9c9-2c4403226f7f">
      <InputValue FieldID="1">2021TR108268AO</InputValue>
    </Lead>
    <Lead CaseKey="2021TR108270AO" ID="ad68ad23-afdb-4202-b12d-d254200c80f2">
      <InputValue FieldID="1">2021TR108270AO</InputValue>
    </Lead>
    <Lead CaseKey="2021TR108273AO" ID="b970f357-4205-429a-9f29-68db22da0b51">
      <InputValue FieldID="1">2021TR108273AO</InputValue>
    </Lead>
    <Lead CaseKey="2021TR108280AO" ID="70a3612c-0b9d-479a-b42e-faa45c44405b">
      <InputValue FieldID="1">2021TR108280AO</InputValue>
    </Lead>
    <Lead CaseKey="2021TR108284AO" ID="23aa8e06-2d35-4611-8f5c-99a137adce36">
      <InputValue FieldID="1">2021TR108284AO</InputValue>
    </Lead>
    <Lead CaseKey="2021TR108302AO" ID="a01c9700-3928-4582-b47f-563357ea14ba">
      <InputValue FieldID="1">2021TR108302AO</InputValue>
    </Lead>
    <Lead CaseKey="2021TR108305AO" ID="f69c53af-f0e5-4336-919c-4476e6a3eaff">
      <InputValue FieldID="1">2021TR108305AO</InputValue>
    </Lead>
    <Lead CaseKey="2021TR108317AO" ID="e7687ea4-8cc3-4714-925d-9b042a4d50d5">
      <InputValue FieldID="1">2021TR108317AO</InputValue>
    </Lead>
    <Lead CaseKey="2021TR108329AO" ID="120d2284-2ffc-4b43-94dc-a4a31b61a01b">
      <InputValue FieldID="1">2021TR108329AO</InputValue>
    </Lead>
    <Lead CaseKey="2021TR108335AO" ID="7b251253-0d4b-49fb-9faf-07dac15e77c2">
      <InputValue FieldID="1">2021TR108335AO</InputValue>
    </Lead>
    <Lead CaseKey="2021TR108346AO" ID="3e98ea03-517a-4d77-b54a-cb7d05024531">
      <InputValue FieldID="1">2021TR108346AO</InputValue>
    </Lead>
    <Lead CaseKey="2021TR108381AO" ID="75ad0b39-e56e-4e00-971f-e23cc4a539fa">
      <InputValue FieldID="1">2021TR108381AO</InputValue>
    </Lead>
    <Lead CaseKey="2021TR108382AO" ID="34ee31a3-e484-4e08-8528-2fbd8b2ded5e">
      <InputValue FieldID="1">2021TR108382AO</InputValue>
    </Lead>
    <Lead CaseKey="2021TR108396AO" ID="ba257ac3-4bf3-4a58-b6b1-df4325e2e7f0">
      <InputValue FieldID="1">2021TR108396AO</InputValue>
    </Lead>
    <Lead CaseKey="2021TR108402AO" ID="79cd2307-3e59-40b9-adab-7b0117662b80">
      <InputValue FieldID="1">2021TR108402AO</InputValue>
    </Lead>
    <Lead CaseKey="2021TR108409AO" ID="6042f260-68cc-4d4a-9786-2638e2321757">
      <InputValue FieldID="1">2021TR108409AO</InputValue>
    </Lead>
    <Lead CaseKey="2021TR108418AO" ID="861aaec9-3cd1-462e-99da-ad3b4109fd0a">
      <InputValue FieldID="1">2021TR108418AO</InputValue>
    </Lead>
    <Lead CaseKey="2021TR108434AO" ID="77c12f88-ff3c-4b32-9b62-75431f69ac28">
      <InputValue FieldID="1">2021TR108434AO</InputValue>
    </Lead>
    <Lead CaseKey="2021TR108446AO" ID="3979cf07-589b-495b-91c6-096b92b1a51d">
      <InputValue FieldID="1">2021TR108446AO</InputValue>
    </Lead>
    <Lead CaseKey="2021TR108454AO" ID="1e64cc97-35aa-44e8-91ee-8d525855cb27">
      <InputValue FieldID="1">2021TR108454AO</InputValue>
    </Lead>
    <Lead CaseKey="2021TR108462AO" ID="699fb63a-b600-4c1f-a095-1b49e3a54223">
      <InputValue FieldID="1">2021TR108462AO</InputValue>
    </Lead>
    <Lead CaseKey="2021TR108467AO" ID="bdb814b6-a962-4f95-9c79-3b794d0d0105">
      <InputValue FieldID="1">2021TR108467AO</InputValue>
    </Lead>
    <Lead CaseKey="2021TR108476AO" ID="14738e44-3fdf-484c-9c49-f8114e653985">
      <InputValue FieldID="1">2021TR108476AO</InputValue>
    </Lead>
    <Lead CaseKey="2021TR108481AO" ID="143ffb05-882f-4473-ba6c-3966be869e43">
      <InputValue FieldID="1">2021TR108481AO</InputValue>
    </Lead>
    <Lead CaseKey="2021TR108488AO" ID="7da9b5ae-a17f-492b-9b6c-896e335ce72d">
      <InputValue FieldID="1">2021TR108488AO</InputValue>
    </Lead>
    <Lead CaseKey="2021TR108491AO" ID="4c6ba69b-f3f2-4851-ae7b-62387dad9766">
      <InputValue FieldID="1">2021TR108491AO</InputValue>
    </Lead>
    <Lead CaseKey="2021TR108493AO" ID="3cfe306b-9d7a-41ec-a015-fa6a5ee8aee0">
      <InputValue FieldID="1">2021TR108493AO</InputValue>
    </Lead>
    <Lead CaseKey="2021TR108494AO" ID="ec3030b4-1fc8-4ed5-9182-4ffa301a5238">
      <InputValue FieldID="1">2021TR108494AO</InputValue>
    </Lead>
    <Lead CaseKey="2021TR108497AO" ID="4de3a5ae-2dd6-46c1-a29e-060d1a030847">
      <InputValue FieldID="1">2021TR108497AO</InputValue>
    </Lead>
    <Lead CaseKey="2021TR108509AO" ID="fc93aab7-029f-44c6-a82c-e291d959ae45">
      <InputValue FieldID="1">2021TR108509AO</InputValue>
    </Lead>
    <Lead CaseKey="2021TR108513AO" ID="db98f0cf-1810-4f95-a7f2-67f0b2711a40">
      <InputValue FieldID="1">2021TR108513AO</InputValue>
    </Lead>
    <Lead CaseKey="2021TR108526AO" ID="b06e83da-9388-4da8-b0ae-e885429e3f3a">
      <InputValue FieldID="1">2021TR108526AO</InputValue>
    </Lead>
    <Lead CaseKey="2021TR108559AO" ID="2825d0e0-6139-4aca-beb1-bb7caa37702b">
      <InputValue FieldID="1">2021TR108559AO</InputValue>
    </Lead>
    <Lead CaseKey="2021TR108566AO" ID="f5b65404-50fc-4b07-93e8-dc341a629caf">
      <InputValue FieldID="1">2021TR108566AO</InputValue>
    </Lead>
    <Lead CaseKey="2021TR108567AO" ID="873ace5f-5ba9-4e41-b30f-dd668dad3d37">
      <InputValue FieldID="1">2021TR108567AO</InputValue>
    </Lead>
    <Lead CaseKey="2021TR108573AO" ID="6fc2157f-a3a9-4bde-bbd0-d30de4a55004">
      <InputValue FieldID="1">2021TR108573AO</InputValue>
    </Lead>
    <Lead CaseKey="2021TR108574AO" ID="98d13f54-f92d-4894-9d4b-c98443e0fc22">
      <InputValue FieldID="1">2021TR108574AO</InputValue>
    </Lead>
    <Lead CaseKey="2021TR108575AO" ID="9a491292-789c-45ae-9f20-bc3608e100f7">
      <InputValue FieldID="1">2021TR108575AO</InputValue>
    </Lead>
    <Lead CaseKey="2021TR108580AO" ID="7f2c9a7b-878e-4d02-848d-fe26874e9fa0">
      <InputValue FieldID="1">2021TR108580AO</InputValue>
    </Lead>
    <Lead CaseKey="2021TR108581AO" ID="19a863e4-7194-4259-b63f-c45638897e24">
      <InputValue FieldID="1">2021TR108581AO</InputValue>
    </Lead>
    <Lead CaseKey="2021TR108582AO" ID="c2e6a45d-26cc-4836-98de-6d10d3c957c6">
      <InputValue FieldID="1">2021TR108582AO</InputValue>
    </Lead>
    <Lead CaseKey="2021TR108588AO" ID="ba87b371-5261-472c-94ce-5bb51f5c1a58">
      <InputValue FieldID="1">2021TR108588AO</InputValue>
    </Lead>
    <Lead CaseKey="2021TR108593AO" ID="8fde3f40-c6ce-4c04-9cc7-3c8ef65fd2d6">
      <InputValue FieldID="1">2021TR108593AO</InputValue>
    </Lead>
    <Lead CaseKey="2021TR108616AO" ID="6697fa2b-8e41-481d-a2dd-4c6381696d42">
      <InputValue FieldID="1">2021TR108616AO</InputValue>
    </Lead>
    <Lead CaseKey="2021TR108619AO" ID="f30eea97-1ab5-4e1f-9ed7-0a7a2b871c80">
      <InputValue FieldID="1">2021TR108619AO</InputValue>
    </Lead>
    <Lead CaseKey="2021TR108624AO" ID="649dcc9a-5a7d-473b-b327-0873de48c6d0">
      <InputValue FieldID="1">2021TR108624AO</InputValue>
    </Lead>
    <Lead CaseKey="2021TR108646AO" ID="6e282ce2-a0a6-4ccb-80dd-af499309e080">
      <InputValue FieldID="1">2021TR108646AO</InputValue>
    </Lead>
    <Lead CaseKey="2021TR108659AO" ID="b0c07399-a77f-41d2-b72e-ed3c2ce5f985">
      <InputValue FieldID="1">2021TR108659AO</InputValue>
    </Lead>
    <Lead CaseKey="2021TR108662AO" ID="c342e2c8-c9af-4a49-883d-e28b4d45427b">
      <InputValue FieldID="1">2021TR108662AO</InputValue>
    </Lead>
    <Lead CaseKey="2021TR108663AO" ID="b6b1bcdd-c1a0-4b57-80e9-97c69955ec46">
      <InputValue FieldID="1">2021TR108663AO</InputValue>
    </Lead>
    <Lead CaseKey="2021TR108664AO" ID="3ea40e7a-9624-4031-9765-01b929154836">
      <InputValue FieldID="1">2021TR108664AO</InputValue>
    </Lead>
    <Lead CaseKey="2021TR108670AO" ID="a38f7810-a0fd-443e-a785-608c3294c015">
      <InputValue FieldID="1">2021TR108670AO</InputValue>
    </Lead>
    <Lead CaseKey="2021TR108675AO" ID="063482fd-bd02-408a-be69-13dfdb04dbef">
      <InputValue FieldID="1">2021TR108675AO</InputValue>
    </Lead>
    <Lead CaseKey="2021TR108683AO" ID="793e4a5d-8eff-4964-814c-6e8c1800c1d3">
      <InputValue FieldID="1">2021TR108683AO</InputValue>
    </Lead>
    <Lead CaseKey="2021TR108685AO" ID="6e40b3f6-e185-4712-9b2a-29376f2dc13d">
      <InputValue FieldID="1">2021TR108685AO</InputValue>
    </Lead>
    <Lead CaseKey="2021TR108686AO" ID="be9fa5fd-98db-4f47-950a-2e0b30f328bc">
      <InputValue FieldID="1">2021TR108686AO</InputValue>
    </Lead>
    <Lead CaseKey="2021TR108698AO" ID="8803249c-553a-4930-b9a7-133e2c885009">
      <InputValue FieldID="1">2021TR108698AO</InputValue>
    </Lead>
    <Lead CaseKey="2021TR108701AO" ID="71bf4a69-05cb-4ab4-ab4e-fbefa2666c5a">
      <InputValue FieldID="1">2021TR108701AO</InputValue>
    </Lead>
    <Lead CaseKey="2021TR108704AO" ID="7f37af79-47ff-4364-8192-340a0ce69123">
      <InputValue FieldID="1">2021TR108704AO</InputValue>
    </Lead>
    <Lead CaseKey="2021TR108705AO" ID="fc1877b8-0ad1-48d8-83e9-e60203f9b13f">
      <InputValue FieldID="1">2021TR108705AO</InputValue>
    </Lead>
    <Lead CaseKey="2021TR108709AO" ID="1114125b-4033-4f40-a4cf-1f3085d1b66d">
      <InputValue FieldID="1">2021TR108709AO</InputValue>
    </Lead>
    <Lead CaseKey="2021TR108726AO" ID="9730fd3a-7cc9-41ee-89e5-f3483017a9b5">
      <InputValue FieldID="1">2021TR108726AO</InputValue>
    </Lead>
    <Lead CaseKey="2021TR108763AO" ID="65fd1da0-5f55-4881-82ca-f949d4cad121">
      <InputValue FieldID="1">2021TR108763AO</InputValue>
    </Lead>
    <Lead CaseKey="2021TR108779AO" ID="af9dc93d-41dc-4dc7-8a9c-fdc52d5697af">
      <InputValue FieldID="1">2021TR108779AO</InputValue>
    </Lead>
    <Lead CaseKey="2021TR108780AO" ID="1428b4b4-c1c5-4c22-84ee-60c48e6b354f">
      <InputValue FieldID="1">2021TR108780AO</InputValue>
    </Lead>
    <Lead CaseKey="2021TR108790AO" ID="455dab29-0eba-4bc0-a97d-3a64f6d5afc4">
      <InputValue FieldID="1">2021TR108790AO</InputValue>
    </Lead>
    <Lead CaseKey="2021TR108799AO" ID="7c9a1673-4015-4e96-b347-e4eac08d6c88">
      <InputValue FieldID="1">2021TR108799AO</InputValue>
    </Lead>
    <Lead CaseKey="2021TR108802AO" ID="28afe7a2-c79d-406f-bc1e-b6503c875519">
      <InputValue FieldID="1">2021TR108802AO</InputValue>
    </Lead>
    <Lead CaseKey="2021TR108809AO" ID="7dcfcf32-f936-4e82-a5f3-46b90b8aeeeb">
      <InputValue FieldID="1">2021TR108809AO</InputValue>
    </Lead>
    <Lead CaseKey="2021TR108820AO" ID="5683cb7f-7a2a-4893-92bd-63b829e5ff27">
      <InputValue FieldID="1">2021TR108820AO</InputValue>
    </Lead>
    <Lead CaseKey="2021TR108823AO" ID="f8a1e676-2e90-4a57-b0bd-2fe52dde77a2">
      <InputValue FieldID="1">2021TR108823AO</InputValue>
    </Lead>
    <Lead CaseKey="2021TR108834AO" ID="304c826b-4c6c-4823-90ed-e54c31823085">
      <InputValue FieldID="1">2021TR108834AO</InputValue>
    </Lead>
    <Lead CaseKey="2021TR108862AO" ID="64dd33e5-c4cf-4d18-bc01-c4edc37e62b6">
      <InputValue FieldID="1">2021TR108862AO</InputValue>
    </Lead>
    <Lead CaseKey="2021TR108874AO" ID="53880e9b-e67e-41c0-ab87-8de1c91385ea">
      <InputValue FieldID="1">2021TR108874AO</InputValue>
    </Lead>
    <Lead CaseKey="2021TR108886AO" ID="694c6f23-50f8-4a9e-a041-c2a78f578c86">
      <InputValue FieldID="1">2021TR108886AO</InputValue>
    </Lead>
    <Lead CaseKey="2021TR108916AO" ID="b03c8ec7-12f4-43b4-8680-d40ceda0d3a5">
      <InputValue FieldID="1">2021TR108916AO</InputValue>
    </Lead>
    <Lead CaseKey="2021TR108922AO" ID="72d0ee0e-6de0-4462-95de-4822b4562d07">
      <InputValue FieldID="1">2021TR108922AO</InputValue>
    </Lead>
    <Lead CaseKey="2021TR108946AO" ID="aec8a44e-98d8-4b3e-ab56-9d8da5ae9d36">
      <InputValue FieldID="1">2021TR108946AO</InputValue>
    </Lead>
    <Lead CaseKey="2021TR108952AO" ID="e514547c-d663-4475-9d67-846f2bd9a6be">
      <InputValue FieldID="1">2021TR108952AO</InputValue>
    </Lead>
    <Lead CaseKey="2021TR108958AO" ID="78840b94-fd40-4fe3-adb0-999f86060062">
      <InputValue FieldID="1">2021TR108958AO</InputValue>
    </Lead>
    <Lead CaseKey="2021TR108963AO" ID="b6d45d7c-b1b7-493c-a9e7-a94c4ed82da2">
      <InputValue FieldID="1">2021TR108963AO</InputValue>
    </Lead>
    <Lead CaseKey="2021TR108965AO" ID="3f6ea2dd-fe11-4579-bbea-43ef7c6c00d9">
      <InputValue FieldID="1">2021TR108965AO</InputValue>
    </Lead>
    <Lead CaseKey="2021TR108983AO" ID="2575c4f3-7fd1-44ef-be47-c59c793fa8ca">
      <InputValue FieldID="1">2021TR108983AO</InputValue>
    </Lead>
    <Lead CaseKey="2021TR108990AO" ID="d40689b2-f326-4909-bf48-54feac94edc6">
      <InputValue FieldID="1">2021TR108990AO</InputValue>
    </Lead>
    <Lead CaseKey="2021TR108991AO" ID="65812bfd-65e1-4a1b-9826-40c32bb19531">
      <InputValue FieldID="1">2021TR108991AO</InputValue>
    </Lead>
    <Lead CaseKey="2021TR108997AO" ID="b2be5bd9-a669-4ff6-87e0-638398820dee">
      <InputValue FieldID="1">2021TR108997AO</InputValue>
    </Lead>
    <Lead CaseKey="2021TR109001AO" ID="5e0dacc9-6731-4ae8-a9cf-830b3a7f9464">
      <InputValue FieldID="1">2021TR109001AO</InputValue>
    </Lead>
    <Lead CaseKey="2021TR109012AO" ID="abaf766a-5bb6-4245-b2fb-b0a05d821922">
      <InputValue FieldID="1">2021TR109012AO</InputValue>
    </Lead>
    <Lead CaseKey="2021TR109014AO" ID="ef258268-8833-4536-b900-bbd4fbf049d8">
      <InputValue FieldID="1">2021TR109014AO</InputValue>
    </Lead>
    <Lead CaseKey="2021TR109040AO" ID="2beefe33-b112-4ee0-a474-85943d38f000">
      <InputValue FieldID="1">2021TR109040AO</InputValue>
    </Lead>
    <Lead CaseKey="2021TR109041AO" ID="11e69da6-43e1-4c9b-ada2-fe8864cfdf69">
      <InputValue FieldID="1">2021TR109041AO</InputValue>
    </Lead>
    <Lead CaseKey="2021TR109042AO" ID="23c8c64b-7ef0-4e27-9e33-a00f46a07dc0">
      <InputValue FieldID="1">2021TR109042AO</InputValue>
    </Lead>
    <Lead CaseKey="2021TR109057AO" ID="72235a7b-5845-449e-b45d-2238bbdf53ed">
      <InputValue FieldID="1">2021TR109057AO</InputValue>
    </Lead>
    <Lead CaseKey="2021TR109058AO" ID="850ad0bb-140b-4577-8204-6b6618c5f156">
      <InputValue FieldID="1">2021TR109058AO</InputValue>
    </Lead>
    <Lead CaseKey="2021TR109059AO" ID="e278f75f-ae6a-4223-9e74-e9c50f57b0e7">
      <InputValue FieldID="1">2021TR109059AO</InputValue>
    </Lead>
    <Lead CaseKey="2021TR109078AO" ID="16219dfb-65d8-48bc-a384-0c35415639b4">
      <InputValue FieldID="1">2021TR109078AO</InputValue>
    </Lead>
    <Lead CaseKey="2021TR109081AO" ID="908c30eb-cce0-4ea1-ad96-2e347afd44ea">
      <InputValue FieldID="1">2021TR109081AO</InputValue>
    </Lead>
    <Lead CaseKey="2021TR109090AO" ID="5e974bd9-3860-42a2-a2c4-0dc28031d1d1">
      <InputValue FieldID="1">2021TR109090AO</InputValue>
    </Lead>
    <Lead CaseKey="2021TR109126AO" ID="33cffefe-b571-4cb0-9978-d898d4e7fddf">
      <InputValue FieldID="1">2021TR109126AO</InputValue>
    </Lead>
    <Lead CaseKey="2021TR109149AO" ID="610ea505-9b8d-4762-bce1-54dc466ad4c9">
      <InputValue FieldID="1">2021TR109149AO</InputValue>
    </Lead>
    <Lead CaseKey="2021TR109153AO" ID="be897a83-fdf5-4f29-b11d-1e6a7210a985">
      <InputValue FieldID="1">2021TR109153AO</InputValue>
    </Lead>
    <Lead CaseKey="2021TR109182AO" ID="4a378eec-3d15-4fba-9905-661e20fef236">
      <InputValue FieldID="1">2021TR109182AO</InputValue>
    </Lead>
    <Lead CaseKey="2021TR109190AO" ID="0a351ca8-697a-4770-a7f4-bbf7c5515ab4">
      <InputValue FieldID="1">2021TR109190AO</InputValue>
    </Lead>
    <Lead CaseKey="2021TR109203AO" ID="e2eb7569-6959-4714-b743-ee72118b437a">
      <InputValue FieldID="1">2021TR109203AO</InputValue>
    </Lead>
    <Lead CaseKey="2021TR109214AO" ID="5239a5e8-c778-4aab-8b84-1308ece20fd7">
      <InputValue FieldID="1">2021TR109214AO</InputValue>
    </Lead>
    <Lead CaseKey="2021TR109218AO" ID="91a5e10a-05d9-4d11-a8ae-1b38f6910cba">
      <InputValue FieldID="1">2021TR109218AO</InputValue>
    </Lead>
    <Lead CaseKey="2021TR109222AO" ID="28dcb92e-58c7-4a50-9376-e369880ae560">
      <InputValue FieldID="1">2021TR109222AO</InputValue>
    </Lead>
    <Lead CaseKey="2021TR109224AO" ID="835a5d29-a330-4d7f-b696-d37294463b59">
      <InputValue FieldID="1">2021TR109224AO</InputValue>
    </Lead>
    <Lead CaseKey="2021TR109226AO" ID="58067b81-275f-466a-b3f3-d6821629213b">
      <InputValue FieldID="1">2021TR109226AO</InputValue>
    </Lead>
    <Lead CaseKey="2021TR109227AO" ID="027b52b5-c614-4415-a24e-7754700ece67">
      <InputValue FieldID="1">2021TR109227AO</InputValue>
    </Lead>
    <Lead CaseKey="2021TR109237AO" ID="e0e38d35-e225-4144-8dcc-d4a6f3c8039d">
      <InputValue FieldID="1">2021TR109237AO</InputValue>
    </Lead>
    <Lead CaseKey="2021TR109247AO" ID="57f7932b-448d-4903-9cb9-b13d1d5116a1">
      <InputValue FieldID="1">2021TR109247AO</InputValue>
    </Lead>
    <Lead CaseKey="2021TR109251AO" ID="73e754cb-d896-4fda-93d3-c2d6a9d0bd5c">
      <InputValue FieldID="1">2021TR109251AO</InputValue>
    </Lead>
    <Lead CaseKey="2021TR109252AO" ID="dd161d36-e90b-4078-abf3-557d1dbd51d3">
      <InputValue FieldID="1">2021TR109252AO</InputValue>
    </Lead>
    <Lead CaseKey="2021TR109268AO" ID="c4ac201f-d296-4512-bb95-227b308e9acb">
      <InputValue FieldID="1">2021TR109268AO</InputValue>
    </Lead>
    <Lead CaseKey="2021TR109274AO" ID="a53e79d1-f6ee-42b5-934c-6750ec7b30f8">
      <InputValue FieldID="1">2021TR109274AO</InputValue>
    </Lead>
    <Lead CaseKey="2021TR109275AO" ID="8b132fe6-7554-4bd3-aa0f-22af05e0d0ab">
      <InputValue FieldID="1">2021TR109275AO</InputValue>
    </Lead>
    <Lead CaseKey="2021TR109278AO" ID="23808f07-fb4d-4cfa-896c-1f93a32e733d">
      <InputValue FieldID="1">2021TR109278AO</InputValue>
    </Lead>
    <Lead CaseKey="2021TR109292AO" ID="8373e1b3-2aea-43ea-95d9-85c55e168b98">
      <InputValue FieldID="1">2021TR109292AO</InputValue>
    </Lead>
    <Lead CaseKey="2021TR109297AO" ID="3bac447c-6b9b-4285-a05d-f273e4f18cd0">
      <InputValue FieldID="1">2021TR109297AO</InputValue>
    </Lead>
    <Lead CaseKey="2021TR109302AO" ID="859c36d3-7e26-41c5-9969-8583d7639750">
      <InputValue FieldID="1">2021TR109302AO</InputValue>
    </Lead>
    <Lead CaseKey="2021TR109303AO" ID="d73518a3-bb79-49df-9089-19337c7806f4">
      <InputValue FieldID="1">2021TR109303AO</InputValue>
    </Lead>
    <Lead CaseKey="2021TR109316AO" ID="a603bbca-f366-4992-9988-016f874d7f51">
      <InputValue FieldID="1">2021TR109316AO</InputValue>
    </Lead>
    <Lead CaseKey="2021TR109319AO" ID="50455f0d-766a-47b5-978b-f062a4a0991d">
      <InputValue FieldID="1">2021TR109319AO</InputValue>
    </Lead>
    <Lead CaseKey="2021TR109332AO" ID="ee239999-873a-41ad-a272-952f34dc6a6a">
      <InputValue FieldID="1">2021TR109332AO</InputValue>
    </Lead>
    <Lead CaseKey="2021TR109333AO" ID="cd768f7a-6f08-48f4-8f51-9b706da2b7ca">
      <InputValue FieldID="1">2021TR109333AO</InputValue>
    </Lead>
    <Lead CaseKey="2021TR109352AO" ID="8c5e25e7-d705-42ed-8e50-2527daf0f357">
      <InputValue FieldID="1">2021TR109352AO</InputValue>
    </Lead>
    <Lead CaseKey="2021TR109373AO" ID="d8464578-89f2-4520-b485-129d35157132">
      <InputValue FieldID="1">2021TR109373AO</InputValue>
    </Lead>
    <Lead CaseKey="2021TR109374AO" ID="82535a2d-56f4-48ed-bc62-90155e8eafbf">
      <InputValue FieldID="1">2021TR109374AO</InputValue>
    </Lead>
    <Lead CaseKey="2021TR109375AO" ID="684b5eb9-9e8c-4546-bac0-03ce952f2344">
      <InputValue FieldID="1">2021TR109375AO</InputValue>
    </Lead>
    <Lead CaseKey="2021TR109377AO" ID="36517e05-444b-4250-a16a-bb25a3aa8240">
      <InputValue FieldID="1">2021TR109377AO</InputValue>
    </Lead>
    <Lead CaseKey="2021TR109383AO" ID="0c07d08d-067b-49e6-a4e2-8998b3babc9d">
      <InputValue FieldID="1">2021TR109383AO</InputValue>
    </Lead>
    <Lead CaseKey="2021TR109391AO" ID="c90fb9dc-6da5-42d0-b466-82723fea7134">
      <InputValue FieldID="1">2021TR109391AO</InputValue>
    </Lead>
    <Lead CaseKey="2021TR109393AO" ID="6098675d-b572-4822-baf1-d78ca6b9bf4b">
      <InputValue FieldID="1">2021TR109393AO</InputValue>
    </Lead>
    <Lead CaseKey="2021TR109395AO" ID="0ca68840-e2b8-48a8-9e08-c5170e1cab71">
      <InputValue FieldID="1">2021TR109395AO</InputValue>
    </Lead>
    <Lead CaseKey="2021TR109403AO" ID="d9b976e0-84d1-4090-aee4-1074da2c8929">
      <InputValue FieldID="1">2021TR109403AO</InputValue>
    </Lead>
    <Lead CaseKey="2021TR109410AO" ID="1c4c258c-bfb7-454e-b236-d2b1e8c1a17e">
      <InputValue FieldID="1">2021TR109410AO</InputValue>
    </Lead>
    <Lead CaseKey="2021TR109421AO" ID="8c660479-825f-4940-a9f9-dce5cd50ec95">
      <InputValue FieldID="1">2021TR109421AO</InputValue>
    </Lead>
    <Lead CaseKey="2021TR109433AO" ID="28d518dc-7e40-43e2-96ec-004a0b43dd0a">
      <InputValue FieldID="1">2021TR109433AO</InputValue>
    </Lead>
    <Lead CaseKey="2021TR109436AO" ID="d9954c06-cc20-434b-a76a-b3a66974fb9c">
      <InputValue FieldID="1">2021TR109436AO</InputValue>
    </Lead>
    <Lead CaseKey="2021TR109438AO" ID="397bf5f1-2de1-4a41-97b4-3786ea16270d">
      <InputValue FieldID="1">2021TR109438AO</InputValue>
    </Lead>
    <Lead CaseKey="2021TR109441AO" ID="111df52b-70b2-4aff-9728-02d8bb4f76b9">
      <InputValue FieldID="1">2021TR109441AO</InputValue>
    </Lead>
    <Lead CaseKey="2021TR109445AO" ID="4a800b8c-a6f9-4409-990c-fc537eed7ad9">
      <InputValue FieldID="1">2021TR109445AO</InputValue>
    </Lead>
    <Lead CaseKey="2021TR109446AO" ID="99c102d5-33b6-40e7-9cdc-f4f2a6633418">
      <InputValue FieldID="1">2021TR109446AO</InputValue>
    </Lead>
    <Lead CaseKey="2021TR109455AO" ID="1c706447-8367-4b3d-8113-97ae1b10db06">
      <InputValue FieldID="1">2021TR109455AO</InputValue>
    </Lead>
    <Lead CaseKey="2021TR109457AO" ID="d5b1a094-2e93-446d-ae54-1b42328a94e8">
      <InputValue FieldID="1">2021TR109457AO</InputValue>
    </Lead>
    <Lead CaseKey="2021TR109464AO" ID="1bbd7a48-6fea-40e0-9950-9249f676d4e7">
      <InputValue FieldID="1">2021TR109464AO</InputValue>
    </Lead>
    <Lead CaseKey="2021TR109468AO" ID="e6e51186-bd45-45ca-9e8a-ffe3e10a712e">
      <InputValue FieldID="1">2021TR109468AO</InputValue>
    </Lead>
    <Lead CaseKey="2021TR109480AO" ID="e0f27226-23e5-46a8-aca2-3d7278df593f">
      <InputValue FieldID="1">2021TR109480AO</InputValue>
    </Lead>
    <Lead CaseKey="2021TR109482AO" ID="ecb63a4e-098f-4abf-b59c-66967b4fb131">
      <InputValue FieldID="1">2021TR109482AO</InputValue>
    </Lead>
    <Lead CaseKey="2021TR109486AO" ID="814bf670-b33b-4a18-a997-2338e9eb5cc6">
      <InputValue FieldID="1">2021TR109486AO</InputValue>
    </Lead>
    <Lead CaseKey="2021TR109520AO" ID="0827fb4e-4c72-4531-a0cc-91d5130d8efc">
      <InputValue FieldID="1">2021TR109520AO</InputValue>
    </Lead>
    <Lead CaseKey="2021TR109536AO" ID="1f2b8f7b-9305-48e5-8583-5d8bce8dc4ad">
      <InputValue FieldID="1">2021TR109536AO</InputValue>
    </Lead>
    <Lead CaseKey="2021TR109563AO" ID="76652555-8b7d-46d4-aa3c-50891e580d90">
      <InputValue FieldID="1">2021TR109563AO</InputValue>
    </Lead>
    <Lead CaseKey="2021TR109577AO" ID="3289edd7-cb0a-41f8-a964-57db3f881ccb">
      <InputValue FieldID="1">2021TR109577AO</InputValue>
    </Lead>
    <Lead CaseKey="2021TR109580AO" ID="141c6855-75ab-4a20-8e0a-e60fcfff8431">
      <InputValue FieldID="1">2021TR109580AO</InputValue>
    </Lead>
    <Lead CaseKey="2021TR109582AO" ID="b3839e14-1ac6-4b41-92d9-f1ea44412db3">
      <InputValue FieldID="1">2021TR109582AO</InputValue>
    </Lead>
    <Lead CaseKey="2021TR109587AO" ID="6db1ea6d-79a4-4542-95f7-47d6c6dbf061">
      <InputValue FieldID="1">2021TR109587AO</InputValue>
    </Lead>
    <Lead CaseKey="2021TR109593AO" ID="afc5745a-786e-46ee-983a-8fa5d482e95a">
      <InputValue FieldID="1">2021TR109593AO</InputValue>
    </Lead>
    <Lead CaseKey="2021TR109599AO" ID="54624805-57ab-440e-9ed1-41663d480c2d">
      <InputValue FieldID="1">2021TR109599AO</InputValue>
    </Lead>
    <Lead CaseKey="2021TR109604AO" ID="f2e1258c-8ce2-4c68-bcae-c60329177fc1">
      <InputValue FieldID="1">2021TR109604AO</InputValue>
    </Lead>
    <Lead CaseKey="2021TR109608AO" ID="f49bead6-40fd-4105-8fd7-a974ad7047bc">
      <InputValue FieldID="1">2021TR109608AO</InputValue>
    </Lead>
    <Lead CaseKey="2021TR109609AO" ID="25af1d1f-f266-4c68-8c1c-468a846f2a56">
      <InputValue FieldID="1">2021TR109609AO</InputValue>
    </Lead>
    <Lead CaseKey="2021TR109612AO" ID="abbe0d2f-3df8-4f7c-8620-8a21854f5086">
      <InputValue FieldID="1">2021TR109612AO</InputValue>
    </Lead>
    <Lead CaseKey="2021TR109613AO" ID="75d4624d-1dc3-4bb1-9572-011c6c37e4bf">
      <InputValue FieldID="1">2021TR109613AO</InputValue>
    </Lead>
    <Lead CaseKey="2021TR109616AO" ID="2008ef2d-5939-4953-a5fe-a0bdf02d53db">
      <InputValue FieldID="1">2021TR109616AO</InputValue>
    </Lead>
    <Lead CaseKey="2021TR109619AO" ID="1631bb60-be12-4ebc-b966-f9203df25ba8">
      <InputValue FieldID="1">2021TR109619AO</InputValue>
    </Lead>
    <Lead CaseKey="2021TR109620AO" ID="e5c092cd-f800-4ad6-8f74-41c1439592a5">
      <InputValue FieldID="1">2021TR109620AO</InputValue>
    </Lead>
    <Lead CaseKey="2021TR109621AO" ID="02420865-ee84-406f-af11-90ace52df590">
      <InputValue FieldID="1">2021TR109621AO</InputValue>
    </Lead>
    <Lead CaseKey="2021TR109652AO" ID="ebfc5de6-ad08-4fed-ba49-99a840e04356">
      <InputValue FieldID="1">2021TR109652AO</InputValue>
    </Lead>
    <Lead CaseKey="2021TR109653AO" ID="f834b191-2a8e-4835-86e5-98fd85438759">
      <InputValue FieldID="1">2021TR109653AO</InputValue>
    </Lead>
    <Lead CaseKey="2021TR109658AO" ID="79156b8e-0caa-479f-bade-fba381839a86">
      <InputValue FieldID="1">2021TR109658AO</InputValue>
    </Lead>
    <Lead CaseKey="2021TR109685AO" ID="b66756e2-7d83-446d-9dff-bc6ad0d624e5">
      <InputValue FieldID="1">2021TR109685AO</InputValue>
    </Lead>
    <Lead CaseKey="2021TR109689AO" ID="be2957c7-c90e-44ac-89f2-d9e7ebcb7b99">
      <InputValue FieldID="1">2021TR109689AO</InputValue>
    </Lead>
    <Lead CaseKey="2021TR109720AO" ID="bf7f99ea-778b-432e-97df-86c5cf0f8d0d">
      <InputValue FieldID="1">2021TR109720AO</InputValue>
    </Lead>
    <Lead CaseKey="2021TR109722AO" ID="7b64d4bf-d59d-4279-a229-8bcb89cbbaf2">
      <InputValue FieldID="1">2021TR109722AO</InputValue>
    </Lead>
    <Lead CaseKey="2021TR109729AO" ID="bd2d75df-8fe6-4b76-b8e7-58f6e28072a1">
      <InputValue FieldID="1">2021TR109729AO</InputValue>
    </Lead>
    <Lead CaseKey="2021TR109730AO" ID="801d8f63-5a5a-4c86-8a73-8a1474cabe29">
      <InputValue FieldID="1">2021TR109730AO</InputValue>
    </Lead>
    <Lead CaseKey="2021TR109731AO" ID="87025c5f-24a3-4499-b39f-27723783cbf5">
      <InputValue FieldID="1">2021TR109731AO</InputValue>
    </Lead>
    <Lead CaseKey="2021TR109734AO" ID="b0a6bc1c-10f5-40df-8dda-c5254e84e80a">
      <InputValue FieldID="1">2021TR109734AO</InputValue>
    </Lead>
    <Lead CaseKey="2021TR109741AO" ID="e66d0a06-dd6c-4b49-afc9-f3c09f856dc7">
      <InputValue FieldID="1">2021TR109741AO</InputValue>
    </Lead>
    <Lead CaseKey="2021TR109742AO" ID="9940a679-062b-4cab-b27c-6ec1e5faf017">
      <InputValue FieldID="1">2021TR109742AO</InputValue>
    </Lead>
    <Lead CaseKey="2021TR109743AO" ID="474e7f12-2b15-4224-b1bf-7f2e00073382">
      <InputValue FieldID="1">2021TR109743AO</InputValue>
    </Lead>
    <Lead CaseKey="2021TR109767AO" ID="85a96860-dbe4-40bd-9852-13d581f22489">
      <InputValue FieldID="1">2021TR109767AO</InputValue>
    </Lead>
    <Lead CaseKey="2021TR109772AO" ID="bb9273ab-2bfe-44de-9e9d-aaf4c0d02790">
      <InputValue FieldID="1">2021TR109772AO</InputValue>
    </Lead>
    <Lead CaseKey="2021TR109784AO" ID="28e50be9-6824-47f1-941b-1d9db2aa0c66">
      <InputValue FieldID="1">2021TR109784AO</InputValue>
    </Lead>
    <Lead CaseKey="2021TR109789AO" ID="97d39c20-9a04-4041-bad1-a4802275f9c5">
      <InputValue FieldID="1">2021TR109789AO</InputValue>
    </Lead>
    <Lead CaseKey="2021TR109790AO" ID="3d1480bd-891f-4953-b77b-0f72553dd842">
      <InputValue FieldID="1">2021TR109790AO</InputValue>
    </Lead>
    <Lead CaseKey="2021TR109797AO" ID="ee7a194e-ccaa-4fcf-b436-52ee90f63059">
      <InputValue FieldID="1">2021TR109797AO</InputValue>
    </Lead>
    <Lead CaseKey="2021TR109802AO" ID="184e4a9a-5ef2-4dd2-8751-ee541fbe40c4">
      <InputValue FieldID="1">2021TR109802AO</InputValue>
    </Lead>
    <Lead CaseKey="2021TR109868AO" ID="e5838291-cb95-4020-b244-e016b8b9a949">
      <InputValue FieldID="1">2021TR109868AO</InputValue>
    </Lead>
    <Lead CaseKey="2021TR109869AO" ID="ac9f3b31-37dd-4fab-acb7-e9ad2176356a">
      <InputValue FieldID="1">2021TR109869AO</InputValue>
    </Lead>
    <Lead CaseKey="2021TR109870AO" ID="da55da3c-e212-472a-a922-d959584ad574">
      <InputValue FieldID="1">2021TR109870AO</InputValue>
    </Lead>
    <Lead CaseKey="2021TR109872AO" ID="fa45121e-1158-4954-b04d-ac74dc68fabc">
      <InputValue FieldID="1">2021TR109872AO</InputValue>
    </Lead>
    <Lead CaseKey="2021TR109925AO" ID="e8b41d82-e4c8-4c80-a356-19f8907c6a20">
      <InputValue FieldID="1">2021TR109925AO</InputValue>
    </Lead>
    <Lead CaseKey="2021TR109930AO" ID="0f9668f4-991f-4734-9b98-d8baf2f851ff">
      <InputValue FieldID="1">2021TR109930AO</InputValue>
    </Lead>
    <Lead CaseKey="2021TR109935AO" ID="c5d41cff-edfb-4129-88a2-f70d6929bc29">
      <InputValue FieldID="1">2021TR109935AO</InputValue>
    </Lead>
    <Lead CaseKey="2021TR109937AO" ID="fa435737-f1ba-49dc-a064-f84081db5b90">
      <InputValue FieldID="1">2021TR109937AO</InputValue>
    </Lead>
    <Lead CaseKey="2021TR109950AO" ID="d721b674-0747-48ef-b91c-bccb41c2d5a1">
      <InputValue FieldID="1">2021TR109950AO</InputValue>
    </Lead>
    <Lead CaseKey="2021TR109963AO" ID="45c9f385-0621-451e-a337-16802b020650">
      <InputValue FieldID="1">2021TR109963AO</InputValue>
    </Lead>
    <Lead CaseKey="2021TR109966AO" ID="89030731-df24-4044-9e42-d1eaa86b9dc1">
      <InputValue FieldID="1">2021TR109966AO</InputValue>
    </Lead>
    <Lead CaseKey="2021TR109985AO" ID="0cf9d56a-169c-496e-ad67-c866106dceea">
      <InputValue FieldID="1">2021TR109985AO</InputValue>
    </Lead>
    <Lead CaseKey="2021TR109992AO" ID="5504da1b-c971-427a-a00e-988c8d2222c3">
      <InputValue FieldID="1">2021TR109992AO</InputValue>
    </Lead>
    <Lead CaseKey="2021TR110001AO" ID="748ed53d-ab82-4877-bd1a-fede029603cf">
      <InputValue FieldID="1">2021TR110001AO</InputValue>
    </Lead>
    <Lead CaseKey="2021TR110006AO" ID="ab7383f6-b4fc-4530-9a93-81f1cd9264a5">
      <InputValue FieldID="1">2021TR110006AO</InputValue>
    </Lead>
    <Lead CaseKey="2021TR110028AO" ID="5099f7f7-188c-44d6-a461-e0367ea388f9">
      <InputValue FieldID="1">2021TR110028AO</InputValue>
    </Lead>
    <Lead CaseKey="2021TR110031AO" ID="da9fe5ec-b287-4fe7-a700-80d27c4999c8">
      <InputValue FieldID="1">2021TR110031AO</InputValue>
    </Lead>
    <Lead CaseKey="2021TR110032AO" ID="eff50a43-a001-4e2e-b72c-487ea7bb42c3">
      <InputValue FieldID="1">2021TR110032AO</InputValue>
    </Lead>
    <Lead CaseKey="2021TR110036AO" ID="0f5b4b47-548a-4663-ad87-67dc698e01d9">
      <InputValue FieldID="1">2021TR110036AO</InputValue>
    </Lead>
    <Lead CaseKey="2021TR110037AO" ID="7049b0e1-1da2-46c6-8673-621b6d884ff5">
      <InputValue FieldID="1">2021TR110037AO</InputValue>
    </Lead>
    <Lead CaseKey="2021TR110041AO" ID="e91c7cfe-9b06-4f3a-ad0c-66993ce8ccad">
      <InputValue FieldID="1">2021TR110041AO</InputValue>
    </Lead>
    <Lead CaseKey="2021TR110046AO" ID="8a98de9b-5aba-44fb-bf36-85d938e9006e">
      <InputValue FieldID="1">2021TR110046AO</InputValue>
    </Lead>
    <Lead CaseKey="2021TR110053AO" ID="f34a1910-b23f-49f8-a789-a2c76cb1cfe1">
      <InputValue FieldID="1">2021TR110053AO</InputValue>
    </Lead>
    <Lead CaseKey="2021TR110064AO" ID="a7c53f9c-7b2e-4e44-9bd6-91d5f5f14627">
      <InputValue FieldID="1">2021TR110064AO</InputValue>
    </Lead>
    <Lead CaseKey="2021TR110071AO" ID="450bd038-6803-49f9-ad4c-1efac698f7d8">
      <InputValue FieldID="1">2021TR110071AO</InputValue>
    </Lead>
    <Lead CaseKey="2021TR110082AO" ID="e35da971-30b1-4269-ae07-d85e20ef8fa3">
      <InputValue FieldID="1">2021TR110082AO</InputValue>
    </Lead>
    <Lead CaseKey="2021TR110083AO" ID="08ca5b84-0c5d-4014-8d6b-83ffb7a29508">
      <InputValue FieldID="1">2021TR110083AO</InputValue>
    </Lead>
    <Lead CaseKey="2021TR110106AO" ID="7de0ccf5-05d6-45fc-9eac-147cec47b876">
      <InputValue FieldID="1">2021TR110106AO</InputValue>
    </Lead>
    <Lead CaseKey="2021TR110107AO" ID="f41b3776-a16a-4f06-91e8-7160efef1093">
      <InputValue FieldID="1">2021TR110107AO</InputValue>
    </Lead>
    <Lead CaseKey="2021TR110129AO" ID="c77f4ccc-6fac-4a27-a3b5-ed1ba1b6b146">
      <InputValue FieldID="1">2021TR110129AO</InputValue>
    </Lead>
    <Lead CaseKey="2021TR110155AO" ID="4ebc5b7e-87bc-4f71-9a41-ed6b1d184733">
      <InputValue FieldID="1">2021TR110155AO</InputValue>
    </Lead>
    <Lead CaseKey="2021TR110164AO" ID="aeb2af6f-96eb-4077-b899-68cb8f74653a">
      <InputValue FieldID="1">2021TR110164AO</InputValue>
    </Lead>
    <Lead CaseKey="2021TR110172AO" ID="63e50065-5bfd-4208-aa3d-100a60e6549b">
      <InputValue FieldID="1">2021TR110172AO</InputValue>
    </Lead>
    <Lead CaseKey="2021TR110178AO" ID="2fe4b54c-331e-45dc-aaf5-ae44cefd1bef">
      <InputValue FieldID="1">2021TR110178AO</InputValue>
    </Lead>
    <Lead CaseKey="2021TR110209AO" ID="87fb70e7-45fd-43ae-aaf9-72b008adef22">
      <InputValue FieldID="1">2021TR110209AO</InputValue>
    </Lead>
    <Lead CaseKey="2021TR110222AO" ID="35388191-b41a-41cf-b9c7-1becbc29d7e7">
      <InputValue FieldID="1">2021TR110222AO</InputValue>
    </Lead>
    <Lead CaseKey="2021TR110241AO" ID="991078b9-57c1-4461-a3ed-793050526041">
      <InputValue FieldID="1">2021TR110241AO</InputValue>
    </Lead>
    <Lead CaseKey="2021TR110248AO" ID="e1aa4581-cc73-4be0-a39e-ce49a2b2638c">
      <InputValue FieldID="1">2021TR110248AO</InputValue>
    </Lead>
    <Lead CaseKey="2021TR110256AO" ID="4d4ceb99-816c-4cda-ba38-f03a2a4b5771">
      <InputValue FieldID="1">2021TR110256AO</InputValue>
    </Lead>
    <Lead CaseKey="2021TR110266AO" ID="2ce0b565-e357-4c12-afb7-fbb07ba01323">
      <InputValue FieldID="1">2021TR110266AO</InputValue>
    </Lead>
    <Lead CaseKey="2021TR110268AO" ID="81a879c8-48d5-402a-aa31-65f7ca0ab3aa">
      <InputValue FieldID="1">2021TR110268AO</InputValue>
    </Lead>
    <Lead CaseKey="2021TR110271AO" ID="91f55679-a32a-4fd2-85aa-b5aa769390b6">
      <InputValue FieldID="1">2021TR110271AO</InputValue>
    </Lead>
    <Lead CaseKey="2021TR110275AO" ID="8d5aeb74-5409-49fb-9914-f0f13494aadf">
      <InputValue FieldID="1">2021TR110275AO</InputValue>
    </Lead>
    <Lead CaseKey="2021TR110282AO" ID="d723b74b-6a6d-47e2-b7de-4139a96dbcb4">
      <InputValue FieldID="1">2021TR110282AO</InputValue>
    </Lead>
    <Lead CaseKey="2021TR110295AO" ID="2a04fb04-d00d-45d7-89e2-5dc8e09ab730">
      <InputValue FieldID="1">2021TR110295AO</InputValue>
    </Lead>
    <Lead CaseKey="2021TR110309AO" ID="31907755-a81d-4ed0-9cd4-2c928576d5e5">
      <InputValue FieldID="1">2021TR110309AO</InputValue>
    </Lead>
    <Lead CaseKey="2021TR110332AO" ID="3f8aaeeb-de92-460a-8843-dd4cba716042">
      <InputValue FieldID="1">2021TR110332AO</InputValue>
    </Lead>
    <Lead CaseKey="2021TR110334AO" ID="0b9f5888-33a2-4d0a-b347-4e07bef8910e">
      <InputValue FieldID="1">2021TR110334AO</InputValue>
    </Lead>
    <Lead CaseKey="2021TR110345AO" ID="2dde5414-5349-4d9c-825b-17d058c27fbd">
      <InputValue FieldID="1">2021TR110345AO</InputValue>
    </Lead>
    <Lead CaseKey="2021TR110350AO" ID="7acb2b73-4930-432f-b58a-96bf77c8cc27">
      <InputValue FieldID="1">2021TR110350AO</InputValue>
    </Lead>
    <Lead CaseKey="2021TR110364AO" ID="ddc503c4-2698-40f5-83cb-d95bf5bbb368">
      <InputValue FieldID="1">2021TR110364AO</InputValue>
    </Lead>
    <Lead CaseKey="2021TR110368AO" ID="019a9655-b160-4223-904a-f4a86e725012">
      <InputValue FieldID="1">2021TR110368AO</InputValue>
    </Lead>
    <Lead CaseKey="2021TR110383AO" ID="9ed66bc4-e551-423a-88b8-3cb1052e1e2c">
      <InputValue FieldID="1">2021TR110383AO</InputValue>
    </Lead>
    <Lead CaseKey="2021TR110384AO" ID="490800d8-9f0c-48b9-a638-0f004c8ba85a">
      <InputValue FieldID="1">2021TR110384AO</InputValue>
    </Lead>
    <Lead CaseKey="2021TR110385AO" ID="be71e2d0-fc12-4d17-8b60-fc0bd7f53d5e">
      <InputValue FieldID="1">2021TR110385AO</InputValue>
    </Lead>
    <Lead CaseKey="2021TR110392AO" ID="d7a2c5c0-1403-4df2-b796-1070af9bc6f1">
      <InputValue FieldID="1">2021TR110392AO</InputValue>
    </Lead>
    <Lead CaseKey="2021TR110403AO" ID="2c5f00c0-5726-46de-8f72-71db08f28b7f">
      <InputValue FieldID="1">2021TR110403AO</InputValue>
    </Lead>
    <Lead CaseKey="2021TR110405AO" ID="ae6c7096-b0da-4412-8fc2-f1846808a01d">
      <InputValue FieldID="1">2021TR110405AO</InputValue>
    </Lead>
    <Lead CaseKey="2021TR110409AO" ID="86e249d2-9b69-4a42-9c3d-313403268301">
      <InputValue FieldID="1">2021TR110409AO</InputValue>
    </Lead>
    <Lead CaseKey="2021TR110410AO" ID="52131188-c6de-4b75-90d8-ca3a1f7652fd">
      <InputValue FieldID="1">2021TR110410AO</InputValue>
    </Lead>
    <Lead CaseKey="2021TR110413AO" ID="5b171401-01f8-4b44-b745-ef6d1dbd4862">
      <InputValue FieldID="1">2021TR110413AO</InputValue>
    </Lead>
    <Lead CaseKey="2021TR110420AO" ID="e5163e3c-e419-4424-bb55-93ee590db542">
      <InputValue FieldID="1">2021TR110420AO</InputValue>
    </Lead>
    <Lead CaseKey="2021TR110421AO" ID="39836477-be2c-4b41-8541-2c3ff92cc3c3">
      <InputValue FieldID="1">2021TR110421AO</InputValue>
    </Lead>
    <Lead CaseKey="2021TR110422AO" ID="e6fd6768-84c9-4830-b695-918a0a6099d1">
      <InputValue FieldID="1">2021TR110422AO</InputValue>
    </Lead>
    <Lead CaseKey="2021TR110423AO" ID="a8bab22f-0e05-4d61-859c-7d456514ec24">
      <InputValue FieldID="1">2021TR110423AO</InputValue>
    </Lead>
    <Lead CaseKey="2021TR110435AO" ID="19a19427-10b1-4dae-97cc-a53a60378697">
      <InputValue FieldID="1">2021TR110435AO</InputValue>
    </Lead>
    <Lead CaseKey="2021TR110444AO" ID="ec7e850a-237c-405c-9cea-2943af389bf4">
      <InputValue FieldID="1">2021TR110444AO</InputValue>
    </Lead>
    <Lead CaseKey="2021TR110448AO" ID="fb05ebfd-5960-4767-b9e8-ff3aa4e04739">
      <InputValue FieldID="1">2021TR110448AO</InputValue>
    </Lead>
    <Lead CaseKey="2021TR110450AO" ID="f4eafbde-f7e6-4da1-a310-9b5c29e06798">
      <InputValue FieldID="1">2021TR110450AO</InputValue>
    </Lead>
    <Lead CaseKey="2021TR110453AO" ID="d1ff5445-f6cb-4431-818e-ffc0e45da688">
      <InputValue FieldID="1">2021TR110453AO</InputValue>
    </Lead>
    <Lead CaseKey="2021TR110458AO" ID="512936bc-93dc-42bf-bd63-ed2464c27f6f">
      <InputValue FieldID="1">2021TR110458AO</InputValue>
    </Lead>
    <Lead CaseKey="2021TR110482AO" ID="348c269b-3c56-4c78-b7ce-a12a9f6a9a98">
      <InputValue FieldID="1">2021TR110482AO</InputValue>
    </Lead>
    <Lead CaseKey="2021TR110499AO" ID="79f0505b-3561-424b-b423-2d297fb4f2da">
      <InputValue FieldID="1">2021TR110499AO</InputValue>
    </Lead>
    <Lead CaseKey="2021TR110534AO" ID="14e40f4f-692a-4038-959c-76b811a2f6e9">
      <InputValue FieldID="1">2021TR110534AO</InputValue>
    </Lead>
    <Lead CaseKey="2021TR110540AO" ID="7ecd1d34-8efb-408a-b23e-32d2404419a5">
      <InputValue FieldID="1">2021TR110540AO</InputValue>
    </Lead>
    <Lead CaseKey="2021TR110550AO" ID="ed079895-a881-466b-9f7b-d9292e4b16be">
      <InputValue FieldID="1">2021TR110550AO</InputValue>
    </Lead>
    <Lead CaseKey="2021TR110558AO" ID="6d7fd1bc-6dc3-45c1-9037-cb5b6a4ede53">
      <InputValue FieldID="1">2021TR110558AO</InputValue>
    </Lead>
    <Lead CaseKey="2021TR110563AO" ID="3e228f91-86fb-4b8f-a1e3-448f6dc32c20">
      <InputValue FieldID="1">2021TR110563AO</InputValue>
    </Lead>
    <Lead CaseKey="2021TR110580AO" ID="bedaa076-aeca-40b0-b54c-78d721cf56ce">
      <InputValue FieldID="1">2021TR110580AO</InputValue>
    </Lead>
    <Lead CaseKey="2021TR110601AO" ID="feed2713-f2a2-4d39-bfa3-57c36074992f">
      <InputValue FieldID="1">2021TR110601AO</InputValue>
    </Lead>
    <Lead CaseKey="2021TR110616AO" ID="0149e4e5-70ab-40d2-ac1a-ec4208b138d5">
      <InputValue FieldID="1">2021TR110616AO</InputValue>
    </Lead>
    <Lead CaseKey="2021TR110629AO" ID="7b32b377-e0fe-498b-acb6-b6249eea8976">
      <InputValue FieldID="1">2021TR110629AO</InputValue>
    </Lead>
    <Lead CaseKey="2021TR110639AO" ID="bf9b75f2-4c03-4b9b-9b0e-343a47e3964f">
      <InputValue FieldID="1">2021TR110639AO</InputValue>
    </Lead>
    <Lead CaseKey="2021TR110646AO" ID="c01d5b66-9b2d-41b1-a91f-c8fd2e60d494">
      <InputValue FieldID="1">2021TR110646AO</InputValue>
    </Lead>
    <Lead CaseKey="2021TR110652AO" ID="50624611-af3e-4eea-94fe-5843ead58beb">
      <InputValue FieldID="1">2021TR110652AO</InputValue>
    </Lead>
    <Lead CaseKey="2021TR110654AO" ID="eb9b9667-5f01-4fb7-bcc8-59c68842c8e5">
      <InputValue FieldID="1">2021TR110654AO</InputValue>
    </Lead>
    <Lead CaseKey="2021TR110655AO" ID="95ae9a00-49b1-49e6-9bdb-5fca3de03169">
      <InputValue FieldID="1">2021TR110655AO</InputValue>
    </Lead>
    <Lead CaseKey="2021TR110658AO" ID="14559dfc-a1a6-4f2f-be88-c1f5bd8c5178">
      <InputValue FieldID="1">2021TR110658AO</InputValue>
    </Lead>
    <Lead CaseKey="2021TR110663AO" ID="016ab94d-d84a-4e16-b546-d32c11e239f7">
      <InputValue FieldID="1">2021TR110663AO</InputValue>
    </Lead>
    <Lead CaseKey="2021TR110666AO" ID="05765aae-5cfb-4e56-95ba-8371c0a40a3d">
      <InputValue FieldID="1">2021TR110666AO</InputValue>
    </Lead>
    <Lead CaseKey="2021TR110671AO" ID="1e09fedf-613a-4c44-8871-8c79ad5497f4">
      <InputValue FieldID="1">2021TR110671AO</InputValue>
    </Lead>
    <Lead CaseKey="2021TR110677AO" ID="1a10357f-b9ad-4f06-bd29-23fc333d6152">
      <InputValue FieldID="1">2021TR110677AO</InputValue>
    </Lead>
    <Lead CaseKey="2021TR110689AO" ID="ec29ba2b-f5bb-4c6b-8e9e-04a6b2d777a1">
      <InputValue FieldID="1">2021TR110689AO</InputValue>
    </Lead>
    <Lead CaseKey="2021TR110691AO" ID="ad13d5ac-562b-41e6-8313-6912f55f2b28">
      <InputValue FieldID="1">2021TR110691AO</InputValue>
    </Lead>
    <Lead CaseKey="2021TR110700AO" ID="4eea9aaa-b942-440d-af43-c294707a37ab">
      <InputValue FieldID="1">2021TR110700AO</InputValue>
    </Lead>
    <Lead CaseKey="2021TR110716AO" ID="f91d4639-4bd5-4efa-84dc-e42f97647de4">
      <InputValue FieldID="1">2021TR110716AO</InputValue>
    </Lead>
    <Lead CaseKey="2021TR110721AO" ID="cad9d748-1f99-49a6-9ee9-10e2a1abb914">
      <InputValue FieldID="1">2021TR110721AO</InputValue>
    </Lead>
    <Lead CaseKey="2021TR110726AO" ID="aa3d5e15-5fe1-4023-ae0b-fbe6550ec99b">
      <InputValue FieldID="1">2021TR110726AO</InputValue>
    </Lead>
    <Lead CaseKey="2021TR110728AO" ID="1a60faf8-3489-4782-9c36-fa00c0b6bf03">
      <InputValue FieldID="1">2021TR110728AO</InputValue>
    </Lead>
    <Lead CaseKey="2021TR110730AO" ID="69639e60-9d23-40da-8e8d-c28aff3efdb2">
      <InputValue FieldID="1">2021TR110730AO</InputValue>
    </Lead>
    <Lead CaseKey="2021TR110743AO" ID="4b06c3a9-b836-46db-b59d-28536a6970bf">
      <InputValue FieldID="1">2021TR110743AO</InputValue>
    </Lead>
    <Lead CaseKey="2021TR110745AO" ID="6fa1614e-d00e-4520-a29b-deaeef658ebc">
      <InputValue FieldID="1">2021TR110745AO</InputValue>
    </Lead>
    <Lead CaseKey="2021TR110747AO" ID="2eaf1e90-4e64-46b8-b72d-8d94f31d96b8">
      <InputValue FieldID="1">2021TR110747AO</InputValue>
    </Lead>
    <Lead CaseKey="2021TR110752AO" ID="0e20e366-45ac-425d-b99d-07b827804e3f">
      <InputValue FieldID="1">2021TR110752AO</InputValue>
    </Lead>
    <Lead CaseKey="2021TR110753AO" ID="ce3de3a4-410d-484a-ba9f-b995e0cdd4c7">
      <InputValue FieldID="1">2021TR110753AO</InputValue>
    </Lead>
    <Lead CaseKey="2021TR110762AO" ID="a0dcdd83-5f87-4f4a-afd2-0b7927525bd0">
      <InputValue FieldID="1">2021TR110762AO</InputValue>
    </Lead>
    <Lead CaseKey="2021TR110772AO" ID="4e198888-b8ab-4a23-9b3e-68efcdf9a029">
      <InputValue FieldID="1">2021TR110772AO</InputValue>
    </Lead>
    <Lead CaseKey="2021TR110774AO" ID="bbaaf42a-650e-4538-a62f-c7ca61e87f02">
      <InputValue FieldID="1">2021TR110774AO</InputValue>
    </Lead>
    <Lead CaseKey="2021TR110800AO" ID="e21cedfc-ecf0-4fec-9ebf-e0f31e46b576">
      <InputValue FieldID="1">2021TR110800AO</InputValue>
    </Lead>
    <Lead CaseKey="2021TR110814AO" ID="f89ab5f1-43cc-41b3-9f9e-f592e2ca3984">
      <InputValue FieldID="1">2021TR110814AO</InputValue>
    </Lead>
    <Lead CaseKey="2021TR110832AO" ID="38c074a3-0db6-4a3e-afe8-8c8d2d2436c6">
      <InputValue FieldID="1">2021TR110832AO</InputValue>
    </Lead>
    <Lead CaseKey="2021TR110834AO" ID="a0f4c8b6-6ea3-496d-b909-79d07b740198">
      <InputValue FieldID="1">2021TR110834AO</InputValue>
    </Lead>
    <Lead CaseKey="2021TR110851AO" ID="ae4e71f1-b6a6-42e9-8701-bfc8ec0bbf0d">
      <InputValue FieldID="1">2021TR110851AO</InputValue>
    </Lead>
    <Lead CaseKey="2021TR110857AO" ID="b53a2636-cc38-47bc-a847-f0a31bdcc04f">
      <InputValue FieldID="1">2021TR110857AO</InputValue>
    </Lead>
    <Lead CaseKey="2021TR110864AO" ID="98a91a24-907c-42ae-9d7a-5aa671c3ca8d">
      <InputValue FieldID="1">2021TR110864AO</InputValue>
    </Lead>
    <Lead CaseKey="2021TR110874AO" ID="ed652531-dae3-450d-bb96-67b2e71ba608">
      <InputValue FieldID="1">2021TR110874AO</InputValue>
    </Lead>
    <Lead CaseKey="2021TR110902AO" ID="ab00da5f-ca4c-4bc8-8f3f-c49872c27e92">
      <InputValue FieldID="1">2021TR110902AO</InputValue>
    </Lead>
    <Lead CaseKey="2021TR110923AO" ID="83560e20-0c87-44f2-a0b0-25cebec9eb50">
      <InputValue FieldID="1">2021TR110923AO</InputValue>
    </Lead>
    <Lead CaseKey="2021TR110935AO" ID="356c8131-07b1-4e71-8b10-9567ec56e10f">
      <InputValue FieldID="1">2021TR110935AO</InputValue>
    </Lead>
    <Lead CaseKey="2021TR110947AO" ID="a582a855-9781-415d-a20f-9e045a9ecd16">
      <InputValue FieldID="1">2021TR110947AO</InputValue>
    </Lead>
    <Lead CaseKey="2021TR110954AO" ID="ee4a5c0a-3300-40a4-9070-7b7e822b11f1">
      <InputValue FieldID="1">2021TR110954AO</InputValue>
    </Lead>
    <Lead CaseKey="2021TR110969AO" ID="d8de3186-4bba-4ad7-8d52-e1a870064a00">
      <InputValue FieldID="1">2021TR110969AO</InputValue>
    </Lead>
    <Lead CaseKey="2021TR110976AO" ID="fde1a297-87da-4c2c-84da-ad264016d6cc">
      <InputValue FieldID="1">2021TR110976AO</InputValue>
    </Lead>
    <Lead CaseKey="2021TR110988AO" ID="327f41ed-ed51-42ba-b58b-786bb4f4d5da">
      <InputValue FieldID="1">2021TR110988AO</InputValue>
    </Lead>
    <Lead CaseKey="2021TR110996AO" ID="6308b104-22f5-4c91-ab4c-ebddd016ffb8">
      <InputValue FieldID="1">2021TR110996AO</InputValue>
    </Lead>
    <Lead CaseKey="2021TR111008AO" ID="b5ca3e7a-babd-4c30-8e4b-0fe8761afb0e">
      <InputValue FieldID="1">2021TR111008AO</InputValue>
    </Lead>
    <Lead CaseKey="2021TR111017AO" ID="7b97d143-d1bb-4959-acc0-400226a2392e">
      <InputValue FieldID="1">2021TR111017AO</InputValue>
    </Lead>
    <Lead CaseKey="2021TR111026AO" ID="bc872bc2-736a-4c13-babf-9a5a48b84812">
      <InputValue FieldID="1">2021TR111026AO</InputValue>
    </Lead>
    <Lead CaseKey="2021TR111031AO" ID="a8aa48b4-1492-4fe8-8c13-3edf070937e2">
      <InputValue FieldID="1">2021TR111031AO</InputValue>
    </Lead>
    <Lead CaseKey="2021TR111037AO" ID="c9e0e0a2-4428-4edc-8622-68b811e806dc">
      <InputValue FieldID="1">2021TR111037AO</InputValue>
    </Lead>
    <Lead CaseKey="2021TR111039AO" ID="87366454-467d-4559-8c7a-ffa1274b160d">
      <InputValue FieldID="1">2021TR111039AO</InputValue>
    </Lead>
    <Lead CaseKey="2021TR111044AO" ID="c5ce2323-bd51-40de-81e6-acec5d83492c">
      <InputValue FieldID="1">2021TR111044AO</InputValue>
    </Lead>
    <Lead CaseKey="2021TR111067AO" ID="355f1b54-9acc-40ed-8c5b-38f8c16531a1">
      <InputValue FieldID="1">2021TR111067AO</InputValue>
    </Lead>
    <Lead CaseKey="2021TR111080AO" ID="1a01a1ce-99fb-4d6c-a573-a9fa38358bce">
      <InputValue FieldID="1">2021TR111080AO</InputValue>
    </Lead>
    <Lead CaseKey="2021TR111082AO" ID="aa8a5d14-764f-40bb-897e-fbc78ab51ee3">
      <InputValue FieldID="1">2021TR111082AO</InputValue>
    </Lead>
    <Lead CaseKey="2021TR111089AO" ID="d2ece527-51ee-4a25-b0ca-1c0697194b95">
      <InputValue FieldID="1">2021TR111089AO</InputValue>
    </Lead>
    <Lead CaseKey="2021TR111094AO" ID="c8d5d1fd-87e0-4bdd-8c67-d7e2e84db5e0">
      <InputValue FieldID="1">2021TR111094AO</InputValue>
    </Lead>
    <Lead CaseKey="2021TR111099AO" ID="7fb0a0ae-3c2f-47ff-9f14-623a30c610b2">
      <InputValue FieldID="1">2021TR111099AO</InputValue>
    </Lead>
    <Lead CaseKey="2021TR111100AO" ID="f5e325b4-8dfd-4b33-af36-8a513c7ed147">
      <InputValue FieldID="1">2021TR111100AO</InputValue>
    </Lead>
    <Lead CaseKey="2021TR111103AO" ID="9ae65997-a587-4e59-82d8-ab82f524747d">
      <InputValue FieldID="1">2021TR111103AO</InputValue>
    </Lead>
    <Lead CaseKey="2021TR111113AO" ID="a8ef81fe-2256-490d-87bd-9a493fc78ef3">
      <InputValue FieldID="1">2021TR111113AO</InputValue>
    </Lead>
    <Lead CaseKey="2021TR111115AO" ID="0f22196a-f1ac-402f-a221-6dc831ce3f2d">
      <InputValue FieldID="1">2021TR111115AO</InputValue>
    </Lead>
    <Lead CaseKey="2021TR111118AO" ID="3acfae81-bbd0-4ad1-96a6-7cab3adfc1c0">
      <InputValue FieldID="1">2021TR111118AO</InputValue>
    </Lead>
    <Lead CaseKey="2021TR111120AO" ID="1cc07acc-ecc1-42fc-a1a6-725a9342400c">
      <InputValue FieldID="1">2021TR111120AO</InputValue>
    </Lead>
    <Lead CaseKey="2021TR111145AO" ID="38e6d9f4-f58f-49bf-a4ce-7005c85bf62d">
      <InputValue FieldID="1">2021TR111145AO</InputValue>
    </Lead>
    <Lead CaseKey="2021TR111219AO" ID="02ddf80b-0f0f-4fbc-98a3-f622ec09ac53">
      <InputValue FieldID="1">2021TR111219AO</InputValue>
    </Lead>
    <Lead CaseKey="2021TR111228AO" ID="c173921e-d573-4eef-bea4-0408407a4524">
      <InputValue FieldID="1">2021TR111228AO</InputValue>
    </Lead>
    <Lead CaseKey="2021TR111233AO" ID="16043f95-6b08-437d-827f-f2028cc56b34">
      <InputValue FieldID="1">2021TR111233AO</InputValue>
    </Lead>
    <Lead CaseKey="2021TR111234AO" ID="96a72aa5-4b8a-4153-ad2f-0f484f1e52f9">
      <InputValue FieldID="1">2021TR111234AO</InputValue>
    </Lead>
    <Lead CaseKey="2021TR111245AO" ID="edf71ea0-3c5a-4794-ab4c-687daee30b39">
      <InputValue FieldID="1">2021TR111245AO</InputValue>
    </Lead>
    <Lead CaseKey="2021TR111272AO" ID="4417720c-86a8-4d94-a529-d480f261ef44">
      <InputValue FieldID="1">2021TR111272AO</InputValue>
    </Lead>
    <Lead CaseKey="2021TR111274AO" ID="dbecdb2e-fe66-4943-bf3f-784ebd2ba3e9">
      <InputValue FieldID="1">2021TR111274AO</InputValue>
    </Lead>
    <Lead CaseKey="2021TR111281AO" ID="8b74db6c-a0a7-4155-a5c1-dd70cece8e9f">
      <InputValue FieldID="1">2021TR111281AO</InputValue>
    </Lead>
    <Lead CaseKey="2021TR111295AO" ID="29c26489-31f9-42f4-984e-29d577b88fd2">
      <InputValue FieldID="1">2021TR111295AO</InputValue>
    </Lead>
    <Lead CaseKey="2021TR111317AO" ID="c52e457b-69c0-4ef1-ad3e-528879b203c6">
      <InputValue FieldID="1">2021TR111317AO</InputValue>
    </Lead>
    <Lead CaseKey="2021TR111328AO" ID="a7b5ded5-235d-4ea1-8bb3-61fa19630f68">
      <InputValue FieldID="1">2021TR111328AO</InputValue>
    </Lead>
    <Lead CaseKey="2021TR111329AO" ID="c1d7a38a-46a1-400b-b809-7a5819073fa8">
      <InputValue FieldID="1">2021TR111329AO</InputValue>
    </Lead>
    <Lead CaseKey="2021TR111330AO" ID="2b1e0dd3-0420-485d-bde5-b10b44dc5399">
      <InputValue FieldID="1">2021TR111330AO</InputValue>
    </Lead>
    <Lead CaseKey="2021TR111335AO" ID="4a969446-c466-415d-acb3-d72bc28bf3d6">
      <InputValue FieldID="1">2021TR111335AO</InputValue>
    </Lead>
    <Lead CaseKey="2021TR111366AO" ID="0f2f1a73-2eb4-489a-8db2-f1cbd6508a68">
      <InputValue FieldID="1">2021TR111366AO</InputValue>
    </Lead>
    <Lead CaseKey="2021TR111367AO" ID="008e3cb0-4e56-4137-a366-4652ab6064a3">
      <InputValue FieldID="1">2021TR111367AO</InputValue>
    </Lead>
    <Lead CaseKey="2021TR111368AO" ID="80c67fc9-2313-4b28-959c-7a98a4deffa0">
      <InputValue FieldID="1">2021TR111368AO</InputValue>
    </Lead>
    <Lead CaseKey="2021TR111374AO" ID="c50a4fae-534e-44ed-bc5d-0404f9b3c007">
      <InputValue FieldID="1">2021TR111374AO</InputValue>
    </Lead>
  </LeadList>
</Root>