<?xml version="1.0" encoding="ISO-8859-1"?>
<COURTCASE>
<lndocmeta:docinfo>
<lndocmeta:lnlni lnlni=""/>
<lndocmeta:lnminrev lnminrev="00000"/>
<lndocmeta:smi lnsmi="9692"/>
<lndocmeta:dpsi lndpsi="07ZY"/>
<lndocmeta:lnsourcedocid lnsourcedocid=""/>
<lndocmeta:lndoctype lndoctypename="COURTCASE"/>
<lndocmeta:lndoctypeversion lndoctypeversionmajor="06" lndoctypeversionminor="000"/>
<lndocmeta:lndoctypelang lndoctypelang="EN"/>
<lndocmeta:lnfilenum lnfilenum="003"/>
<lndocmeta:fabinfo>
<lndocmeta:fabinfoitem name="B4DBNO" value="1HDQ"/></lndocmeta:fabinfo>
</lndocmeta:docinfo>
<lnv:FULL-NAME>
<lnvxe:fullcasename>DENNIS GREEN, Plaintiff, v. PED FED CREDIT UNION; CHRISTOPHER J. MARTIN, Senior Vice President&#x2D;Pen Fed; BRIAN CASSIN, CEO&#x2D;Pen Fed; NATIONWIDE CREDIT CORP.; EXPERIAN; ROBERT SAPP, Manager&#x2D;Pen Fed; and JAMES SCHENCK, CEO&#x2D;Pen Fed 2023, Defendants.</lnvxe:fullcasename>
</lnv:FULL-NAME>
<lnv:NUMBER>
<lnvxe:docketnumber pacernum="4:24cv117">CV 424-117</lnvxe:docketnumber>
</lnv:NUMBER>
<lnv:COURT>UNITED STATES DISTRICT COURT FOR THE SOUTHERN DISTRICT OF GEORGIA, SAVANNAH DIVISION</lnv:COURT>
<lnv:DECIDEDDATE>
<lnvxe:date>June 14, 2024</lnvxe:date>, Decided
</lnv:DECIDEDDATE>
<lnv:FILEDDATE>
<lnvxe:date>June 14, 2024</lnvxe:date>, Filed
</lnv:FILEDDATE>
<lnv:COUNSEL>
<lnvxe:counsel>Dennis Green, Plaintiff, Pro se, Savannah, GA.</lnvxe:counsel>
</lnv:COUNSEL>
<lnv:JUDGES>
<lnvxe:judges>BRIAN K. ERPS, UNITED STATES MAGISTRATE JUDGE.</lnvxe:judges>
</lnv:JUDGES>
<lnv:OPINIONBY>BRIAN K. ERPS</lnv:OPINIONBY>
<lnv:OPINION>
<lnvxe:h><emph typestyle="bf">MAGISTRATE JUDGE'S REPORT AND RECOMMENDATION</emph></lnvxe:h>
<p i="3"><lnvxe:text>Plaintiff commenced the above&#x2D;captioned case <emph typestyle="it">pro se</emph> and is proceeding <emph typestyle="it">in forma pauperis</emph> ("IFP"). Because he is proceeding IFP, Plaintiff's complaint must be screened to protect potential Defendants. <emph typestyle="un">Phillips v. Mashburn</emph>, 746 F.2d 782, 785 (11th Cir. 1984).</lnvxe:text></p>
<p i="3"><lnvxe:text>Pleadings drafted by <emph typestyle="it">pro se</emph> litigants must be liberally construed. <emph typestyle="un">Haines v. Kerner</emph>, 404 U.S. 519, 520&#x2D;21 (1972). The complaint or any portion thereof may be dismissed if it is frivolous, malicious, or fails to state a claim upon which relief may be granted, or if it seeks monetary relief from a defendant who is immune to such relief. <emph typestyle="un">See</emph> 28 U.S.C. &#x00A7; 1915(e)(2)(B). A claim is frivolous if it "lacks an arguable basis either in law or in fact." <emph typestyle="un">Neitzke v. Williams</emph>, 490 U.S. 319, 327 (1989). "Failure to state a claim under &#x00A7; 1915(e)(2)(B)(ii) is governed by the same standard as dismissal for failure to state a claim under Fed. R. Civ. P. 12(b)(6)." <emph typestyle="un">Wilkerson v. H &#x0026; S, Inc.</emph>, 366 F. App'x 49, 51 (11th Cir. 2010) (<emph typestyle="it">per curiam</emph>) (citing <emph typestyle="un">Mitchell v. Farcass</emph>, 112 F.3d 1483, 1490 (11th Cir. 1997)).</lnvxe:text></p>
<p i="3"><lnvxe:text>To avoid dismissal for failure to state a claim upon which relief can be granted, the allegations in the complaint must "state a claim for relief that is plausible on its face." <emph typestyle="un">Bell Atl. Corp. v. Twombly</emph>, 550 U.S. 544, 570 (2007). "A claim has facial plausibility when the plaintiff pleads factual content that allows the court to draw the reasonable inference that the defendant is liable for the misconduct alleged." <emph typestyle="un">Ashcroft v. Iqbal</emph>, 556 U.S. 662, 678 (2009). That is, "[f]actual allegations must be enough to raise a right to relief above the speculative level." Twombly, 550 U.S. at 555. While Rule 8(a) of the Federal Rules of Civil Procedure does not require detailed factual allegations, "it demands more than an unadorned, the defendant unlawfully&#x2D;harmed&#x2D;me accusation." <emph typestyle="un">Iqbal</emph>, 556 U.S. at 678. A complaint is insufficient if it "offers 'labels and conclusions' or 'a formulaic recitation of the elements of a cause of action,'" or if it "tenders 'naked assertions' devoid of 'further factual enhancement.'" <emph typestyle="un"><emph typestyle="un">Id.</emph></emph> (quoting <emph typestyle="un">Twombly</emph>, 550 U.S. at 555, 557). In short, the complaint must provide a "'plain statement' possess[ing] enough heft to 'sho[w] that the pleader is entitled to relief.'" Twombly, 550 U.S. at 557 (quoting Fed. R. Civ. P. 8(a)(2)).</lnvxe:text></p>
<p i="3"><lnvxe:text>Finally, the court affords a liberal construction to a <emph typestyle="it">pro se</emph> litigant's pleadings, holding them to a more lenient standard than those drafted by an attorney. <emph typestyle="un">Haines v. Kerner</emph>, 404 U.S. 519, 520 (1972) (<emph typestyle="it">per curiam</emph>); <emph typestyle="un">Erickson v. Pardus</emph>, 551 U.S. 89, 94 (2007) (<emph typestyle="it">per curiam</emph>). However, this liberal construction does not mean that the court has a duty to re&#x2D;write the complaint. <emph typestyle="un">Snow v. DirecTV, Inc.</emph>, 450 F.3d 1314, 1320 (11th Cir. 2006).</lnvxe:text></p>
<p i="3"><lnvxe:text>Plaintiff alleges he received a loan from Defendant PenFed Credit Union ("PenFed"), which PenFed then sold to Defendant Nationwide Credit Corporation ("Nationwide"). (<emph typestyle="un">See</emph> doc. no. 1.) Plaintiff is upset one or both of these companies shared negative credit information concerning the loan status with credit reporting agencies such as Defendant Experian. (<emph typestyle="un">Id.</emph> at 5, 7.) Plaintiff does not allege the loan status information is incorrect. (<emph typestyle="un">See generally id.</emph>) Instead, he alleges PenFed had no right to sell his loan to Nationwide, the sale is unfair to him because PenFed disbursed the original loan proceeds and Nationwide never paid him anything, and the sharing of negative credit information with credit agencies constitutes a violation of his privacy rights. (<emph typestyle="un">Id.</emph>) Plaintiff asserts claims for violation of the Privacy Act, misrepresentation of a contract, copyright infringement, and identity theft. (<emph typestyle="un">Id.</emph>)</lnvxe:text></p>
<p i="3"><lnvxe:text>Plaintiff's complaint is premised on fundamental misunderstandings of concepts that are central to the United States banking system. Banks sell loans and assign rights of payment and collection. When a borrower fails to pay, banks share this negative credit information with credit reporting agencies. The borrower's credit score decreases as a result, and this can have a devastating impact on the borrower's finances. Because Plaintiff alleges nothing aside from the normal operations of the banking system, his complaint fails to state any claim against any Defendant.</lnvxe:text></p>
<p i="3"><lnvxe:text>For the reasons set forth above, the Court <emph typestyle="bf">REPORTS</emph> and <emph typestyle="bf">RECOMMENDS</emph> this case be <emph typestyle="bf">DISMISSED</emph> for failure to state a claim upon which relief may be granted and this civil action be <emph typestyle="bf">CLOSED</emph>.</lnvxe:text></p>
<p i="3"><lnvxe:text>SO REPORTED AND RECOMMENDED this 14th day of June, 2024, at Augusta, Georgia.</lnvxe:text></p>
<p i="3"><lnvxe:text>BRIAN K. ERPS</lnvxe:text></p>
<p i="3"><lnvxe:text>UNITED STATES MAGISTRATE JUDGE</lnvxe:text></p>
<p i="3"><lnvxe:text>SOUTHERN DISTRICT OF GEORGIA</lnvxe:text></p>
</lnv:OPINION>
<lnv:SYS-AUDIT-TRAIL></lnv:SYS-AUDIT-TRAIL>
</COURTCASE>