<?xml version="1.0" encoding="UTF-8"?>
<icce_manifest fab_bundle_id="PR2024070923251700834" content_provider_id="gadisd" content_provider_scheme="ELDM_COLL_RESOLVED" content_target_type="mcs">
<metadata>
</metadata>
<item id="LDC_RR_424cv00117-4_PCW.pdf" selector="" action="add" version="00" guid="6CFH-FCF3-RWNS-M068-00000-00" overrideConversionId="">
<file type="source" name="LDC_RR_424cv00117-4_PCW.pdf" md5sum="8091c5974163a504e5e985f99d87b09e" />
<file type="source" name="counsel_424-cv-00117-JRH-BKE.htm" md5sum="5cb4361c81a76415ca62353d73631706" />
<metadata>
<pair key="CLINV_estKeyCharCount" value="6249"/>
<pair key="CLINV_receivedDateTime" value="20240709_232416"/>
<pair key="INV_keyTargetFormat" value="CCV6"/>
<pair key="CLINV_courtName" value="UNITED STATES DISTRICT COURT FOR THE SOUTHERN DISTRICT OF GEORGIA"/>
<pair key="CLINV_judge" value="ANTHONY A. ALAIMO (SJ)"/>
<pair key="CLINV_inventoryStore" value="DM"/>
<pair key="CLINV_sourceDetail" value="RR"/>
<pair key="CLINV_code" value="FDGADISD"/>
<pair key="CLINV_docket" value="4:24-CV-00117-JRH-BKE"/>
<pair key="CLINV_autoConvert" value="UNDEFINED"/>
<pair key="CLINV_sourceType" value="P"/>
<pair key="MNCR_rci" value="1000200082"/>
<pair key="CLINV_fastFlow" value="UNDEFINED"/>
<pair key="CLINV_isTribalCourt" value="false"/>
<pair key="DSAR_CATALOG_NUMBER" value="14483385"/>
<pair key="CLINV_decisionDate" value="06-14-2024"/>
<pair key="CLINV_fileSize" value="137275"/>
<pair key="CLINV_fullCaseName" value="DENNIS GREEN, Plaintiff, v. PED FED CREDIT UNION; CHRISTOPHER J. MARTIN, Senior Vice President-Pen Fed; BRIAN CASSIN, CEO-Pen Fed; NATIONWIDE CREDIT CORP.; EXPERIAN; ROBERT SAPP, Manager-Pen Fed; and JAMES SCHENCK, CEO-Pen Fed 2023, Defendants."/>
<pair key="CLINV_isTrialCourt" value="false"/>
<pair key="CLINV_isLegacyCourt" value="false"/>
<pair key="CLINV_TAT" value="10"/>
<pair key="CLINV_fileDate" value="06-14-2024"/>
</metadata>
</item>
</icce_manifest>
