<?xml version="1.0" encoding="ISO-8859-1"?>
<COURTCASE>
<lndocmeta:docinfo>
<lndocmeta:lnlni lnlni=""/>
<lndocmeta:lnminrev lnminrev="00000"/>
<lndocmeta:smi lnsmi="968b"/>
<lndocmeta:dpsi lndpsi="07ZR"/>
<lndocmeta:lnsourcedocid lnsourcedocid=""/>
<lndocmeta:lndoctype lndoctypename="COURTCASE"/>
<lndocmeta:lndoctypeversion lndoctypeversionmajor="06" lndoctypeversionminor="000"/>
<lndocmeta:lndoctypelang lndoctypelang="EN"/>
<lndocmeta:lnfilenum lnfilenum="003"/>
<lndocmeta:fabinfo>
<lndocmeta:fabinfoitem name="B4DBNO" value="1HDQ"/></lndocmeta:fabinfo>
</lndocmeta:docinfo>
<lnv:FULL-NAME>
<lnvxe:fullcasename>Moises Villalobos v. Roma Leaf LLC et al</lnvxe:fullcasename>
</lnv:FULL-NAME>
<lnv:NUMBER>
<lnvxe:docketnumber pacernum="2:24cv5127">2:24-cv-05127-HDV-JPR</lnvxe:docketnumber>
</lnv:NUMBER>
<lnv:COURT>UNITED STATES DISTRICT COURT FOR THE CENTRAL DISTRICT OF CALIFORNIA</lnv:COURT>
<lnv:DECIDEDDATE>
<lnvxe:date>July 9, 2024</lnvxe:date>, Decided
</lnv:DECIDEDDATE>
<lnv:FILEDDATE>
<lnvxe:date>July 9, 2024</lnvxe:date>, Filed
</lnv:FILEDDATE>
<lnv:COUNSEL>
<lnvxe:counsel>For Moises Villalobos, Plaintiff: Jason J. Kim, So Cal Equal Access Group, Los Angeles, CA.</lnvxe:counsel>
</lnv:COUNSEL>
<lnv:JUDGES>
<lnvxe:judges>Hern&#x00E1;n D. Vera, United States District Judge.</lnvxe:judges>
</lnv:JUDGES>
<lnv:OPINIONBY>Hern&#x00E1;n D. Vera</lnv:OPINIONBY>
<lnv:OPINION>
<lnvxe:h><emph typestyle="bf"><emph typestyle="smcaps">Civil Minutes &#x2D; General</emph></emph></lnvxe:h>
<lnvxe:h><emph typestyle="bf">Proceedings: <emph typestyle="smcaps">(In Chambers) Order Declining Supplemental Jurisdiction over State Law Claims</emph></emph></lnvxe:h>
<p i="3"><lnvxe:text>Plaintiff's Complaint asserts a claim for injunctive relief arising out of an alleged violation of the Americans with Disabilities Act ("ADA") and one or more "construction&#x2D;related accessibility claims" under California law, including a claim for damages pursuant to California's Unruh Act. In light of California's statutory efforts to curtail abuses relating to such claims, the Court ordered Plaintiff to show cause why the Court should exercise supplemental jurisdiction over the Unruh Act and any other state law claims asserted in the Complaint. [Dkt. No. 9]. Having considered Plaintiff's response, [Dkt. No. 11], the Court finds that exercise of supplemental jurisdiction is not warranted. For the reasons discussed below, Plaintiff's Unruh Act claim and other state law claims are dismissed without prejudice.</lnvxe:text></p>
<lnvxe:h><emph typestyle="bf">I. Legal Standard</emph></lnvxe:h>
<p i="3"><lnvxe:text>In an action over which a district court possesses original jurisdiction, that court "shall have supplemental jurisdiction over all other claims that are so related to claims in the action within such original jurisdiction that they form part of the same case or controversy under Article III of the United States Constitution." 28 U.S.C. &#x00A7; 1367(a). Even if supplemental jurisdiction exists, district courts have discretion to decline to exercise supplemental jurisdiction if:</lnvxe:text>
<lnvxe:blockquote>
<p><lnvxe:text>(1) the claim raises a novel or complex issue of State law,</lnvxe:text></p>
<p><lnvxe:text>(2) the claim substantially predominates over the claim or claims over which the district court has original jurisdiction,</lnvxe:text></p>
<p><lnvxe:text>(3) the district court has dismissed all claims over which it has original jurisdiction, or</lnvxe:text></p>
<p><lnvxe:text>(4) in exceptional circumstances, there are other compelling reasons for declining jurisdiction.</lnvxe:text></p>
</lnvxe:blockquote>
<lnvxe:text>28 U.S.C. &#x00A7; 1367(c). The Supreme Court has described 28 U.S.C. &#x00A7; 1367(c) as a "codification" of the principles of "'economy, convenience, fairness, and comity'" that underlie the Supreme Court's earlier jurisprudence concerning pendent jurisdiction. <emph typestyle="it">City of Chicago v. Int'l Coll. of Surgeons</emph>, 522 U.S. 156, 172&#x2D;73 (1997) (quoting <emph typestyle="it">Carnegie&#x2D;Mellon Univ. v. Cohill</emph>, 484 U.S. 343, 357 (1988)); <emph typestyle="it">see also United Mine Workers v. Gibbs</emph>, 383 U.S. 715, 726 (1966) ("It has consistently been recognized that pendent jurisdiction is a doctrine of discretion, not of plaintiff's right. Its justification lies in considerations of judicial economy, convenience and fairness to litigants; if these are not present a federal court should hesitate to exercise jurisdiction over state claims, even though bound to apply state law to them. Needless decisions of state law should be avoided both as a matter of comity and to promote justice between the parties, by procuring for them a surer&#x2D;footed reading of applicable law.").</lnvxe:text></p>
<p i="3"><lnvxe:text>District courts may decline to exercise jurisdiction over supplemental state law claims "[d]epending on a host of factors" including "the circumstances of the particular case, the nature of the state law claims, the character of the governing state law, and the relationship between the state and federal claims." <emph typestyle="it">City of Chicago</emph>, 522 U.S. at 173. The supplemental jurisdiction statute "reflects the understanding that, when deciding whether to exercise supplemental jurisdiction, 'a federal court should consider and weigh in each case, and at every stage of the litigation, the values of judicial economy, convenience, fairness, and comity.'" <emph typestyle="it">Id.</emph> (quoting <emph typestyle="it">Cohill</emph>, 484 U.S. at 350).</lnvxe:text></p>
<p i="3"><lnvxe:text>The Ninth Circuit does not require an "explanation for a district court's reasons [for declining supplemental jurisdiction] when the district court acts under" 28 U.S.C. &#x00A7;&#x00A7; 1367(c)(1)&#x2D;(3), <emph typestyle="it">San Pedro Hotel Co. v. City of Los Angeles</emph>, 159 F.3d 470, 478 (9th Cir. 1998), but does require a district court to "articulate why the circumstances of the case are exceptional in addition to inquiring whether the balance of the <emph typestyle="it">Gibbs</emph> values provide compelling reasons for declining jurisdiction in such circumstances." <emph typestyle="it">Executive Software N. Am. Inc. v. U.S. Dist. Court for the Cent. Dist. of Cal.</emph>, 24 F.3d 1545, 1558 (9th Cir. 1994). This inquiry "is not particularly burdensome." <emph typestyle="it">Id.</emph> When declining to exercise supplemental jurisdiction under 28 U.S.C. &#x00A7; 1367(c)(4), "the court must identify the predicate that triggers the applicability of the category (the exceptional circumstances), and then determine whether, in its judgment, the underlying <emph typestyle="it">Gibbs</emph> values are best served by declining jurisdiction in the particular case (the compelling reasons)." <emph typestyle="it">Id.</emph></lnvxe:text></p>
<lnvxe:h><emph typestyle="bf">II. Discussion</emph></lnvxe:h>
<p i="3"><lnvxe:text>By enacting restrictions on the filing of construction&#x2D;related accessibility claims, California has expressed a desire to limit the financial burdens California's businesses may face for claims for damages under the Unruh Act and other state law theories. <emph typestyle="it">See generally</emph> Cal. Civ. Proc. Code &#x00A7;&#x00A7; 425.50, 425.55; Cal. Gov't Code &#x00A7; 70616.5. Plaintiffs who file these actions in federal court evade these limits and pursue state law damages in a manner inconsistent with the state law's requirements.</lnvxe:text></p>
<p i="3"><lnvxe:text>As many courts have correctly noted, such tactics place tremendous strain on the federal courts. The number of construction&#x2D;related accessibility claims filed in the Central District has skyrocketed both numerically and as a percentage of total civil filings since California began its efforts to curtail the filing of such actions. According to statistics compiled by the Clerk's Office, in 2013, the first year in which California's initial limitations on such cases were in effect, there were 419 ADA cases filed in the Central District, which constituted 3% of the civil actions filed. Filings of such cases increased from 928 (7% of civil cases) in 2014, the year before the imposition of the additional $1,000 filing fee and additional pleading requirements for high&#x2D;frequency litigants, to 1,386 (10% of civil cases) in 2016, the first full year of those requirements. The number and percentage of such cases filed in the Central District has increased in each year since California acted to limit the filings by high&#x2D;frequency litigants, reaching 1,670 (12% of civil cases) in 2017, 1,670 (18% of civil cases) in 2018, 3,595 cases (24% of civil cases) in 2019, 4,569 cases (28% of civil cases) in 2020, and 3,000 cases (22% of civil cases) in 2021. The coincidence of astronomical growth in the filing of these cases in federal court with California's limitations on construction&#x2D;related accessibility claims suggests that it is precisely because the federal courts have not adopted California's limitations on such claims that federal courts have become the preferred forum for them, and that coincidence also belies alternative rationales for filing Unruh Act claims in federal court. <emph typestyle="it">See Garibay v. Rodriguez</emph>, No. 2:18&#x2D;CV&#x2D;09187&#x2D;PA&#x2D;AFM, 2019 WL 5204294, at *4 (C.D. Cal. August 27, 2019).</lnvxe:text></p>
<p i="3"><lnvxe:text>Here, Plaintiff has admitted that he is a "high frequency litigant" as that term is defined under California law. [Dkt. No. 11&#x2D;2 at 2]. And despite the opportunity to do so, Plaintiff has not advanced any individualized fact or rationale for why this Court should exercise supplemental jurisdiction in the context of his specific claims in this action.</lnvxe:text></p>
<p i="3"><lnvxe:text>Applying the <emph typestyle="it">Gibbs</emph> factors, this Court finds that it is inconsistent with the principle of fairness to permit Plaintiff to pursue his construction&#x2D;related accessibility claims in this Court while evading the limitations California has imposed on such claims. To the contrary, turning a blind eye to an end&#x2D;run around California's very clear statutory requirements is an affront to the comity between federal and state courts. <emph typestyle="it">See, e.g., Garibay</emph>, 2019 WL 5204294, at *5. And continuing to exercise supplemental jurisdiction in these extraordinary circumstances would ill&#x2D;serve the goal of judicial economy by forcing this Court to expend resources to resolve state law claims for relatively modest statutory damages even after the federal claim is rendered moot.</lnvxe:text></p>
<p i="3"><lnvxe:text>Moreover, exercising the Court's discretion to decline supplemental jurisdiction does not deprive Plaintiff of any remedies. Plaintiff is free to litigate his ADA claim for injunctive relief. By declining to exercise supplemental jurisdiction, the Court is merely honoring the express terms of the ADA, which provides a federal private right of action for injunctive relief and an award of attorneys' fees. That is what Congress provided in the form of relief. To the extent Plaintiff seeks greater remedies allowed under California law, that forum is open to him.</lnvxe:text></p>
<p i="3"><lnvxe:text>In summary, the Court concludes that California's enactment of laws restricting construction&#x2D;related accessibility claims, combined with the burden the ever&#x2D;increasing number of such cases poses to the federal courts, presents "exceptional circumstances" and "compelling reasons" that justify the Court's discretion to decline to exercise supplemental jurisdiction over Plaintiff's Unruh Act claim and other state law claims under 28 U.S.C. &#x00A7; 1367(c)(4). The Court sees no prejudice in requiring Plaintiff's Unruh Act claim and other state law claims to be heard in California state court. <emph typestyle="it">See Garibay</emph>, 2019 WL 5204294, at *6 ("[D]eclin[ing] supplemental jurisdiction does not deprive plaintiff of any remedies. Nor does it allow an ADA claim for injunctive relief to go unaddressed."). As stated in <emph typestyle="it">Garibay</emph>, "if Plaintiff legitimately seeks to litigate this action in a single forum, Plaintiff may dismiss this action and refile it in state court in accordance with the requirements California has imposed on such actions." <emph typestyle="it">Id.</emph></lnvxe:text></p>
<lnvxe:h><emph typestyle="bf">III. Conclusion</emph></lnvxe:h>
<p i="3"><lnvxe:text>For all of the foregoing reasons, the Court, in its discretion, declines to exercise supplemental jurisdiction over Plaintiff's Unruh Act and related state law claims. The Court therefore dismisses these claims without prejudice. <emph typestyle="it">See</emph> 28 U.S.C. &#x00A7; 1367(c)(4).</lnvxe:text></p>
<p i="3"><lnvxe:text><emph typestyle="bf">IT IS SO ORDERED</emph>.</lnvxe:text></p>
</lnv:OPINION>
<lnv:SYS-AUDIT-TRAIL></lnv:SYS-AUDIT-TRAIL>
</COURTCASE>