<?xml version="1.0" encoding="UTF-8"?>
<icce_manifest fab_bundle_id="PR2024070923051300667" content_provider_id="cadicd" content_provider_scheme="ELDM_COLL_RESOLVED" content_target_type="mcs">
<metadata>
</metadata>
<item id="dar_2-24CV5127_CACD_12_20240709_131961676.pdf" selector="" action="add" version="00" guid="6CFH-CWF3-S7CF-510K-00000-00" overrideConversionId="">
<file type="source" name="dar_2-24CV5127_CACD_12_20240709_131961676.pdf" md5sum="6f925d7ad2414a2b615f838cdbcf44d0" />
<file type="source" name="dar_2-24cv5127_CACD_Counsel.csv" md5sum="3d92667cf1c1d2136495313de45dd846" />
<metadata>
<pair key="CLINV_estKeyCharCount" value="6620"/>
<pair key="CLINV_receivedDateTime" value="20240709_230343"/>
<pair key="INV_keyTargetFormat" value="CCV6"/>
<pair key="CLINV_courtName" value="UNITED STATES DISTRICT COURT FOR THE CENTRAL DISTRICT OF CALIFORNIA"/>
<pair key="CLINV_judge" value="VERIFY JUDGE"/>
<pair key="CLINV_inventoryStore" value="DM"/>
<pair key="CLINV_sourceDetail" value="OP"/>
<pair key="CLINV_code" value="FDCADICD"/>
<pair key="CLINV_docket" value="2:24-CV-05127-HDV-JPR"/>
<pair key="CLINV_autoConvert" value="UNDEFINED"/>
<pair key="CLINV_sourceType" value="P"/>
<pair key="MNCR_rci" value="1000200076"/>
<pair key="CLINV_fastFlow" value="UNDEFINED"/>
<pair key="CLINV_isTribalCourt" value="false"/>
<pair key="DSAR_CATALOG_NUMBER" value="14483305"/>
<pair key="CLINV_decisionDate" value="07-09-2024"/>
<pair key="CLINV_fileSize" value="301754"/>
<pair key="CLINV_fullCaseName" value="Moises Villalobos v. Roma Leaf LLC et al"/>
<pair key="CLINV_isTrialCourt" value="false"/>
<pair key="CLINV_isLegacyCourt" value="false"/>
<pair key="CLINV_TAT" value="10"/>
</metadata>
</item>
</icce_manifest>
