<?xml version="1.0" encoding="ISO-8859-1"?>
<COURTCASE>
<lndocmeta:docinfo>
<lndocmeta:lnlni lnlni=""/>
<lndocmeta:lnminrev lnminrev="00000"/>
<lndocmeta:smi lnsmi="9691"/>
<lndocmeta:dpsi lndpsi="07ZX"/>
<lndocmeta:lnsourcedocid lnsourcedocid=""/>
<lndocmeta:lndoctype lndoctypename="COURTCASE"/>
<lndocmeta:lndoctypeversion lndoctypeversionmajor="06" lndoctypeversionminor="000"/>
<lndocmeta:lndoctypelang lndoctypelang="EN"/>
<lndocmeta:lnfilenum lnfilenum="003"/>
<lndocmeta:fabinfo>
<lndocmeta:fabinfoitem name="B4DBNO" value="1HDQ"/></lndocmeta:fabinfo>
</lndocmeta:docinfo>
<lnv:FULL-NAME>
<lnvxe:fullcasename>JUAN FRANCISCO VEGA, Plaintiff, v. MELINDA MASTERS and JON CARNER, Defendants.</lnvxe:fullcasename>
</lnv:FULL-NAME>
<lnv:NUMBER>
<lnvxe:docketnumber pacernum="2:21cv771">Case No. 2:21-cv-771-JLB-NPM</lnvxe:docketnumber>
</lnv:NUMBER>
<lnv:COURT>UNITED STATES DISTRICT COURT FOR THE MIDDLE DISTRICT OF FLORIDA, FORT MYERS DIVISION</lnv:COURT>
<lnv:DECIDEDDATE>
<lnvxe:date>July 9, 2024</lnvxe:date>, Decided
</lnv:DECIDEDDATE>
<lnv:FILEDDATE>
<lnvxe:date>July 9, 2024</lnvxe:date>, Filed
</lnv:FILEDDATE>
<lnv:COUNSEL>
<lnvxe:counsel>For Jon Carner, Melinda Masters, Defendants: Jeffery R. Lawley, LEAD ATTORNEY, Billing Cochran Lyles Mauro &#x0026; Ramsey PA, Fort Lauderdale, FL.</lnvxe:counsel>
<lnvxe:counsel>For Juan Francisco Vega, Plaintiff: Anitra R. Clement, LEAD ATTORNEY, Jennifer M. Voss, Shook Hardy &#x0026; Bacon LLP, Tampa, FL; Cailynn Danielle Hayter, Ijeoma Odigwe, Shook Hardy &#x0026; Bacon LLP, Kansas City, MO; Lori&#x2D;Ann Ridley, Miramar, FL.</lnvxe:counsel>
</lnv:COUNSEL>
<lnv:JUDGES>
<lnvxe:judges>JOHN L. BADALAMENTI, UNITED STATES DISTRICT JUDGE.</lnvxe:judges>
</lnv:JUDGES>
<lnv:OPINIONBY>JOHN L. BADALAMENTI</lnv:OPINIONBY>
<lnv:OPINION>
<lnvxe:h><emph typestyle="bf">ORDER</emph></lnvxe:h>
<p i="3"><lnvxe:text>This cause is before the Court on consideration of a motion for summary judgment filed by Defendants Melinda Masters and Jon Carner (Doc. 68). After careful consideration of the pleadings and exhibits offered by all parties, as well as the entire record before the Court, the Court grants in part and denies in part the defendants' motion.</lnvxe:text></p>
<lnvxe:h><emph typestyle="bf">I. Background and Pleadings</emph></lnvxe:h>
<p i="3"><lnvxe:text>Plaintiff Juan Francisco Vega is a civilly committed resident of the Florida Civil Commitment Center (FCCC).<lnvxe:fnr alt-content="n1" fnrtoken="ref1" fntoken="fnote1">1</lnvxe:fnr> He initiated this action on October 21, 2021 by filing a <emph typestyle="it">pro se</emph> 42 U.S.C. &#x00A7; 1983 civil rights complaint against former FCCC director Melinda Masters in which he generally alleged that he was not allowed visitation with his wife, Nancy Martinez, because she is a former employee of the FCCC. (Doc. 1.) On December 27, 2022, the Court appointed counsel for Plaintiff. (Doc. 29.) Plaintiff, through appointed counsel, filed two amended complaints.</lnvxe:text></p>
<lnvxe:footnotegrp>
<lnvxe:footnote fnrtokens="ref1" fntoken="fnote1">
<lnvxe:fnlabel alt-content="n1">1</lnvxe:fnlabel>
<lnvxe:fnbody>
<p i="3"><lnvxe:text>By way of background, the State of Florida enacted the Involuntary Civil Commitment of Sexually Violent Predators' Treatment and Care Act ("Jimmy Ryce Act"), Fla. Stat. &#x00A7;&#x00A7; 394.910&#x2D;913, by which a person determined to be a sexually violent predator is required to be housed in a secure facility "for control, care, [and] treatment ... until such time as the person's mental abnormality or personality disorder has so changed that it is safe for the person to be at large." Fla. Stat. &#x00A7; 394.917(2). The Act was promulgated for the dual purpose "of providing mental health treatment to sexually violent predators and protecting the public from these individuals." Westerheide v. State, 831 So.2d 93, 112 (Fla. 2002). The state legislature, in its statement of "findings and intent," said that the Act was aimed at "a small but extremely dangerous number of sexually violent predators . . . who do not have a mental disease or defect that renders them appropriate for involuntary treatment under the Baker Act [&#x00A7;&#x00A7; 394.451&#x2D;394.4789, Fla. Stat.][.]" Fla. Stat. &#x00A7; 394.910 (2000).</lnvxe:text></p>
</lnvxe:fnbody>
</lnvxe:footnote>
</lnvxe:footnotegrp>
<lnvxe:h><emph typestyle="bf">A. First Amended Complaint</emph></lnvxe:h>
<p i="3"><lnvxe:text>In the first amended complaint, Plaintiff sued Ms. Masters in both her individual and official capacities. (Doc. 34 at 1.) He alleged the following: On August 21, 2021, Plaintiff married Nancy Martinez, a former employee of the FCCC, in a virtual (internet) ceremony. (<emph typestyle="un">Id.</emph> at &#x00B6; 8.) Under FCCC rules, visitors at the facility must be pre&#x2D;approved to communicate with or visit a resident. (<emph typestyle="un">Id.</emph> &#x00B6; 9.) After their marriage, both Plaintiff and Ms. Martinez submitted several FCCC Resident Communication Forms seeking approval to visit and correspond with one another. (<emph typestyle="un">Id.</emph> &#x00B6;&#x00B6; 10, 11.) The FCCC's Policy and Procedure Manual provides that "[i]ncoming/outgoing mail will <emph typestyle="bf">not</emph> be approved from . . . former staff members, to protect public safety and the safe operations of FCCC." (<emph typestyle="un">Id.</emph> &#x00B6; 14.) The FCCC also has a policy prohibiting current residents from having visitation with former employees. (<emph typestyle="un">Id.</emph> &#x00B6; 15.) That said, the FCCC Policy and Procedure Manual "encourag[es] correspondence between residents and their families and friends." (<emph typestyle="un">Id.</emph> &#x00B6; 16.) Because of the FCCC's prohibition on visitation and correspondence with former staff members, Ms. Masters "denied and/or ignored and continues to deny and/or ignore [Plaintiff's and Ms. Martinez's] Resident Communication Forms and other requests for visitation and communication." (<emph typestyle="un">Id.</emph> at &#x00B6;&#x00B6; 17&#x2D;18.)</lnvxe:text></p>
<p i="3"><lnvxe:text>Plaintiff alleged that Ms. Masters denied him "his First Amendment right to send and receive correspondence with his wife, Ms. Martinez[,] based on the FCCC's policies and procedures" and that she denied him "his right to visitation with his wife, Ms. Martinez, based on the FCCC's policy banning contact between current residents and former employees like Ms. Martinez." (Doc. 34 at 4, &#x00B6;&#x00B6; 25, 33.) He also asserted that "when mail is censored, rejected, or not delivered to the recipient, the resident and the sender are entitled to notice of such censorship, which must be explained in enough detail to allow a challenge to such determination," but that neither he nor Ms. Martinez was given any detailed explanation why their Resident Communication Forms were denied. (<emph typestyle="un">Id.</emph> &#x00B6;&#x00B6; 27&#x2D;28.) Ms. Masters filed a motion to dismiss the amended complaint in which she argued entitlement to qualified immunity on all of Plaintiff's individual&#x2D;capacity claims and that Plaintiff had not stated an official&#x2D;capacity claim. (Doc. 36 at 4&#x2D;12.)</lnvxe:text></p>
<p i="3"><lnvxe:text>The Court granted the motion as to Plaintiff's individual&#x2D;capacity visitation claims against Ms. Masters on the ground that "Plaintiff has not provided&#x2014;and the Court could not find&#x2014;any particularized binding caselaw showing that, as a civilly committed person, Plaintiff's right to unfettered visitation with a former staff member&#x2014;who is currently the civilly&#x2D;committed individual's spouse&#x2014;was clearly established." (Doc. 55 at 11.) The Court also found that Plaintiff had not demonstrated that "the alleged illegality of Ms. Masters's restriction on correspondence with former employee Ms. Martinez was clearly established by relevant Supreme Court or Eleventh Circuit precedent." (<emph typestyle="un">Id.</emph> at 12.) Therefore, the Court found that Ms. Masters was entitled to qualified immunity "on any claim based solely upon her <emph typestyle="it">application</emph> of the FCCC's policy against resident correspondence with former employees." (Id. (emphasis added).) But as to Plaintiff's argument that he had not received sufficient due process after his correspondence with Ms. Masters was censored, the Court found as follows:</lnvxe:text>
<lnvxe:blockquote>
<p><lnvxe:text>[I]t has been long established that withholding a prisoner's mail is an assault on a liberty interest and "must be accompanied by minimum procedural safeguards." [Procunier v. Martinez, 416 U.S. 396, 417&#x2D;18 (1974)]. And to the extent <emph typestyle="un">Martinez</emph> was overruled by <emph typestyle="un">Thornburgh</emph>, the latter case did not address the procedural safeguards that must accompany a decision to restrict a prisoner's correspondence. <emph typestyle="un">See</emph> Perry v. Sec'y, Fla. Dep't of Corr., 664 F.3d 1359, 1367 (11th Cir. 2011) (stating that "<emph typestyle="un">Thornburgh</emph> did not discuss the standard for procedural due process [when a prisoner is not allowed correspondence], except to thoroughly lay out the safeguards created by the particular regulations in question and declare that the regulations properly 'provide[d] procedural safeguards for both the recipient and the sender'").</lnvxe:text></p>
<p><lnvxe:text>The three safeguards determined by the Court to provide sufficient protection when materials are rejected are: (1) inmates must receive notice of the rejection; (2) the author must be given notice and a "reasonable opportunity to protest" the decision, and (3) complaints should "be referred to a prison official other than the person who originally disapproved the correspondence." Martinez, 416 U.S. at 418&#x2D;19 (quoted in Perry, 664 F.3d at 1368). The Eleventh Circuit reaffirmed that "procedural safeguards must exist to ensure that" those whose materials are blocked from receipt have an opportunity to appeal the decision. Perry, 664 F.3d at 1368. Thus, the Court finds that it was clearly established in <emph typestyle="un">Martinez, Thornburgh</emph>, and <emph typestyle="un">Perry</emph> that the denial of a prisoner's First Amendment right to correspondence must be accompanied by due process. Therefore, while Ms. Masters is entitled to qualified immunity on Plaintiff's claims predicated solely on the actual restrictions themselves, Plaintiff may develop through discovery the related due process claims that emanate from those restrictions.</lnvxe:text></p>
</lnvxe:blockquote>
<lnvxe:text>(Doc. 55 at 12&#x2D;13.) The Court also concluded that Plaintiff had adequately alleged that the FCCC's "policy or custom [of denying visitation rights between an FCCC resident and former employee] was the moving force behind his constitutional deprivation." (<emph typestyle="un">Id.</emph> at 15.) While expressing no opinion on the constitutionality of those provisions, the Court determined that Plaintiff could develop his officialcapacity claims against Ms. Masters on both his visitation and correspondence claims. (Id.)</lnvxe:text></p>
<lnvxe:h><emph typestyle="bf">B. Second Amended Complaint</emph></lnvxe:h>
<p i="3"><lnvxe:text>Thereafter, Plaintiff filed a second amended complaint (SAC), naming both Ms. Masters, and current Facility Administrator Jon Carner as defendants. (Doc. 58.) Plaintiff asserts that after his marriage to Ms. Martinez, he "submitted several FCCC Resident Communication Forms for the approval of visitation and correspondence with Ms. Martinez." (<emph typestyle="un">Id.</emph> at 3, &#x00B6; 11.) Likewise, Ms. Martinez submitted several "FCCC Resident Communication Forms for the approval of visitation and correspondence with Mr. Vega." (<emph typestyle="un">Id.</emph> &#x00B6; 12.) However, "[t]he FCCC has ignored and/or denied, and continues to ignore and/or deny, the formal and informal requests for visitation and correspondence by Mr. Vega and Ms. Martinez." (<emph typestyle="un">Id.</emph> at 4, &#x00B6; 19.) Plaintiff asserts that the FCCC's Policy and Procedure Manual provides that "[i]ncoming/outgoing mail will <emph typestyle="bf">not</emph> be approved from . . . former staff members, to protect public safety and the safe operations of FCCC" and that the FCCC has a policy of prohibiting current residents from having visitation with former employees. (<emph typestyle="un">Id.</emph> at 3, &#x00B6;&#x00B6; 15, 16.) It is because of these policies that the defendants "denied and/or ignored and continue[] to deny and/or ignore, Mr. Vega and Ms. Martinez's Resident Communication Forms and other requests for visitation and communication." (<emph typestyle="un">Id.</emph> at 4, &#x00B6; 18.) He raises three counts in the SAC. In counts one and two&#x2014;raised in the defendants' individual and official capacities&#x2014; he asserts that the defendants "denied [him] his First Amendment right to send and receive correspondence with his wife, Ms. Martinez[,] based on the FCCC's policies and procedures." (<emph typestyle="un">Id.</emph> at 5&#x2D;6, &#x00B6;&#x00B6; 26, 35.) He also alleges that he did not receive a "detailed explanation" of why his Resident Communication Forms were denied, which violated his right to adequate due process. (<emph typestyle="un">Id.</emph> at 5, 6, &#x00B6;&#x00B6; 29&#x2D;30, 38&#x2D;39.) In Count three, brought solely in Defendant Carner's official capacity, Plaintiff asserts that Defendant Carner has denied his (Plaintiff's) right to visit with his wife and "has identified no legitimate interest in security that would be advanced by denying Mr. Vega visitation rights with Ms. Martinez." (<emph typestyle="un">Id.</emph> at 7, &#x00B6;&#x00B6; 44, 45.)<lnvxe:fnr alt-content="n2" fnrtoken="ref2" fntoken="fnote2">2</lnvxe:fnr></lnvxe:text></p>
<lnvxe:footnotegrp>
<lnvxe:footnote fnrtokens="ref2" fntoken="fnote2">
<lnvxe:fnlabel alt-content="n2">2</lnvxe:fnlabel>
<lnvxe:fnbody>
<p i="3"><lnvxe:text>In a subsequent order, the Court clarified that "[o]nly one individual&#x2D;capacity count (against two defendants) remains in this action. And that claim is based solely on whether Plaintiff received due process after correspondence from his wife was censored." (Doc. 63 at 3.) Therefore, to the extent Plaintiff raises additional individual&#x2D;capacity claims, they are dismissed under the reasoning set out in the Court's orders at docket entries 55 and 63, and they will not be further addressed in this Order.</lnvxe:text></p>
</lnvxe:fnbody>
</lnvxe:footnote>
</lnvxe:footnotegrp>
<p i="3"><lnvxe:text>Plaintiff asserts that he has suffered severe mental and emotional distress and loss of consortium. (<emph typestyle="un">Id.</emph> at 5, &#x00B6; 23.) He seeks compensatory and punitive damages as well as injunctive relief. (<emph typestyle="un">Id.</emph> at 7.)</lnvxe:text></p>
<lnvxe:h><emph typestyle="bf">C. Motion for Summary Judgment</emph></lnvxe:h>
<p i="3"><lnvxe:text>The defendants filed a motion for summary judgment and supporting exhibits on February 1, 2024. (Doc. 68; Doc. 69.) They argue that neither the FCCC's visitation policy nor the FCCC's mail policy violates Plaintiff's First Amendment rights. (Doc. 68 at 14&#x2D;22.) They also argue that Plaintiff was not denied adequate procedural due process regarding the censured incoming mail because he did not comply with or avail himself of the FCCC's grievance and appeal processes. (<emph typestyle="un">Id.</emph> at 22&#x2D;25.) To support their arguments, the defendants offer an affidavit from former facility director Donald Sawyer (Doc. 69&#x2D;1); depositions from Defendants Masters and Carner, Dorothy Riddle, Plaintiff Vega, Lavon Cardenas, and Robert Houston (Doc. 69&#x2D;6; Doc. 69&#x2D;11; Doc. 69&#x2D;12; Doc. 69&#x2D;13; Doc. 69&#x2D;14; Doc. 69&#x2D;15); Plaintiff's and Ms. Martinez's grievances and visitation requests (Doc. 69&#x2D;3; Doc. 69&#x2D;4; Doc. 69&#x2D;5); Ms. Martinez's personnel file (Doc. 69&#x2D;2); the FCCC handbook (Doc. 69&#x2D;7); contraband incident reports (Doc. 69&#x2D;10); and the FCCC's mail and visitation policies. (Doc. 69&#x2D;8; Doc. 69&#x2D;9.)</lnvxe:text></p>
<p i="3"><lnvxe:text>In addition to pointing out the portions of the defendants' list of material facts they believe to be disputed, Plaintiff argues that "there is a genuine dispute of material fact about the exact scope of the visitation and communications policies and the way they have been applied to Mr. Vega and Ms. Martinez." (Doc. 71 at 13.)<lnvxe:fnr alt-content="n3" fnrtoken="ref3" fntoken="fnote3">3</lnvxe:fnr> He argues that a complete ban on visitation is not a legitimate penological interest, and that the FCCC's own security policies do not "include visitation with former staff as a security concern." (<emph typestyle="un">Id.</emph> at 14.)<lnvxe:fnr alt-content="n4" fnrtoken="ref4" fntoken="fnote4">4</lnvxe:fnr> Finally, he generally complains that he "has not been given notice and a meaningful opportunity to be heard on a litany of the allegations." (<emph typestyle="un">Id.</emph> at 19.) The defendants have filed a reply (Doc. 74), and the motion for summary judgment is ripe for review.</lnvxe:text></p>
<lnvxe:footnotegrp>
<lnvxe:footnote fnrtokens="ref3" fntoken="fnote3">
<lnvxe:fnlabel alt-content="n3">3</lnvxe:fnlabel>
<lnvxe:fnbody>
<p i="3"><lnvxe:text>The defendants have provided a lengthy record and 12&#x2D;page list of material facts. (Doc. 68 at 3&#x2D;14.) In return, Plaintiff has provided a 9&#x2D;page summary of the facts that are disputed, and his reasons for the dispute. (Doc. 71 at 3&#x2D;11.) While many of the facts are helpful for offering context and background for the claims, not every fact offered by the parties is material to the remaining counts. The Court will not separately consider each factual allegation. Rather, the Court will set out and consider the relevant material facts (disputed and undisputed) as it addresses each of Plaintiff's counts.</lnvxe:text></p>
</lnvxe:fnbody>
</lnvxe:footnote>
<lnvxe:footnote fnrtokens="ref4" fntoken="fnote4">
<lnvxe:fnlabel alt-content="n4">4</lnvxe:fnlabel>
<lnvxe:fnbody>
<p i="3"><lnvxe:text>Plaintiff also argues that "there is a genuine dispute of material fact as to whether FCCC is applying its policies as a form of retaliation against Mr. Vega exercising his First Amendment right to marry Ms. Vega and otherwise complaining about his conditions of confinement." (Doc. 71 at 15.) A retaliation claim is distinct from (and contains different elements than) the due process and policy claims raised in the SAC and will not be further addressed in this Order. <emph typestyle="un">See</emph> Gilmour v. Gates, McDonald and Co., 382 F.3d 1312, 1314 (11th Cir. 2004) (holding that the Rule 8(a) "standard ... does not afford plaintiffs with an opportunity to raise new claims at the summary judgment stage[.]"); Miccosukee Tribe of Indians of Fla. v. United States, 716 F.3d 535, 559 (11th Cir. 2013) ("[A] plaintiff cannot amend his complaint through argument made in his brief in opposition to the defendant's motion for summary judgment[.]"); Aning v. Fed. Nat'l Mort. Ass., 663 F. App'x 773, 775 (11th Cir. 2016) ("For starters, a response to a summary judgment motion cannot create a new claim or theory of liability.").</lnvxe:text></p>
</lnvxe:fnbody>
</lnvxe:footnote>
</lnvxe:footnotegrp>
<lnvxe:h><emph typestyle="bf">II. Legal Standards</emph></lnvxe:h>
<p i="3"><lnvxe:text>Summary judgment is appropriate only if it is shown "that there is no genuine dispute as to any material fact and the movant is entitled to judgment as a matter of law." Fed. R. Civ. P. 56(a). The Supreme Court explains the summary judgment standard as follows:</lnvxe:text>
<lnvxe:blockquote>
<p><lnvxe:text>[T]he plain language of Rule 56(c) mandates the entry of summary judgment, after adequate time for discovery and upon motion, against a party who fails to make a showing sufficient to establish the existence of an element essential to that party's case, and on which that party will bear the burden of proof at trial. In such a situation, there can be no genuine issue as to any material fact, since a complete failure of proof concerning an essential element of the nonmoving party's case necessarily renders all other facts immaterial.</lnvxe:text></p>
</lnvxe:blockquote>
<lnvxe:text>Celotex Corp. v. Catrett, 477 U.S. 317, 322&#x2D;23 (1986) (internal quotation marks omitted). The movant may meet this burden by presenting evidence that would be admissible at trial indicating there is no dispute of material fact or by showing that the nonmoving party has failed to present evidence in support of some elements of its case on which it bears the ultimate burden of proof. Id. at 322&#x2D;24.</lnvxe:text></p>
<p i="3"><lnvxe:text>"If the party seeking summary judgment meets the initial burden of demonstrating the absence of a genuine issue of material fact, the burden then shifts to the nonmoving party to come forward with sufficient evidence to rebut this showing with affidavits or other relevant and admissible evidence." Avirgan v. Hull, 932 F.2d 1572, 1577 (11th Cir. 1991). Summary judgment is mandated "against a party who fails to make a showing sufficient to establish the existence of an element essential to that party's case, and on which that party will bear the burden of proof at trial." Celotex, 477 U.S. at 322.</lnvxe:text></p>
<lnvxe:h><emph typestyle="bf">III. Discussion</emph></lnvxe:h>
<p i="3"><lnvxe:text>As an initial matter, the Court will attempt to clarify and re&#x2D;label the claims at issue in this action. Plaintiff alleges identical claims in Counts I and II of the SAC. Count I is directed towards Defendant Masters in her individual and official capacities, and Count II is directed towards Defendant Carner in his individual and official capacities. (Doc. 58 at 5, 6.) However, a claim against either defendant in her or his official capacity is effectively a claim against the entity that they represent, which is WellPath Recovery Solutions, LLC ("WellPath"). (Doc. 36 at 13.) Therefore, the official&#x2D;capacity claims raised in Counts I and II of the SAC are duplicates. And while <emph typestyle="un">labeled</emph> as violations of "Freedom of Speech and Association against [each defendant] in [his or her] Individual and Official Capacities" (Doc. 58 at 5, 6), the allegations in Counts I and II of the SAC are directed towards the FCCC's communication policies and the due process afforded Plaintiff when his mail privileges with Ms. Martinez were restricted. Count III of the SAC appears to be an official&#x2D;capacity claim based upon the FCCC's restriction of Plaintiff's visitation and communication rights with Ms. Martinez. (Doc. 58 at 7.) To better separate and address the issues and pertinent material facts, the Court separates the claims into "Due Process Claims" and "First Amendment Claims":</lnvxe:text>
<lnvxe:blockquote>
<p><lnvxe:text><emph typestyle="bf">Due Process (Count One)</emph>. Plaintiff alleges that Defendants Masters and Carner, in their individual capacities, violated Plaintiff's constitutional rights by censoring mail received from Ms. Martinez without providing adequate due process.</lnvxe:text></p>
<p><lnvxe:text><emph typestyle="bf">First Amendment (Count Two)</emph>. In this "official&#x2D;capacity" claim, Plaintiff alleges that the FCCC's rules forbidding the exchange of mail and visitation rights between a resident and former employee violate the First Amendment</lnvxe:text></p>
</lnvxe:blockquote></p>
<p i="3"><lnvxe:text>Plaintiff seeks compensatory and punitive damages and injunctive relief. (Doc. 58 at 7, &#x00B6; 47.) Specifically, Plaintiff seeks to correspond with and have supervised visitation with Ms. Martinez at the FCCC.<lnvxe:fnr alt-content="n5" fnrtoken="ref5" fntoken="fnote5">5</lnvxe:fnr></lnvxe:text></p>
<lnvxe:footnotegrp>
<lnvxe:footnote fnrtokens="ref5" fntoken="fnote5">
<lnvxe:fnlabel alt-content="n5">5</lnvxe:fnlabel>
<lnvxe:fnbody>
<p i="3"><lnvxe:text>The Court is unaware of any Eleventh Circuit decision deciding the issue of whether a plaintiff may seek injunctive relief against a state official (or employee of a private company performing a state activity) sued in his or her individual capacity under section 1983. <emph typestyle="un">But see</emph> Greenawalt v. Indiana Dep't of Corr., 397 F.3d 587, 589 (7th Cir. 2005) ("[S]ection 1983 does not permit injunctive relief against state officials sued in their individual as distinct from their official capacity."); Brown v. Montoya, 662 F.3d 1152, 1161 n.5 (10th Cir. 2011) ("Section 1983 plaintiffs may sue individual&#x2D;capacity defendants only for money damages and official&#x2D;capacity defendants only for injunctive relief."). Under the circumstances here, the distinction is inconsequential&#x2014;Plaintiff seeks to enjoin the employees of the FCCC, including (but not limited to) the named defendants, from limiting communication and visitation with Ms. Martinez. Accordingly, for the purposes of this Order, the Court will treat the individual&#x2D;capacity claims solely as claims for damages.</lnvxe:text></p>
</lnvxe:fnbody>
</lnvxe:footnote>
</lnvxe:footnotegrp>
<lnvxe:h><emph typestyle="bf">A. The defendants are entitled to summary judgment on Plaintiff's due process claims</emph>.</lnvxe:h>
<p i="3"><lnvxe:text>In its Order on the defendants' motion to dismiss, the Court explained that the defendants were entitled to qualified immunity on all individual&#x2D;capacity claims except for a liberally&#x2D;construed claim that Plaintiff did not receive adequate due process when certain (unidentified) postal correspondence from Ms. Martinez was rejected. (Doc. 55 at 12&#x2D;13.) The Court explained that it was clearly established that some "procedural safeguards must exist to ensure that those whose materials are blocked from receipt have an opportunity to appeal the decision." (<emph typestyle="un">Id.</emph> at 13 (quoting Perry v. Sec'y of Fla. Dep't of Corr., 664 F.3d 1359, 1367 (11th Cir. 2011).)) And at a minimum, when an inmate's correspondence is censored: (1) the inmate must receive notice of the rejection; (2) the author of the letter must be given an opportunity to protest the decision; and (3) complaints must be referred to someone other than the person who originally disapproved the correspondence. Perry, 664 F. 3d at 1368 &#x0026; n.2.</lnvxe:text></p>
<p i="3"><lnvxe:text>Plaintiff was allowed to amend his complaint&#x2014;presumably, in part, to state a due process claim on the rejection of his request to correspond with Ms. Martinez. In the SAC, Plaintiff asserts the following individual&#x2D;capacity due process claim against Defendant Masters:</lnvxe:text>
<lnvxe:blockquote>
<p><lnvxe:text>[W]hen mail is censored, rejected, or not delivered to the recipient, the resident and the sender are entitled to notice of such censorship, which must be explained in enough detail to allow a challenge to such determination.</lnvxe:text></p>
<p><lnvxe:text>Ms. Masters did not give Mr. Vega or Ms. Martinez any detailed explanation for why their Resident Communication Forms were denied.</lnvxe:text></p>
<p><lnvxe:text>Ms. Masters denied Mr. Vega adequate due process.</lnvxe:text></p>
</lnvxe:blockquote>
<lnvxe:text>(Doc. 58 at 5, &#x00B6;&#x00B6; 28&#x2D;30.) Plaintiff offers identical allegations against Defendant Carner. (<emph typestyle="un">Id.</emph> at 6, &#x00B6;&#x00B6; 37&#x2D;39.)</lnvxe:text></p>
<p i="3"><lnvxe:text>While the Court agrees with Plaintiff's first statement&#x2014;that FCCC residents are entitled to notice when their mail is "censored, rejected, or not delivered"&#x2014;the second portion of Counts I and II&#x2014;that Plaintiff did not receive a sufficient explanation for the denial of his Resident Communication Forms<lnvxe:fnr alt-content="n6" fnrtoken="ref6" fntoken="fnote6">6</lnvxe:fnr>&#x2014;does not logically (or necessarily) follow. This is so because Plaintiff's SAC does not identify a single <emph typestyle="un">specific</emph> instance in which he was denied due process after his mail was withheld or censored&#x2014;just the possibility that it might have occurred or may occur in the future.<lnvxe:fnr alt-content="n7" fnrtoken="ref7" fntoken="fnote7">7</lnvxe:fnr> Plaintiff does assert that, after their marriage, both Plaintiff and Ms. Martinez "submitted several FCCC Resident Communication Forms for the approval of visitation and correspondence with [each other]." (Doc. 58 at 3, &#x00B6;&#x00B6; 11&#x2D;12.) But Resident Communication Forms&#x2014;particularly when seeking prospective relief as suggested in the SAC&#x2014;are not mail, and are therefore not subject to the due process requirements explained in the Court's Order on the motion to dismiss. And even if the SAC can be liberally construed to argue that the rejected Resident Communication Forms were directed towards specific instances of censored mail or other communications, Plaintiff does not identify the communications at issue or show that he did not receive all process due. Rather, he appears to base his due process claims on an argument that he did not receive the responses he desired, which is simply not the standard under <emph typestyle="un">Perry</emph>.</lnvxe:text></p>
<lnvxe:footnotegrp>
<lnvxe:footnote fnrtokens="ref6" fntoken="fnote6">
<lnvxe:fnlabel alt-content="n6">6</lnvxe:fnlabel>
<lnvxe:fnbody>
<p i="3"><lnvxe:text>It appears that the Resident Communication Form is an alternative to (or a step in) the FCCC's grievance procedure. (Doc. 69&#x2D;11 at 18; Doc. 69&#x2D;7 at 13.)</lnvxe:text></p>
</lnvxe:fnbody>
</lnvxe:footnote>
<lnvxe:footnote fnrtokens="ref7" fntoken="fnote7">
<lnvxe:fnlabel alt-content="n7">7</lnvxe:fnlabel>
<lnvxe:fnbody>
<p i="3"><lnvxe:text>Even after reading and considering the depositions of Plaintiff' (Doc. 69&#x2D;12), Defendant Masters (Doc. 69&#x2D;6), and Defendant Carner (Doc. 69&#x2D;13) as well as Ms. Martinez's affidavit (Doc. 71&#x2D;1), the Court cannot discern the specific incidents on which Plaintiff bases an individual&#x2D;capacity due process claim for withholding or failing to deliver Plaintiff's mail. The only mention of any <emph typestyle="bf">specific</emph> instance of confiscated mail concerns a January 18, 2022 package that tested positive for illegal substances, a March 3, 2022 letter that tested positive for W&#x2D;18 (a synthetic opioid), and a June 16, 2022 letter addressed to a church that Plaintiff had created. (Doc. 69&#x2D;6 at 26&#x2D;27.) However, these confiscations occurred <emph typestyle="it">after</emph> Plaintiff filed his original complaint and could not have been the subject of his Resident Communication Forms&#x2014;at least not the ones identified in the pleadings. And, in fact, Plaintiff does not mention this correspondence in any of his complaints, although he does mention it in the affidavit attached to his response to the motion for summary judgment. (Doc. 71&#x2D;2 at 5.) Moreover, in Ms. Martinez's affidavit she states:</lnvxe:text>
<lnvxe:blockquote>
<p><lnvxe:text>Defendants reference a January 2022 incident report, wherein FCCC employees stated that an envelope addressed to my husband tested positive for carfentanyl, via the FCCC's ion scanner, and that I was the addressee on the envelope. <emph typestyle="bf">I do not have any knowledge concerning the alleged envelope or its contents</emph>. I unequivocally deny any involvement with any purported attempt to mail carfentanyl to my husband.</lnvxe:text></p>
</lnvxe:blockquote>
<lnvxe:text>(Doc. 71&#x2D;1 at 2&#x2D;3, &#x00B6; 13 (emphasis supplied).) In his deposition, Plaintiff strenuously denied that <emph typestyle="it">anybody</emph> sent him fentanyl. (Doc. 69&#x2D;12 at 32.) But Plaintiff admits that he was notified of the FCCC's rejection of the allegedly drug&#x2D;laced mail, while denying that anyone he knows sent him drugs in the mail (<emph typestyle="un">Id.</emph> at 33, 34.) In other words, Plaintiff states that Ms. Martinez received no notice that the mail was withheld (<emph typestyle="un">id.</emph> at 35), but claims that Ms. Martinez did not send it in the first place. Plaintiff cannot now plausibly allege that the FCCC violated his (or Ms. Martinez's) due process rights by failing to notify Ms. Martinez of the confiscation of mail <emph typestyle="it">she did not send</emph>.</lnvxe:text></p>
</lnvxe:fnbody>
</lnvxe:footnote>
</lnvxe:footnotegrp>
<p i="3"><lnvxe:text>In their motion for summary judgment, the defendants identify (and Plaintiff does not dispute) the following Resident Communication Forms in which Plaintiff complained about the FCCC's failure to allow him adequate communication and correspondence with Ms. Martinez:</lnvxe:text>
<lnvxe:blockquote>
<p><lnvxe:text><emph typestyle="bf">October 10, 2021</emph>. Plaintiff submitted a Resident Communication Form in which he requested that the FCCC "APPROVE CORRESPONDENCE BETWEEN ME AND MY WIFE NANCY MARGARITA MARTINEZVEGA." Defendant Masters responded, "Mr. Vega you already received our response on this. Please return to treatment immediately to address your issues."</lnvxe:text></p>
<p><lnvxe:text><emph typestyle="bf">October 10, 2021</emph>. Plaintiff submitted a Resident Communication Form in which he requested that the FCCC "APPROVE MY PACKAGE RECEPTION FROM MY WIFE NANCY MARGARITA MARTINEZ&#x2D;VEGA." Defendant Masters responded, "Mr. Vega you already received our response on this. Please return to treatment immediately to address your issues."</lnvxe:text></p>
<p><lnvxe:text><emph typestyle="bf">October 19, 2021</emph>. Plaintiff submitted a grievance in which he stated that "Submissions of FCCC Resident Communication Forms were made by me and letters were sent by my wife for approval of our visitations, correspondence and the right to receive packages from spouse whom is a former staff. The responses were evasive. The Administrator in a response directed me to file a grievance." Plaintiff requested that the facility approve visitation, correspondence and packages from Ms. Martinez. (Doc. 69&#x2D;3 at 8.) Ms. Riddle, the grievance examiner, responded "Due Process exhausted."</lnvxe:text></p>
</lnvxe:blockquote>
<lnvxe:text>(Doc. 68 at 7&#x2D;8, &#x00B6;&#x00B6; 21&#x2D;22, 24.) Once again, even if the denials of these Resident Communication Forms are the due process violations alluded to in the SAC, they do not specifically identify any mail that was wrongfully rejected (or rejected without adequate due process) by the defendants. Nor do they describe or identify the allegedly inadequate responses mentioned in Plaintiff's response to the motion for summary judgment. The defendants further note that Plaintiff did not complete the grievance process by submitting informal and formal grievances and appealing the denial of these grievances to a WellPath corporate vice president even though the FCCC Resident Handbook specifically states that a resident may do so. (<emph typestyle="un">See</emph> Doc. 69&#x2D;7 at 14 ("When a resident does not feel the grievance has been resolved satisfactorily by the Facility Administrator, he may submit an appeal within 10 days of receipt of the Facility Administrator's response by submitting an FCCC Resident Grievance Appeal form in the appropriate Resident Communication Box.").) Plaintiff cannot now argue that he did not receive adequate due process when he did not avail himself of the process that was available and described to him in the FCCC Handbook.</lnvxe:text></p>
<p i="3"><lnvxe:text>In sum, Plaintiff does not identify with any particularity the mail that he did not receive or that was not sent, does not describe the process he did receive, did not avail (or try to avail) himself of all the process available, and produces no evidence to substantiate his allegation that the defendants' actions amounted to an unconstitutional interference with his mail. Rather, Plaintiff appears to assert that he is entitled to damages from Defendants Masters and Carner in their individual capacities because they denied his Resident Communication Forms and rejected his requests for more communication opportunities with Ms. Martinez. But, again, that is not the standard under <emph typestyle="un">Perry</emph>. Plaintiff's unsupported allegations of wrongdoing are insufficient to withstand summary judgment. <emph typestyle="un">See</emph> Rollins v. TechSouth, Inc., 833 F.2d 1525, 1529 (11th Cir. 1987) (finding that "unsubstantiated assertions alone are not enough to withstand a motion for summary judgment"). Therefore, the defendants are entitled to summary judgment on Plaintiff's individual&#x2D;capacity due process claims.<lnvxe:fnr alt-content="n8" fnrtoken="ref8" fntoken="fnote8">8</lnvxe:fnr></lnvxe:text></p>
<lnvxe:footnotegrp>
<lnvxe:footnote fnrtokens="ref8" fntoken="fnote8">
<lnvxe:fnlabel alt-content="n8">8</lnvxe:fnlabel>
<lnvxe:fnbody>
<p i="3"><lnvxe:text>The Court finds that the defendants are entitled to summary judgment on the due process claims because Plaintiff has not adequately alleged or supported such a claim. Therefore, it will not address whether Defendants are also entitled to qualified immunity. However, the Court notes that Plaintiff does not identify any clearly established law suggesting that he was entitled to more process than was available to him at the FCCC. (<emph typestyle="un">See</emph> discussion Doc. 55 at 8&#x2D;10.)</lnvxe:text></p>
</lnvxe:fnbody>
</lnvxe:footnote>
</lnvxe:footnotegrp>
<lnvxe:h><emph typestyle="bf">B. A question of material fact remains on whether the defendants have shown a rational connection between the ban on correspondence between Plaintiff and Ms. Martinez and the proffered government interests</emph>.</lnvxe:h>
<p i="3"><lnvxe:text>The Court liberally construes Count Three as asserting that the FCCC's policy restricting the residents' communications with former staff members is unconstitutional, either as written or as applied to him. Specifically, Plaintiff asserts that after their marriage, both Plaintiff and Ms. Martinez submitted several FCCC Resident Communication Forms for the approval of visitation and correspondence. (Doc. 58 at 3, &#x00B6;&#x00B6;11&#x2D;14.) However, the requests have not been approved. (<emph typestyle="un">Id.</emph> at 4, &#x00B6; 19.) Plaintiff explains:</lnvxe:text>
<lnvxe:blockquote>
<p><lnvxe:text>The FCCC's Policy and Procedure Manual provides that "Incoming/outgoing mail will <emph typestyle="bf">not</emph> be approved from . . . former staff members, to protect public safety and the safe operations of FCCC."</lnvxe:text></p>
<p><lnvxe:text>The FCCC also has a policy prohibiting current residents from having visitation with former employees.</lnvxe:text></p>
<p><lnvxe:text>Nevertheless, the FCCC's Policy and Procedure Manual claims to "encourage[] correspondence between residents and their families and friends."</lnvxe:text></p>
<p><lnvxe:text>Because of the policy's prohibition on visits and receiving incoming/outgoing mail from former staff members, Ms. Masters and Mr. Carner denied and/or ignored and continue[] to deny and/or ignore Mr. Vega and Ms. Martinez's Resident Communication Forms and other requests for visitation and communication.</lnvxe:text></p>
</lnvxe:blockquote>
<lnvxe:text>(Doc. 58 at 3&#x2D;4, &#x00B6;&#x00B6; 15&#x2D;18.) Plaintiff does not identify with pinpoint citations the specific unconstitutional communication policies at issue in this claim.<lnvxe:fnr alt-content="n9" fnrtoken="ref9" fntoken="fnote9">9</lnvxe:fnr> However, the Court&#x2014;by reviewing the SAC, the motion for summary judgment, and the extensive record&#x2014;concludes that Plaintiff complains of the policy set forth in the FCCC Handbook regarding incoming mail. (<emph typestyle="un">See</emph> Doc. 69&#x2D;7 at 41&#x2D;42.) The FCCC Handbook states the following:</lnvxe:text>
<lnvxe:blockquote>
<p><lnvxe:text><emph typestyle="bu">MAIL PACKAGES</emph>: Residents may only receive packages through the mail if they have been pre&#x2D;approved by the Security Department and are subject to the following procedure. A completed Resident Communication Form/Package Request Form will be submitted to the designated Supervisor for the approval for a package to be sent to the facility. The form must list the specific items requested. If approved, the resident must notify the sender of the package to properly address the package to the resident as specified in the Resident Handbook for receipt of mail. Upon arrival at the facility, the package will be processed according to the normal mail procedure. Packages will be distributed to residents in the order they are received. <emph typestyle="bf">No packages may be sent from or to former residents, family members of former residents, or current or former staff members</emph>.</lnvxe:text></p>
<p><lnvxe:text><emph typestyle="bu">INCOMING MAIL DISTRIBUTION</emph>: Residents are required to present their FCCC identification card in order to receive mail. Mail is delivered to the housing unit, excluding FCCC observed holidays. First class mail will be delivered to the resident if addressed properly as described above. If not addressed properly, mail will be returned to sender and resident will be notified by the Returned Mail Notification. Incoming mail may be opened and inspected to screen out contraband. This may be done in a central location and need not be done in the resident's presence. This is generally accomplished through opening the envelope, removing all paper contained in it, and either shaking it out, or fanning through it. If contraband is discovered, the letter and the contraband will be held pending possible criminal and internal review and actions. Any computer data&#x2D;related items, such as CDs and disks received, will be reviewed by FCCC Information Technology staff or the Facility Investigator before approval is given for the resident to receive the item(s). <emph typestyle="bf">No incoming mail may be from former residents, family members of former residents, current or former staff members</emph>.</lnvxe:text></p>
<p><lnvxe:text><emph typestyle="bu">OUTGOING MAIL</emph>: All outgoing mail MUST include a return address consisting of the resident's name, FCCC number, and address as noted above. If not addressed properly, mail will be returned to the resident. Outgoing mail should be deposited in the designated mailbox. Residents on secure management, special observation or dorm restriction may give their mail to staff, who will place it in the mailbox for them. Any special outgoing mail, such as return receipt requested, will be stamped on the USPS receipt form when received by FCCC mailroom staff, as a registered agent of the USPS, and the receipt will be given to the resident. No other receipt is obtained from the U.S. Post Office. Notary services may be provided upon written request. The exterior of all incoming and outgoing legal mail will be photocopied. <emph typestyle="bf">No outgoing mail may be sent to former residents, family members of former residents, current or former staff members</emph>.</lnvxe:text></p>
</lnvxe:blockquote></p>
<lnvxe:footnotegrp>
<lnvxe:footnote fnrtokens="ref9" fntoken="fnote9">
<lnvxe:fnlabel alt-content="n9">9</lnvxe:fnlabel>
<lnvxe:fnbody>
<p i="3"><lnvxe:text>Nor have the defendants directed the Court to the specific policies at issue.</lnvxe:text></p>
</lnvxe:fnbody>
</lnvxe:footnote>
</lnvxe:footnotegrp>
<p><lnvxe:text>(Doc. 69&#x2D;7 at 42&#x2D;43 (emphases added).) Notably, the WellPath Recovery Solutions Policy and Procedure Manual (PRG&#x2D;15 Resident Mail) does not have a per se restriction on mail and package exchange between current residents and former staff. (<emph typestyle="un">See</emph> Doc. 69&#x2D;8.) To the contrary, PRG&#x2D;15 does not mention former employees at all. (Id.)</lnvxe:text></p>
<p i="3"><lnvxe:text>Incarcerated individuals have a protected First Amendment interest in sending and receiving mail. <emph typestyle="un">See</emph> Turner v. Safley, 482 U.S. 78, 84 (1987). However, this right may be curtailed or limited in certain instances. The appropriate standard against which to measure a civil detainee's constitutional claims is "a variant of the standard established by the Supreme Court in <emph typestyle="un">Turner v. Safley</emph> for reviewing the constitutional claims of prisoners." Pesci v. Budz, 935 F.3d 1159, 1165 (11th Cir. 2019.)<lnvxe:fnr alt-content="n10" fnrtoken="ref10" fntoken="fnote10">10</lnvxe:fnr> The Eleventh Circuit summarized this standard as follows:</lnvxe:text>
<lnvxe:blockquote>
<p><lnvxe:text>When a prison regulation or policy "impinges on inmates' constitutional rights, the regulation is valid if it is reasonably related to legitimate penological interests." <emph typestyle="un">Id.</emph> at 85, 89, 107 S.Ct. 2254 (internal citation and quotation marks omitted). The Court then identified four "factors that are relevant to, and that serve to channel, the reasonableness inquiry." Thornburgh v. Abbott, 490 U.S. 401, 414, 109 S.Ct. 1874, 104 L.Ed.2d 459 (1989) (applying <emph typestyle="un">Turner</emph>). They are:</lnvxe:text>
<lnvxe:blockquote>
<p><lnvxe:text>(1) whether there is a "valid, rational connection" between the regulation and a legitimate governmental interest put forward to justify it;</lnvxe:text></p>
<p><lnvxe:text>(2) whether there are alternative means of exercising the asserted constitutional right that remain open to the inmates;</lnvxe:text></p>
<p><lnvxe:text>(3) whether and the extent to which accommodation of the asserted right will have an impact on prison staff, inmates, and the allocation of prison resources generally; and</lnvxe:text></p>
<p><lnvxe:text>(4) whether the regulation represents an "exaggerated response" to prison concerns.</lnvxe:text></p>
</lnvxe:blockquote>
<lnvxe:text>Pope v. Hightower, 101 F.3d 1382, 1384 (11th Cir. 1996) (quoting Turner, 482 U.S. at 89&#x2D;91, 107 S. Ct. 2254). This reasonableness inquiry recognizes that courts do not sit as super&#x2D;wardens, and ensures that prison officials, rather than judges, will "make the difficult judgments concerning institutional operations." Turner, 482 U.S. at 89, 107 S. Ct. 2254 (quoting Jones v. North Carolina Prisoners' Labor Union, Inc., 433 U.S. 119, 128, 97 S. Ct. 2532, 53 L.Ed.2d 629 (1977)).</lnvxe:text></p>
</lnvxe:blockquote>
<lnvxe:text>Id. at 1165&#x2D;66. Under this standard, the Court looks at the first <emph typestyle="un">Turner</emph> factor.<lnvxe:fnr alt-content="n11" fnrtoken="ref11" fntoken="fnote11">11</lnvxe:fnr></lnvxe:text></p>
<lnvxe:footnotegrp>
<lnvxe:footnote fnrtokens="ref10" fntoken="fnote10">
<lnvxe:fnlabel alt-content="n10">10</lnvxe:fnlabel>
<lnvxe:fnbody>
<p i="3"><lnvxe:text>The Eleventh explained that similar concerns and considerations apply to both prisons and civil commitment centers, and in both settings, the courts must "protect constitutional rights while showing appropriate deference to facility administrators." Pesci, 935 F.3d at 1166. However, in cases brought by civil detainees, the <emph typestyle="un">Turner</emph> standard is modified to reflect the "salient differences between civil detention and criminal incarceration." Id. (citing Pesci v. Budz, 730 F.3d 1291, 1297 (11th Cir. 2013). To this point, while retribution and general deterrence would not be a proper foundation for the restriction of a civil detainee's constitutional rights, they would be legitimate justifications for a restriction in a prison setting. Id. at 1166. Nevertheless, "institutional order, safety, and security remain paramount in the civil detention context, as do the rehabilitation and treatment of civil detainees." Id. (alterations and quotation marks omitted). Therefore, "[a]part from the narrowed universe of justifications, <emph typestyle="un">Turner</emph> and its progeny govern [FCCC cases]." Id. at 1166.</lnvxe:text></p>
</lnvxe:fnbody>
</lnvxe:footnote>
<lnvxe:footnote fnrtokens="ref11" fntoken="fnote11">
<lnvxe:fnlabel alt-content="n11">11</lnvxe:fnlabel>
<lnvxe:fnbody>
<p i="3"><lnvxe:text>Because the Court concludes that there are disputed facts regarding whether the defendants have shown a valid, rational connection between the regulations (at least as applied to Plaintiff) and a legitimate governmental interest, the Court need not address factors two through four in this Order. <emph typestyle="un">See</emph> Walker v. Sumner, 917 F.2d 382, 385 (9th Cir. 1990) (recognizing that the first <emph typestyle="un">Turner</emph> factor "constitutes a <emph typestyle="it">sine qua non</emph>" and a court need not consider the other <emph typestyle="un">Turner</emph> factors if a defendant fails to make the necessary case on summary judgment).</lnvxe:text></p>
</lnvxe:fnbody>
</lnvxe:footnote>
</lnvxe:footnotegrp>
<p i="3"><lnvxe:text>Here, the FCCC Handbook&#x2014;but not the official WellPath Recovery Solutions "policy"&#x2014;prohibits all mail and package exchange between FCCC residents and former staff, regardless of the resident's relationship with the former staff member and without an end date for the restriction. When asked why residents are not allowed to exchange mail with former staff members, Defendant Carner explained that the FCCC doesn't "condone the establishment of personal relationships between staff and the resident population. It's counter&#x2D;therapeutic. It's a treatment interfering factor." (Doc. 69&#x2D;13 at 28.) Mr. Carner further explained that there were also security concerns associated with the introduction of contraband into the facility through use of postal mail, and admits that "with the implementation of [an electronic tablet system for mail], our security concerns would have been resolved, so that wouldn't be regulated in the near future." (<emph typestyle="un">Id.</emph> at 29.) However, notwithstanding these concerns, he testified at the deposition that once the Smart Communications tablet system is implemented, Plaintiff will be able to exchange electronic mail with Ms. Martinez. (Id.)</lnvxe:text></p>
<p i="3"><lnvxe:text>Presumably, the interactions between Plaintiff and Ms. Martinez in the past were counter&#x2D;therapeutic primarily due to Ms. Martinez's position as an FCCC staff member. But the circumstances have changed, and the improper nature of the relationship in 2016 is not necessarily indicative of the nature of that relationship eight years later. Moreover, Defendant Carner admits that the staff will not restrict electronic letters between Plaintiff and Ms. Martinez once the electronic tablets are implemented at the FCCC and that they are presently allowed unlimited telephone communication, which undermines the reasonableness of a restriction on postal communications between Plaintiff and Ms. Martinez. In short, it is unclear how continuing to restrict written postal mail between Plaintiff and Ms. Martinez poses a security threat or interferes with Plaintiff's therapeutic progression when the two are allowed unrestricted communication by telephone and through electronic mail.<lnvxe:fnr alt-content="n12" fnrtoken="ref12" fntoken="fnote12">12</lnvxe:fnr></lnvxe:text></p>
<lnvxe:footnotegrp>
<lnvxe:footnote fnrtokens="ref12" fntoken="fnote12">
<lnvxe:fnlabel alt-content="n12">12</lnvxe:fnlabel>
<lnvxe:fnbody>
<p i="3"><lnvxe:text>The value&#x2014;if not the viability&#x2014;of this claim is questionable given that Plaintiff and Ms. Martinez are allowed unrestricted verbal and written communication through other means. Plaintiff will address whether this claim should be dismissed in a separate memorandum.</lnvxe:text></p>
</lnvxe:fnbody>
</lnvxe:footnote>
</lnvxe:footnotegrp>
<p i="3"><lnvxe:text>As to the exchange of <emph typestyle="un">packages</emph>, the defendants argue that former staff members pose "security and safety concerns, as recognized in the FCCC policies." (Doc. 68 at 21.) In his deposition, Mr. Carner testified that he suspects that Ms. Martinez has sought to introduce illegal substances into the FCCC, but that he has no way of proving that drug&#x2D;laden letters and at least one package addressed to Plaintiff were sent by her. He explained:</lnvxe:text>
<lnvxe:blockquote>
<p><lnvxe:text>We have intercepted mail that is either from Ms. Martinez or suspected to be from Ms. Martinez. I can't confirm that it's to Mr. Vega. We don't charge the resident who is the intended recipient of any of these mails, because we can't link them to that.</lnvxe:text></p>
<p><lnvxe:text>So, I mean, you know, his name could have absolutely been on there as the intended recipient, but we don't link them that way. So there's no behavior management issues or citation for the resident, because certainly I can send you a letter that has been tampered with the same way, but you have no idea that I'm doing that. The moment we did, you know, folks would use that to try to get at each other and other residents in the population.</lnvxe:text></p>
<p><lnvxe:text>And that's another reason why the Sheriff's Office doesn't really want anything to do with this. You can't prove either the sender or the recipient. So nobody is charged in these. But it is document[ed] in an incident report.</lnvxe:text></p>
<p i="3"><lnvxe:text>. . .</lnvxe:text></p>
<p><lnvxe:text>And I'll give you one instance that would be related to this. Another current resident I won't name reported to the OICs, which is the captains and lieutenant supervisors that he expected to receive a package; did happen to be from Nancy Martinez; that he was solicited by Mr. Vega to use his name, his SVP number and his bulk housing assignment, and that it was going to be K2 that was delivered. So we did look out for that package. The package did arrive the day that he said that it would. It did absolutely test positive for K2.</lnvxe:text></p>
<p><lnvxe:text>So, I mean, that's one instance where we intercepted something, that there was some suspicions. But, again, I can't confirm that the guy who told us this didn't put Martinez's name and Vega's name or his own, that he didn't set this up all the way around. It's impossible to confirm any of that. And even the local authorities don't make any attempt to do that they waive it off.</lnvxe:text></p>
<p><lnvxe:text>So, you know, not to say that there's a yes and no answer to that. But there have been cases where there was some suspicions. I can't &#x2D;&#x2D; there's no way to prove the evidence.</lnvxe:text></p>
</lnvxe:blockquote>
<lnvxe:text>(Doc. 69&#x2D;13 at 30.) Ms. Martinez denies that she was responsible for the suspect packages sent to Plaintiff at the FCCC. (Doc. 71&#x2D;1 at 2&#x2D;3, &#x00B6;&#x00B6; 7, 9, 13.)</lnvxe:text></p>
<p i="3"><lnvxe:text>It is beyond dispute that keeping drugs and other contraband out of the FCCC is a legitimate government interest. And a policy against package exchanges with a person shown to seek introduction of illegal contraband into the FCCC would almost certainly survive constitutional scrutiny. But the policy at issue here is whether an <emph typestyle="it">indefinite</emph> ban on mail between an FCCC resident and former staff member is constitutional. That is all. And although the defendants argue that they suspect Ms. Martinez of attempting to send illegal substances to Plaintiff, she has denied responsibility, creating a factual dispute that will have to be resolved at trial. The defendants' mere recitations of isolated instances of security concerns, without supporting evidence, are not a sufficient basis to infer a rational relationship between a regulation and a legitimate interest at this stage of litigation. <emph typestyle="un">See</emph> Thomas v. Gunter, 32 F.3d 1258, 1260 (8th Cir. 1994) (holding that unelaborated assertions between a prison's regulation of First Amendment activity and the prison's interest in security were insufficient to support granting summary judgment). The defendants have not identified specific parts of the extensive record establishing a rational connection between the carte blanche restriction on correspondence between a resident and former staff member and its legitimate security and therapeutic interests. Therefore, further factual development is required to resolve that question.<lnvxe:fnr alt-content="n13" fnrtoken="ref13" fntoken="fnote13">13</lnvxe:fnr></lnvxe:text></p>
<lnvxe:footnotegrp>
<lnvxe:footnote fnrtokens="ref13" fntoken="fnote13">
<lnvxe:fnlabel alt-content="n13">13</lnvxe:fnlabel>
<lnvxe:fnbody>
<p i="3"><lnvxe:text>This is not to suggest that the Court finds the FCCC's regulation and restriction of mail from former employees <emph typestyle="it">per se</emph> unconstitutional or that the Court does not take seriously the defendants' disturbing allegations that Plaintiff and Ms. Martinez are scheming to defraud other FCCC residents or to introduce drugs or other contraband into the FCCC. (<emph typestyle="un">See</emph> Doc. 68 at 7, &#x00B6; 19.) To the extent such allegations are supported, this activity (standing alone) could justify a substantial (if not complete) restriction on the exchange of packages between Plaintiff and Ms. Vega as well as criminal prosecution. But a policy of denying correspondence with a person who has attempted to use the mail to commit a crime is <emph typestyle="un">not</emph> the issue in this case. As stated, the only policy at issue is whether the security concerns regarding the indefinite ban on the exchange of physical mail between a resident and former staff member is rationally related to a compelling government interest. And, here, there is a disputed issue of fact as to that matter.</lnvxe:text></p>
</lnvxe:fnbody>
</lnvxe:footnote>
</lnvxe:footnotegrp>
<lnvxe:h><emph typestyle="bf">C. A question of material fact remains on whether the defendants have shown a rational connection between the ban on visitation between Plaintiff and Ms. Martinez and the proffered government interests</emph>.</lnvxe:h>
<p i="3"><lnvxe:text>As to visitation for FCCC residents, the FCCC handbook states the following:</lnvxe:text>
<lnvxe:blockquote>
<p><lnvxe:text>Visitation privileges will be granted or denied based on an evaluation of the therapeutic value of and any safety concerns posed by the visitation. The evaluation of an individual for visitation privileges will include consideration of the following factors:</lnvxe:text>
<lnvxe:blockquote>
<p><lnvxe:text>&#x2022; Whether the prospective visitor is a victim of the resident's prior sexual offense(s)</lnvxe:text></p>
<p><lnvxe:text>&#x2022; The nature of the relationship between the prospective visitor and the resident</lnvxe:text></p>
<p><lnvxe:text>&#x2022; Whether the prospective visitor has possessed, introduced, or attempted to introduce contraband into a facility</lnvxe:text></p>
<p><lnvxe:text>&#x2022; The nature and extent of the prospective visitor's criminal record including: Arrests in any jurisdiction, Felony convictions in any jurisdiction, etc.</lnvxe:text></p>
<p><lnvxe:text>&#x2022; The nature and extent of any prior incarceration in any jurisdiction</lnvxe:text></p>
<p><lnvxe:text>&#x2022; The nature and extent of any current community supervision</lnvxe:text></p>
<p><lnvxe:text>&#x2022; Whether the prospective visitor or any member of the prospective visitor's family is a current or former employee or contract employee of the Florida Civil Commitment Center and/or Martin Treatment Center and/or the South Bay Sexually Violent Predator Detainee Unit</lnvxe:text></p>
<p i="3"><lnvxe:text>. . .</lnvxe:text></p>
<p><lnvxe:text>&#x2022; Any other factor that is reasonably related to the treatment objectives established for the resident or the safety of the facility</lnvxe:text></p>
</lnvxe:blockquote></p>
</lnvxe:blockquote>
<lnvxe:text>(Doc. 69&#x2D;7 at 50.)</lnvxe:text></p>
<p i="3"><lnvxe:text>The Official Visitation Policy (SEC&#x2D;19 Visitation) similarly states:</lnvxe:text>
<lnvxe:blockquote>
<p><lnvxe:text>Any person may be excluded from a resident's visiting list if that person has introduced or attempted to introduce contraband into any correctional facility or secured facility. Individuals also may be excluded if it is determined that they have a harmful effect on the resident, or pose a threat to the security of the facility. Reasons for exclusion may include (recent drug trafficking charges, violent felony charges or sex offenses).</lnvxe:text></p>
</lnvxe:blockquote>
<lnvxe:text>(Doc. 69&#x2D;9 at 3.)</lnvxe:text></p>
<p i="3"><lnvxe:text>The First Amendment enshrines the right to freely associate just as it protects one's right to freedom of speech. Wingate v. Gage Cnty Sch. Dist., 528 F.3d 1074, 1081 (8th Cir. 2008). Nonetheless, "[a]ny form of involuntary confinement, whether incarceration or involuntary commitment, may necessitate restrictions on [one's First Amendment rights]." Beaulieu v. Ludeman, 690 F.3d 1017, 1038&#x2D;39 (8th Cir. 2012) (emphasis omitted). And, while the Supreme Court has found that "certain kinds of highly personal relationships" are protected under the Constitution, it also recognizes that "freedom of association is among the rights least compatible with incarceration." Overton v. Bazzetta, 539 U.S. 126, 131 (2003).</lnvxe:text></p>
<p i="3"><lnvxe:text>The FCCC's visitation policy is not, on its face, as restrictive as the mail policy. To the contrary, there is no blanket ban on visitation between an FCCC resident and a former employee, although the visitor's status as a former employee is properly considered. (<emph typestyle="un">See</emph> Doc 69&#x2D;7 at 50 (stating that "[w]hether the prospective visitor or any member of the prospective visitor's family is a current or former employee or contract employee of the Florida Civil Commitment Center" is a consideration as to whether that person should be excluded from a resident's visiting list).) Likewise, an attempt to introduce contraband into the facility would be properly considered when evaluating a visitation request. (Id.) However, per the FCCC Handbook, leaving a <emph typestyle="un">legal</emph> non&#x2D;dangerous item with a resident (such as the face sheet and medication found in Ms. Martinez's possession when she was an employee and described as "contraband" by the defendants) would prompt only a six&#x2D;month or one&#x2D;year suspension of visitation privileges. (Doc. 69&#x2D;7 at 56.) The FCCC Handbook is silent as to the proposed length of a suspension based upon an improper relationship between staff (or former staff) and residents.</lnvxe:text></p>
<p i="3"><lnvxe:text>What concerns the Court here is the indefinite nature of the FCCC's restriction on visitation, especially as it has been applied to Plaintiff and Ms. Martinez. Deference is owed to state officials who are tasked with maintaining security in a facility such as the FCCC that is specifically designed to house people who have been found to be "particularly dangerous." <emph typestyle="un">See</emph> Kansas v. Hendricks, 521 U.S. 346, 364&#x2D;65 (1997) (upholding Kansas's civil commitment law for sexually violent predators against a due process challenge, in part because the law applied to a "narrow class of particularly dangerous individuals"). However, unlike prisoners held at the Department of Corrections, the purpose of the FCCC is not to further punish its residents, but to provide for the "long&#x2D;term care and treatment of sexually violent predators." Fla. Stat. &#x00A7; 394.910. And a stated philosophy of Correct Care Recovery Solutions is a recognition that "visiting can and should be an important part of the treatment program." (Doc. 69&#x2D;9 at 1.) To facilitate that end, "[c]ontact with family members shall be encouraged and facilitated to the maximum extent possible." (Id.)</lnvxe:text></p>
<p i="3"><lnvxe:text>In <emph typestyle="un">Overton v. Bazzetta</emph>, the Supreme Court upheld a prison's two&#x2D;year restriction on visitation for inmates with two substance&#x2D;abuse violations, but the Court specifically declined to address the prisoners' argument that, in many cases, the prison's rule became a <emph typestyle="it">de facto</emph> permanent ban on visitation. 539 U.S. at 134. The Court explained as follows:</lnvxe:text>
<lnvxe:blockquote>
<p><lnvxe:text>Respondents argue that the regulation bears no rational connection to preventing substance abuse because it has been invoked in certain instances where the infractions were, in respondents' view, minor. Even if we were inclined, though, to substitute our judgment for the conclusions of prison officials concerning the infractions reached by the regulations, the individual cases respondents cite are not sufficient to strike down the regulations as to all noncontact visits. Respondents also contest the 2&#x2D;year bar and note that reinstatement of visitation is not automatic even at the end of two years.</lnvxe:text></p>
<p><lnvxe:text><emph typestyle="bf">We agree the restriction is severe. And if faced with evidence that MDOC's regulation is treated as a de facto permanent ban on all visitation for certain inmates, we might reach a different conclusion in a challenge to a particular application of the regulation</emph>. Those issues are not presented in this case, which challenges the validity of the restriction on noncontact visits in all instances.</lnvxe:text></p>
<p i="3"><lnvxe:text>. . .</lnvxe:text></p>
<p><lnvxe:text>I<emph typestyle="bf">f the withdrawal of all visitation privileges were permanent or for a much longer period, or if it were applied in an arbitrary manner to a particular inmate, the case would present different considerations</emph>.</lnvxe:text></p>
</lnvxe:blockquote>
<lnvxe:text>Id. at 134, 137 (emphasis added). And although the emphasized portions are dicta (and thus not binding on this Court), they provide guidance as to whether permanent bans on visitation would satisfy the first <emph typestyle="un">Turner</emph> question. <emph typestyle="un">See</emph> Peterson v. BMI Refractories, 124 F.3d 1386, 1392 (11th Cir. 1997) ("[D]icta from the Supreme Court is not something to be lightly cast aside.").</lnvxe:text></p>
<p i="3"><lnvxe:text>Here, the defendants assert that Plaintiff's first attempt to visit with Ms. Martinez was denied on October 17, 2017, because she was a former staff member who was terminated from her position for attempting to introduce contraband to the resident who was requesting a visit with her. And while the denial of the initial visitation request (dated October 12, 2016) would almost certainly pass muster under <emph typestyle="un">Overton</emph>, Plaintiff's and Ms. Martinez's subsequent attempts for visitation were also denied, even though it has been eight years since Ms. Martinez was employed by the FCCC. (Doc. 68 at 5, &#x00B6; 14; Doc. 69&#x2D;14 at 28&#x2D;29.) Neither party asserts (or produces evidence showing) that Ms. Martinez's status as a former employee is the only reason for the denial of visitation privileges between Plaintiff and Ms. Martinez. And there does not appear to be any dispute that Ms. Martinez was terminated from her job in 2016, at least in part, for introducing contraband into the FCCC, albeit not of the type generally considered harmful. (Doc. 68 at 4, &#x00B6; 5.)<lnvxe:fnr alt-content="n14" fnrtoken="ref14" fntoken="fnote14">14</lnvxe:fnr> When Plaintiff's counsel questioned current Security Director Robert Houston during deposition, about why Ms. Martinez was <emph typestyle="un">still</emph> barred from visiting the FCCC, notwithstanding that she and Plaintiff were now married, he responded that visitation was denied because Ms. Martinez "was a former employee here, that she was separated for introduction to contraband, and that she has attempted to introduce contraband in here since her departure." (Doc. 69&#x2D;15 at 23.) Indeed, if it is shown that Ms. Martinez has attempted to introduce contraband into the FCCC subsequent to her termination, the facility's prohibition of her visitation to the facility would be rationally related to a legitimate security concern. However, Mr. Houston's statement (regarding Ms. Martinez's later attempt(s) to introduce contraband) conflicts with Defendant Carner's admission that FCCC staff merely suspect, but do not know, that Ms. Martinez was the source of the contraband sent to the FCCC. Ms. Martinez denies that she has introduced, or attempted to introduce, contraband to the FCCC. This leaves a material issue of disputed facts as to the reasons for the denial of Ms. Martinez's visitation requests. Therefore, further factual development is required to determine whether the FCCC's policy has been unconstitutionally applied to Plaintiff and Ms. Martinez.</lnvxe:text></p>
<lnvxe:footnotegrp>
<lnvxe:footnote fnrtokens="ref14" fntoken="fnote14">
<lnvxe:fnlabel alt-content="n14">14</lnvxe:fnlabel>
<lnvxe:fnbody>
<p i="3"><lnvxe:text>Plaintiff objects to the use of the word "contraband" to describe the forbidden items found in Ms. Martinez's possession before her employment was terminated. (Doc. 71 at 3.) However, Plaintiff admits that Ms. Martinez was in possession of disallowed items such as over&#x2D;the&#x2D;counter and prescribed medication and Plaintiff's "face sheet," which are defined in the FCCC Handbook as contraband. (Doc. 71 at 3; Doc. 69&#x2D;2 at 11&#x2D;17; <emph typestyle="un">see also</emph> Doc. 69&#x2D;7 at 31 (describing both confidential facility records and medications "not clearly marked as to ownership" as "contraband").) Plaintiff also argues that "the documentation does not in any way communicate that Mr. Vega's request to have visitation with Ms. Martinez was based on her status as a former employee and does not say anything about an allegation of introducing contraband" (Doc. 71 at 4.) But the communication to Plaintiff <emph typestyle="un">did</emph> list considerations that were used to deny the request, including the "nature of the relationship between the prospective visitor and the resident" and "[w]hether the prospective visitor has possessed, introduced or attempted to introduce contraband into a facility." (Doc. 69&#x2D;4 at 1.) Accordingly, the Court considers these facts undisputed.</lnvxe:text></p>
</lnvxe:fnbody>
</lnvxe:footnote>
</lnvxe:footnotegrp>
<lnvxe:h><emph typestyle="bf">D. Plaintiff must provide the Court with a list of all income and compensation received during the one&#x2D;year period prior to filing this case</emph>.</lnvxe:h>
<p i="3"><lnvxe:text>In addition to alleging that Ms. Martinez has attempted to introduce narcotics into the FCCC, the defendants assert that she and Plaintiff have financially exploited or attempted to exploit elderly or vulnerable FCCC residents. (Doc. 68 at 6&#x2D;7, &#x00B6; 19.) Operating a business from the FCCC is also a rule violation. (Doc. 69&#x2D;7 at 36.) However, the defendants do not claim or argue that visitation was denied as a sanction for Plaintiff breaking FCCC rules. Plaintiff does not deny that he operated a business at the FCCC. Specifically, in his deposition, Plaintiff avers that, in exchange for compensation, he has helped several FCCC residents receive their Economic Impact Payments during the COVID crisis. (Doc. 69&#x2D;12 at 26&#x2D;27.)<lnvxe:fnr alt-content="n15" fnrtoken="ref15" fntoken="fnote15">15</lnvxe:fnr> Although unclear, it appears that Plaintiff and Ms. Martinez were able to obtain powers of attorney from about nine FCCC residents and, in exchange for "gratuities" from those residents, Plaintiff completed the necessary paperwork for their government relief payments. (Doc. 69&#x2D;12 at 26&#x2D;27, Doc. 71&#x2D;3 at 2; Doc. 71&#x2D;4 at 2.) Plaintiff attaches affidavits from residents who admit paying Plaintiff for his services. (Doc. Doc. 71&#x2D;3 at 2; Doc. 71&#x2D;4 at 2; Doc. 22&#x2D;1; Doc. 22&#x2D;2.)</lnvxe:text></p>
<lnvxe:footnotegrp>
<lnvxe:footnote fnrtokens="ref15" fntoken="fnote15">
<lnvxe:fnlabel alt-content="n15">15</lnvxe:fnlabel>
<lnvxe:fnbody>
<p i="3"><lnvxe:text>The defendants assert that this activity was part Plaintiff's attempt to defraud vulnerable residents at the facility. (Doc. 69&#x2D;6 at 28; Doc. 69&#x2D;13 at 23.) Defendant Carner asserts that several "vulnerable residents" have "lost their stimulus checks to Ms. Martinez and Mr. Vega." (Doc. 69&#x2D;13 at 23.)</lnvxe:text></p>
</lnvxe:fnbody>
</lnvxe:footnote>
</lnvxe:footnotegrp>
<p i="3"><lnvxe:text>On December 29, 2021, Plaintiff filed a motion to proceed <emph typestyle="it">in forma pauperis</emph> in this Court, and attached a statement asserting that he had only $100.62 in his resident account statement. Plaintiff did not list the income received from the other FCCC residents for his work in obtaining government relief payments. Rather, he stated that, in the six months prior to filing this case, he received deposits of only $50 and $100. (Doc. 8 at 3.) Plaintiff also stated and that did not "have any other sources of income, savings, or assets outside of the institution" in which he was confined. (Doc. 8 at 3.)</lnvxe:text></p>
<p i="3"><lnvxe:text>A party's ability to proceed in forma pauperis "is a privilege, not a right." <emph typestyle="un">See, e.g.</emph>, Camp v. Oliver, 798 F.2d 434, 437 (11th Cir. 1986). Under 28 U.S.C. &#x00A7; 1915(e), "the court shall dismiss" a case in which a party is proceeding in forma pauperis at any time if the court determines that "the allegation of poverty is untrue." 28 U.S.C. &#x00A7; 1915(e)(2)(A). The purpose of this provision is to "to weed out the litigants who falsely understate their net worth in order to obtain in forma pauperis status when they are not entitled to that status based on their true net worth." Attwood v. Singletary, 105 F.3d 610, 613 (11th Cir. 1997) (quoting Matthews v. Gaither, 902 F.2d 877, 881 (11th Cir. 1990)).</lnvxe:text></p>
<p i="3"><lnvxe:text>Because it is clear from Plaintiff's deposition testimony that he received payments from other FCCC residents at the same time, or shortly before, he filed this case, the Court must consider whether Plaintiff accurately completed his in forma pauperis application. Accordingly, Plaintiff shall provide the Court with a supplemental financial statement listing all revenue, income, funds, and financial benefit received (or which became available) from every source in the year prior to filing this case. This includes, <emph typestyle="un">but is not limited to</emph>, payments or "gratuities" received from other FCCC residents in exchange for Plaintiff's aid in receiving stimulus checks, all gifts received from Ms. Martinez or anyone else, and payment received from enterprises that Plaintiff may have engaged in. That Plaintiff's "income" was directed to Ms. Martinez's account or to any other account not associated with the FCCC does not excuse him from apprising the Court of <emph typestyle="un">all</emph> of his revenue.. Plaintiff cannot simply move his money to another account or direct payment to his spouse and then expect the taxpayers to fund his litigation. <emph typestyle="un">See</emph> Martinez v. Kristi Kleaners, Inc., 364 F.3d 1305, 1307 n.3 (11th Cir. 2004) (recognizing that when considering a party's ability to pay, the court is not necessarily limited to a party's initial representations on an in forma pauperis application).</lnvxe:text></p>
<lnvxe:h><emph typestyle="bf">IV. Conclusion</emph><lnvxe:fnr alt-content="n16" fnrtoken="ref16" fntoken="fnote16">16</lnvxe:fnr></lnvxe:h>
<lnvxe:footnotegrp>
<lnvxe:footnote fnrtokens="ref16" fntoken="fnote16">
<lnvxe:fnlabel alt-content="n16">16</lnvxe:fnlabel>
<lnvxe:fnbody>
<p i="3"><lnvxe:text>The Court notes that this litigation has brought up what appears to be&#x2014; and certainly hopes to be&#x2014;a rare situation relating to the restrictions of communications of a former employee of a civil confinement center and a current resident. Policies restricting communications from former staff make sense. Policies encouraging communication with family make sense. However, the policies contradict each other when the resident is married to a former employee of the center. Given the lengthy procedural history of this case and the additional facts that will invariably be ferreted out in open court should this case proceed any further, the Court is hopeful that the parties will make extra efforts to resolve this case. It would seem that a communications agreement between Plaintiff and his spouse can be carved out that both work towards rehabilitation goals for Plaintiff and satisfy the security concerns of the center.</lnvxe:text></p>
</lnvxe:fnbody>
</lnvxe:footnote>
</lnvxe:footnotegrp>
<p i="3"><lnvxe:text>Accordingly, it is now <emph typestyle="bf">ORDERED</emph>:</lnvxe:text></p>
<p i="3"><lnvxe:text>1. The defendants' motion for summary judgment (Doc. 68) is <emph typestyle="bf">GRANTED in part and DENIED in part</emph>. The motion is granted as to all individual&#x2D;capacity claims against the defendants (Count I). The motion is denied as to the officialcapacity First Amendment claims (Count II).</lnvxe:text></p>
<p i="3"><lnvxe:text>2. Within <emph typestyle="bf">FOURTEEN (14) DAYS</emph> from the date of this Order, Plaintiff shall provide the Court with a memorandum explaining why his official&#x2D;capacity claim regarding the FCCC's restriction on written correspondence through postal mail shall not be denied or dismissed as moot, given the FCCC's electronic mail and telephone policies. The defendants shall have <emph typestyle="bf">TEN (10) DAYS</emph> to respond.</lnvxe:text></p>
<p i="3"><lnvxe:text>3. Within <emph typestyle="bf">FOURTEEN (14) DAYS</emph> from the date of this Order, Plaintiff shall provide the Court with a supplemental financial statement listing <emph typestyle="un">every</emph> payment, gift, or gratuity received from other FCCC residents or from any other source, including Ms. Martinez, in the one&#x2D;year period preceding the filing of this lawsuit. This includes revenue that was not directed to Plaintiff's FCCC account. Plaintiff's failure to timely comply, or explain his inability to comply, will result in the dismissal of this action for failure to comply with a court order without further notice.</lnvxe:text></p>
<p i="3"><lnvxe:text>4. Within <emph typestyle="bf">THIRTY&#x2D;FIVE (35) DAYS</emph> from the date of this Order Plaintiff shall file with the Court and serve upon Defendants a pretrial narrative statement. The Pretrial Narrative Statement shall contain:</lnvxe:text>
<lnvxe:blockquote>
<p><lnvxe:text>(a) A brief general statement of the case;</lnvxe:text></p>
<p><lnvxe:text>(b) A narrative written statement of the facts that will be offered by oral or documentary evidence at trial;</lnvxe:text></p>
<p><lnvxe:text>(c) A list of all exhibits to be offered into evidence at the trial of the case;</lnvxe:text></p>
<p><lnvxe:text>(d) A list of the full names and addresses and places of employment for all the non&#x2D;inmate witnesses that Plaintiff intends to call (Plaintiff must notify the Court of any changes in their addresses);</lnvxe:text></p>
<p><lnvxe:text>(e) A list of the full names, inmate numbers, and places of incarceration for all the inmate witnesses that Plaintiff intends to call (Plaintiff must notify the Court of any changes in their places of incarceration);</lnvxe:text></p>
<p><lnvxe:text>(f) A summary of the anticipated testimony of each witness named in (d) and (e);</lnvxe:text></p>
<p><lnvxe:text>(g) A stipulation of facts/issues to be tried; and</lnvxe:text></p>
<p><lnvxe:text>(h) An estimated length of trial.</lnvxe:text></p>
</lnvxe:blockquote></p>
<p i="3"><lnvxe:text>5. Within <emph typestyle="bf">FOURTEEN (14) DAYS</emph> from the date Plaintiff files his Pretrial Narrative Statement, Defendants shall file and serve upon Plaintiff a Pretrial Narrative Statement that complies with paragraph 4.</lnvxe:text></p>
<p i="3"><lnvxe:text>6. After both sides have filed a pretrial narrative statement, the Court will enter a separate order setting the trial term and other pretrial deadlines.</lnvxe:text></p>
<p i="3"><lnvxe:text>7. And, as noted, although not required by the Court at this point, the parties may want to strongly consider settlement discussions. If the parties engage in settlement discussions, the Court requests that a joint notice be filed to notify the Court. Upon filing of any notice of settlement discussions, the Court would also entertain a motion to stay the deadlines in this case.</lnvxe:text></p>
<p i="3"><lnvxe:text><emph typestyle="bf">DONE AND ORDERED</emph> in Fort Myers, Florida on July 9, 2024.</lnvxe:text></p>
<p i="3"><lnvxe:text>/s/ John L. Badalamenti</lnvxe:text></p>
<p i="3"><lnvxe:text><emph typestyle="bf">JOHN L. BADALAMENTI</emph></lnvxe:text></p>
<p i="3"><lnvxe:text><emph typestyle="bf">UNITED STATES DISTRICT JUDGE</emph></lnvxe:text></p>
</lnv:OPINION>
<lnv:SYS-AUDIT-TRAIL></lnv:SYS-AUDIT-TRAIL>
</COURTCASE>