<?xml version="1.0" encoding="UTF-8"?>
<icce_manifest fab_bundle_id="PR2024070923352200891" content_provider_id="fldimd" content_provider_scheme="ELDM_COLL_RESOLVED" content_target_type="mcs">
<metadata>
</metadata>
<item id="dar_2-21CV771_FLMD_82_20240709_131961289.pdf" selector="" action="add" version="00" guid="6CFH-G5M3-RV60-C4CC-00000-00" overrideConversionId="">
<file type="source" name="dar_2-21CV771_FLMD_82_20240709_131961289.pdf" md5sum="199503c2a98862f8aac1a8920a7635a3" />
<file type="source" name="dar_2-21cv771_FLMD_Counsel.csv" md5sum="044c85198bacf4434b46d29d7c90ff73" />
<metadata>
<pair key="CLINV_estKeyCharCount" value="59040"/>
<pair key="CLINV_receivedDateTime" value="20240709_233049"/>
<pair key="INV_keyTargetFormat" value="CCV6"/>
<pair key="CLINV_courtName" value="UNITED STATES DISTRICT COURT FOR THE MIDDLE DISTRICT OF FLORIDA"/>
<pair key="CLINV_judge" value="VERIFY JUDGE"/>
<pair key="CLINV_inventoryStore" value="DM"/>
<pair key="CLINV_sourceDetail" value="OR"/>
<pair key="CLINV_code" value="FDFLDIMD"/>
<pair key="CLINV_docket" value="2:21-CV-771-JLB-NPM"/>
<pair key="CLINV_autoConvert" value="UNDEFINED"/>
<pair key="CLINV_sourceType" value="P"/>
<pair key="MNCR_rci" value="1000200081"/>
<pair key="CLINV_fastFlow" value="CASELAWFF"/>
<pair key="CLINV_isTribalCourt" value="false"/>
<pair key="DSAR_CATALOG_NUMBER" value="14483445"/>
<pair key="CLINV_decisionDate" value="07-09-2024"/>
<pair key="CLINV_fileSize" value="370132"/>
<pair key="CLINV_fullCaseName" value="JUAN FRANCISCO VEGA, Plaintiff, v. MELINDA MASTERS and JON CARNER, Defendants."/>
<pair key="CLINV_isTrialCourt" value="false"/>
<pair key="CLINV_isLegacyCourt" value="false"/>
<pair key="CLINV_TAT" value="10"/>
<pair key="CLINV_fileDate" value="07-09-2024"/>
</metadata>
</item>
</icce_manifest>
