<?xml version="1.0" encoding="ISO-8859-1"?>
<COURTCASE>
<lndocmeta:docinfo>
<lndocmeta:lnlni lnlni=""/>
<lndocmeta:lnminrev lnminrev="00000"/>
<lndocmeta:smi lnsmi="96ad"/>
<lndocmeta:dpsi lndpsi="080P"/>
<lndocmeta:lnsourcedocid lnsourcedocid=""/>
<lndocmeta:lndoctype lndoctypename="COURTCASE"/>
<lndocmeta:lndoctypeversion lndoctypeversionmajor="06" lndoctypeversionminor="000"/>
<lndocmeta:lndoctypelang lndoctypelang="EN"/>
<lndocmeta:lnfilenum lnfilenum="003"/>
<lndocmeta:fabinfo>
<lndocmeta:fabinfoitem name="B4DBNO" value="1HDQ"/></lndocmeta:fabinfo>
</lndocmeta:docinfo>
<lnv:FULL-NAME>
<lnvxe:fullcasename>QSI, INC., Plaintiff, vs. JAMES NEYHOUSE, Defendant.</lnvxe:fullcasename>
</lnv:FULL-NAME>
<lnv:NUMBER>
<lnvxe:docketnumber pacernum="3:24cv133">Case No. 3:24-cv-133</lnvxe:docketnumber>
</lnv:NUMBER>
<lnv:COURT>UNITED STATES DISTRICT COURT FOR THE SOUTHERN DISTRICT OF OHIO, WESTERN DIVISION</lnv:COURT>
<lnv:DECIDEDDATE>
<lnvxe:date>July 9, 2024</lnvxe:date>, Decided
</lnv:DECIDEDDATE>
<lnv:FILEDDATE>
<lnvxe:date>July 9, 2024</lnvxe:date>, Filed
</lnv:FILEDDATE>
<lnv:COUNSEL>
<lnvxe:counsel>For QSI, Inc., Plaintiff: Erin J. McLaughlin, PRO HAC VICE, Buchanan Ingersoll &#x0026; Rooney, PC, Union Trust Building, Pittsburgh, PA; Ryan Wilk, PRO HAC VICE, BUCHANAN INGERSOLL &#x0026; ROONEY PC, Pittsburgh, PA; Jaime S. Tuite, Buchanan Ingersoll &#x0026; Rooney PC, Union Trust Building, Pittsburgh, PA.</lnvxe:counsel>
</lnv:COUNSEL>
<lnv:JUDGES>
<lnvxe:judges>Hon. Michael J. Newman, United States District Judge. Caroline H. Gentry, Magistrate Judge.</lnvxe:judges>
</lnv:JUDGES>
<lnv:OPINIONBY>Michael J. Newman</lnv:OPINIONBY>
<lnv:OPINION>
<lnvxe:h><emph typestyle="bf">ORDER: (1) GRANTING THE PARTIES' MOTION TO ENTER A STIPULATED PERMANENT INJUNCTION AND FINAL ORDER (Doc. No. 27); (2) ISSUING THE STIPULATED PERMANENT INJUNCTION AND FINAL ORDER; (3) DENYING AS MOOT ALL REMAINING MOTIONS (Doc. Nos. 19, 21); AND (4) TERMINATING THIS CASE ON THE DOCKET</emph></lnvxe:h>
<p i="3"><lnvxe:text>This matter is before the Court on the parties' joint motion to enter a stipulated permanent injunction and final order (Doc. No. 27). Pursuant to Fed. R. Civ. P. 65, and upon review of the entire record, the Court <emph typestyle="bf">ACCEPTS</emph> the parties' proposed Permanent Injunction and Final Order ("Order"). Doc. No. 27.</lnvxe:text></p>
<p i="3"><lnvxe:text>The Court finds that resolution of this matter requires: (1) Neyhouse to return all of QSI's information, including, but not limited to, its Confidential Information and Trade Secrets (as defined in QSI's Verified Complaint (Doc. No. 1)); (2) Neyhouse to provide an affidavit verifying that he has no QSI information, including, but not limited to, its Confidential and Trade Secrets, in his possession; (3) Neyhouse to refrain from contacting QSI's customers and prospective customers for a period of one (1) year from the date of this Order; (4) Neyhouse to refrain from otherwise interfering with QSI's contractual relationships with its customers and prospective customers; and (5) Neyhouse to take additional measures described in greater detail below. While this Order is filed by QSI's counsel, it has been stipulated to by both parties. Accordingly, consistent with the parties' stipulation, the Court hereby <emph typestyle="bf">ORDERS</emph> the following:</lnvxe:text></p>
<p i="3"><lnvxe:text>1. To the extent not already done so in accordance with the requirements of the Temporary Restraining Order entered in the above&#x2D;captioned action on May 1, 2024 (Doc. No. 14), Neyhouse shall account for and immediately return to QSI all property, original data, documents, records, files, materials, and electronic storage devices, containing or reflecting QSI's Trade Secrets and other confidential, proprietary QSI information and/or data, and any and all copies thereof;</lnvxe:text></p>
<p i="3"><lnvxe:text>2. Neyhouse is hereby permanently enjoined from retaining, using, disclosing, or transmitting to any third party QSI's Trade Secrets and other confidential, proprietary QSI information and/or data which Neyhouse retained following his employment with QSI;</lnvxe:text></p>
<p i="3"><lnvxe:text>3. Within fourteen (14) days of the date the Court enters this Order, Neyhouse shall provide QSI with a notarized affidavit verifying that he: (a) has returned all QSI's property and information (as described more fully above); (b) has not retained, used or disclosed to any other person or entity any of QSI's confidential information and Trade Secrets, even in modified form; and (c) will not use or disclose any of QSI's Confidential Information and Trade Secrets in any manner at any time;</lnvxe:text></p>
<p i="3"><lnvxe:text>4. For a period of one (1) year after the date of this Order, Neyhouse shall have no contact with any QSI customer or prospective customer with whom he had contact with or with respect to whom he had access to or received information as a result of his employment with QSI;</lnvxe:text></p>
<p i="3"><lnvxe:text>5. Neyhouse shall not interfere with QSI's customers or customer relationships in any manner, including, but not limited to, by communicating with, or otherwise contacting (directly or indirectly), any QSI customer(s) and threatening to disclose QSI information that implicates the customer's business, thereby resulting in a data breach.</lnvxe:text></p>
<p i="3"><lnvxe:text>6. Each Party shall bear its or his own costs and fees. Notwithstanding, Neyhouse recognizes that, pursuant to the Defend Trade Secrets Act, 18 U.S.C. &#x00A7;&#x00A7; 1836(B) and (D), QSI, as the prevailing party, would be entitled to recover damages caused by Neyhouse's misappropriation of its Trade Secrets, as well as reasonable attorney's fees and costs. Despite its entitlement to recover such damages and reasonable attorney's fees and costs, QSI has agreed to forego any such recovery by way of this Order; provided, however, that in the event Neyhouse is subsequently determined to be in violation of any provision of this Order, QSI shall be entitled to recover its reasonable attorney's fees incurred in connection with the prosecution of the above&#x2D;captioned action, as well as any other relief that the Court deems necessary and proper. In addition, if Neyhouse is hereafter determined to have violated this Order, he may be subject to sanctions for civil and/or criminal contempt of this Court's Order.</lnvxe:text></p>
<p i="3"><lnvxe:text>7. This Order will be entered under Fed. R. Civ. P. 65 and will constitute the final judgment in this matter. All parties waive the right to appeal from this judgment.</lnvxe:text></p>
<p i="3"><lnvxe:text>8. This Court shall retain jurisdiction over this matter for the purpose of implementing and enforcing this Order.</lnvxe:text></p>
<p i="3"><lnvxe:text>Accordingly, the Court hereby <emph typestyle="bf">GRANTS</emph> the parties' joint motion for a stipulated permanent injunction and final order (Doc. No. 27) and <emph typestyle="bf">ADOPTS</emph> the stipulated permanent injunction. All remaining motions (Doc. Nos. 19, 21) are <emph typestyle="bf">DENIED AS MOOT</emph>. This case is <emph typestyle="bf">TERMINATED</emph> on the Court's docket.</lnvxe:text></p>
<p i="3"><lnvxe:text><emph typestyle="bf">IT IS SO ORDERED</emph>.</lnvxe:text></p>
<p i="3"><lnvxe:text>July 9, 2024</lnvxe:text></p>
<p i="3"><lnvxe:text>/s/ <emph typestyle="it">Michael J. Newman</emph></lnvxe:text></p>
<p i="3"><lnvxe:text>Hon. Michael J. Newman</lnvxe:text></p>
<p i="3"><lnvxe:text>United States District Judge</lnvxe:text></p>
</lnv:OPINION>
<lnv:SYS-AUDIT-TRAIL></lnv:SYS-AUDIT-TRAIL>
</COURTCASE>