<?xml version="1.0" encoding="ISO-8859-1"?>
<COURTCASE>
<lndocmeta:docinfo>
<lndocmeta:lnlni lnlni=""/>
<lndocmeta:lnminrev lnminrev="00000"/>
<lndocmeta:smi lnsmi="9691"/>
<lndocmeta:dpsi lndpsi="07ZX"/>
<lndocmeta:lnsourcedocid lnsourcedocid=""/>
<lndocmeta:lndoctype lndoctypename="COURTCASE"/>
<lndocmeta:lndoctypeversion lndoctypeversionmajor="06" lndoctypeversionminor="000"/>
<lndocmeta:lndoctypelang lndoctypelang="EN"/>
<lndocmeta:lnfilenum lnfilenum="003"/>
<lndocmeta:fabinfo>
<lndocmeta:fabinfoitem name="B4DBNO" value="1HDQ"/></lndocmeta:fabinfo>
</lndocmeta:docinfo>
<lnv:FULL-NAME>
<lnvxe:fullcasename>CYNTHIA D. BENEFIELD, Plaintiff, v. FELICIA JOHNSON SMITH ET AL., Defendants.</lnvxe:fullcasename>
</lnv:FULL-NAME>
<lnv:NUMBER>
<lnvxe:docketnumber pacernum="3:24cv219">NO. 3:24-cv-219-TJC-PDB</lnvxe:docketnumber>
</lnv:NUMBER>
<lnv:COURT>UNITED STATES DISTRICT COURT FOR THE MIDDLE DISTRICT OF FLORIDA, JACKSONVILLE DIVISION</lnv:COURT>
<lnv:DECIDEDDATE>
<lnvxe:date>May 7, 2024</lnvxe:date>, Decided
</lnv:DECIDEDDATE>
<lnv:FILEDDATE>
<lnvxe:date>May 7, 2024</lnvxe:date>, Filed
</lnv:FILEDDATE>
<lnv:COUNSEL>
<lnvxe:counsel>Cynthia D. Benefield, Plaintiff, Pro se, Jacksonville, FL.</lnvxe:counsel>
</lnv:COUNSEL>
<lnv:JUDGES>
<lnvxe:judges>PATRICIA D. BARKSDALE, United States Magistrate Judge.</lnvxe:judges>
</lnv:JUDGES>
<lnv:OPINIONBY>PATRICIA D. BARKSDALE</lnv:OPINIONBY>
<lnv:OPINION>
<lnvxe:h><emph typestyle="bf">Report and Recommendation</emph></lnvxe:h>
<p i="3"><lnvxe:text>The plaintiff, proceeding without counsel, appears to sue six people, the City of Jacksonville, and the Jacksonville Sheriff's Office. <emph typestyle="it">See generally</emph> Docs. 1, 3. The undersigned recommends dismissing the action without prejudice.</lnvxe:text></p>
<p i="3"><lnvxe:text>In a handwritten document filed as the complaint, the plaintiff states:</lnvxe:text>
<lnvxe:blockquote>
<p><lnvxe:text>&#x2022; "Petition the court to stop the unconsititution behavior and attitude of a group or a people who have/had secretly, unknowingly caused me, my daughters, my mother, by stalking following, commanding with professional/occupation privileges [and] authorities to be diminished mentally financially and socially, physically by surprising us without notice with abuses, removing money/inheritenance removing our employment [and], rendering us economically bankrupt then putting violent 'regime' armies, gangs over us[.]"</lnvxe:text></p>
<p><lnvxe:text>&#x2022; "To enforce vehemently the violent intentional destruction, hurt, harm and danger caused by and influenced by local citizens assisting celebrities to rob, steal, thieve and harm women, children, and the elderly '83 year old[.]'"</lnvxe:text></p>
<p><lnvxe:text>&#x2022; "We have been raped, mentally, physically, financially diminished and bankrupt leaving us to be 'humiliated and ashamed' by not having or affording lawyers or attorneys[.]"</lnvxe:text></p>
<p><lnvxe:text>&#x2022; "My purpose here is to lawsuit parties mentioned [and] hold accountable judicial [and] executive governments for allowing community armies, regional armies, foreign nationalist army to unite together in silence as women, specifically (Black women) become mentally diminished via (extreme sleep deprivations, physical abuses [and] selective words/jargon)[.]"</lnvxe:text></p>
<p><lnvxe:text>&#x2022; "My 83 yr old mother was/is constantly threatened by Greg L. Anderson, Greg Pinkney and harassed by members of Duval Teachers Union while removing her income (forcibly) as well as her inherited estate [and] property since she was 2 yrs old handed over to celebrities from local resident/extremist Gregory Anderson resulting in money, property titles, mortgages paid mortgage given over to 'Hollywood celebrities[.]'"</lnvxe:text></p>
<p><lnvxe:text>&#x2022; "We, me, my mother, [and] daughters are at a great financial deficit because local citizens stole historical/family lineage documentation and spread the news to invite celebrities to come to JAX, FL for favors of homes, sports cars in Ponte Vedra FL Orlando, FL, Sandford FL and St. Augustine Florida."</lnvxe:text></p>
<p><lnvxe:text>&#x2022; "My parents estates are taken over by this group/these groups. I need protection."</lnvxe:text></p>
</lnvxe:blockquote>
<lnvxe:text>Doc. 1 at 1&#x2D;3 (some capitalization omitted; errors in original). With the document, the plaintiff moved for emergency relief, Doc. 2, and applied to proceed without prepaying costs and fees, Doc. 3. The Court denied the motion for emergency relief for failure to "comply with any of the procedural steps" and "meet the high standard to secure emergency injunctive relief." Doc. 4.</lnvxe:text></p>
<p i="3"><lnvxe:text>On March 13, 2024, the Court ordered the plaintiff to file an amended complaint that complies with the pleading standards. Doc. 5 at 3&#x2D;4. The Court warned her that a failure to comply with the order would result in a recommendation of dismissal without prejudice. Doc. 5 at 4. The Court provided her with information about resources for unrepresented litigants. Doc. 5 at 5. The clerk mailed the order to her at the address she provided the Court. <emph typestyle="it">See</emph> docket entry following Doc. 5 (notice of mailing); Doc. 3 at 3 (mailing address). The order was returned to the Court marked as "Return to Sender." Doc. 6.</lnvxe:text></p>
<p i="3"><lnvxe:text>On April 1, 2024, the Court directed the clerk to re&#x2D;mail the March 13 order to the plaintiff, informed her that she is responsible for notifying the Court of any change of address, and ordered her to show cause why the action should not be dismissed without prejudice for failure to prosecute diligently. Doc. 7. The Court warned her that a failure to respond and show cause would result in a recommendation of dismissal without prejudice. Doc. 7 at 1. The clerk mailed the March 13 and April 1 orders to the plaintiff at the address she provided the Court. <emph typestyle="it">See</emph> docket entry following Doc. 7 (notice of mailing); Doc. 3 at 3 (mailing address). The orders were returned to the Court marked as "Return to Sender." Doc. 8.</lnvxe:text></p>
<p i="3"><lnvxe:text>"A plaintiff's failure to prosecute diligently can result in dismissal if the plaintiff in response to an order to show cause fails to demonstrate due diligence and just cause for delay." Local Rule 3.10.</lnvxe:text></p>
<p i="3"><lnvxe:text>The undersigned recommends (1) dismissing the action without prejudice for failure to provide the Court a current address and demonstrate due diligence and just cause for delay; and (2) directing the clerk to terminate the application to proceed without prepaying costs and fees, Doc. 3.</lnvxe:text></p>
<p i="3"><lnvxe:text>"Within 14 days after being served with a copy of [a] recommended disposition, a party may serve and file specific written objections to the proposed findings and recommendations." Fed. R. Civ. P. 72(b)(2). "A party may respond to another party's objections within 14 days after being served with a copy." <emph typestyle="it">Id.</emph> "The district judge must determine de novo any part of the magistrate judge's disposition that has been properly objected to." Fed. R. Civ. P. 72(b)(3); <emph typestyle="it">see also</emph> 28 U.S.C. &#x00A7; 636(b)(1)(C) ("A [district judge] shall make a de novo determination of those portions of the report or specified proposed findings or recommendations to which objection is made."). "A party failing to object to ... findings or recommendations ... in a report and recommendation ... waives the right to challenge on appeal the district court's order based on unobjected&#x2D;to factual and legal conclusions[.]" 11th Cir. R. 3&#x2D;1.</lnvxe:text></p>
<p i="3"><lnvxe:text><emph typestyle="bf">Done</emph> in Jacksonville, Florida, on May 7, 2024.</lnvxe:text></p>
<p i="3"><lnvxe:text>/s/ Patricia D. Barksdale</lnvxe:text></p>
<p i="3"><lnvxe:text><emph typestyle="smcaps">Patricia D. Barksdale</emph></lnvxe:text></p>
<p i="3"><lnvxe:text><emph typestyle="it">United States Magistrate Judge</emph></lnvxe:text></p>
</lnv:OPINION>
<lnv:SYS-AUDIT-TRAIL></lnv:SYS-AUDIT-TRAIL>
</COURTCASE>