<?xml version="1.0" encoding="UTF-8"?>
<icce_manifest fab_bundle_id="PR2024070923251500833" content_provider_id="fldimd" content_provider_scheme="ELDM_COLL_RESOLVED" content_target_type="mcs">
<metadata>
</metadata>
<item id="LDC_RR_324cv00219-9_PCQ.pdf" selector="" action="add" version="00" guid="6CFH-FCM3-RWW0-X2TF-00000-00" overrideConversionId="">
<file type="source" name="LDC_RR_324cv00219-9_PCQ.pdf" md5sum="5b8c36689345fb9b9be7a6673a46dc3f" />
<file type="source" name="counsel_324-cv-00219-TJC-PDB.htm" md5sum="46d31743739249449783d01952d800e0" />
<metadata>
<pair key="CLINV_estKeyCharCount" value="6560"/>
<pair key="CLINV_receivedDateTime" value="20240709_232403"/>
<pair key="INV_keyTargetFormat" value="CCV6"/>
<pair key="CLINV_courtName" value="UNITED STATES DISTRICT COURT FOR THE MIDDLE DISTRICT OF FLORIDA"/>
<pair key="CLINV_judge" value="VERIFY JUDGE"/>
<pair key="CLINV_inventoryStore" value="DM"/>
<pair key="CLINV_sourceDetail" value="RR"/>
<pair key="CLINV_code" value="FDFLDIMD"/>
<pair key="CLINV_docket" value="3:24-CV-219-TJC-PDB"/>
<pair key="CLINV_autoConvert" value="UNDEFINED"/>
<pair key="CLINV_sourceType" value="P"/>
<pair key="MNCR_rci" value="1000200081"/>
<pair key="CLINV_fastFlow" value="CASELAWFF"/>
<pair key="CLINV_isTribalCourt" value="false"/>
<pair key="DSAR_CATALOG_NUMBER" value="14483374"/>
<pair key="CLINV_decisionDate" value="05-07-2024"/>
<pair key="CLINV_fileSize" value="204819"/>
<pair key="CLINV_fullCaseName" value="ENEFIELD , Plaintiff, N O . v. MITH ET AL ., Defendants."/>
<pair key="CLINV_isTrialCourt" value="false"/>
<pair key="CLINV_isLegacyCourt" value="false"/>
<pair key="CLINV_TAT" value="10"/>
<pair key="CLINV_fileDate" value="05-07-2024"/>
</metadata>
</item>
</icce_manifest>
