<?xml version="1.0" encoding="ISO-8859-1"?>
<COURTCASE>
<lndocmeta:docinfo>
<lndocmeta:lnlni lnlni=""/>
<lndocmeta:lnminrev lnminrev="00000"/>
<lndocmeta:smi lnsmi="96ad"/>
<lndocmeta:dpsi lndpsi="080P"/>
<lndocmeta:lnsourcedocid lnsourcedocid=""/>
<lndocmeta:lndoctype lndoctypename="COURTCASE"/>
<lndocmeta:lndoctypeversion lndoctypeversionmajor="06" lndoctypeversionminor="000"/>
<lndocmeta:lndoctypelang lndoctypelang="EN"/>
<lndocmeta:lnfilenum lnfilenum="003"/>
<lndocmeta:fabinfo>
<lndocmeta:fabinfoitem name="B4DBNO" value="1HDQ"/></lndocmeta:fabinfo>
</lndocmeta:docinfo>
<lnv:FULL-NAME>
<lnvxe:fullcasename>UNITED STATES OF AMERICA, Plaintiff, vs. THOMAS WILLIAM KENT, Defendant.</lnvxe:fullcasename>
</lnv:FULL-NAME>
<lnv:NUMBER>
<lnvxe:docketnumber pacernum="3:24cr55">Case No. 3:24-cr-00055</lnvxe:docketnumber>
</lnv:NUMBER>
<lnv:COURT>UNITED STATES DISTRICT COURT FOR THE SOUTHERN DISTRICT OF OHIO, WESTERN DIVISION</lnv:COURT>
<lnv:DECIDEDDATE>
<lnvxe:date>July 9, 2024</lnvxe:date>, Decided
</lnv:DECIDEDDATE>
<lnv:FILEDDATE>
<lnvxe:date>July 9, 2024</lnvxe:date>, Filed
</lnv:FILEDDATE>
<lnv:COUNSEL>
<lnvxe:counsel>For Thomas William Kent, also known as, Tommy, also known as, Wrench, Defendant: Thomas W Kidd, Jr, LEAD ATTORNEY, Thomas W. Kidd, LLC, Cincinnati, OH.</lnvxe:counsel>
<lnvxe:counsel>For USA, Plaintiff: Dwight K Keller, LEAD ATTORNEY, United States Attorney's Office &#x2D; 3, Dayton, OH; Elizabeth Lyn McCormick, Dayton, OH.</lnvxe:counsel>
</lnv:COUNSEL>
<lnv:JUDGES>
<lnvxe:judges>Caroline H. Gentry, United States Magistrate Judge. Michael J. Newman, District Judge.</lnvxe:judges>
</lnv:JUDGES>
<lnv:OPINIONBY>Caroline H. Gentry</lnv:OPINIONBY>
<lnv:OPINION>
<lnvxe:h><emph typestyle="bf">DECISION &#x0026; ORDER GRANTING PLAINTIFF'S MOTION FOR PRETRIAL DETENTION (DOC. NO. 13)</emph></lnvxe:h>
<p i="3"><lnvxe:text>This case came before the Court on the Government's Motion for Pretrial Detention (Doc. No. 13), which seeks to detain Defendant Thomas Kent ("Defendant") prior to trial. This Court held a hearing and granted the Motion at the end of the hearing. This opinion sets forth the Court's findings of fact and statement of reasons for granting the Motion and orders certain conditions for Defendant's pretrial detention.</lnvxe:text></p>
<lnvxe:h><emph typestyle="bf">I. LEGAL STANDARD</emph></lnvxe:h>
<p i="3"><lnvxe:text>"In our society liberty is the norm, and detention prior to trial or without trial is the carefully limited exception." <emph typestyle="it">U.S. v. Salerno</emph>, 481 U.S. 739, 755 (1987). Under the Bail Reform Act, the Court "<emph typestyle="ib">shall</emph> order the pretrial release of the person on personal recognizance, or upon execution of an unsecured appearance bond ... unless the judicial officer determines that such release will not reasonably assure the appearance of the person as required or will endanger the safety of any other person or the community." 18 U.S.C. &#x00A7; 3142(b) (emphasis added).</lnvxe:text></p>
<p i="3"><lnvxe:text>The Government is authorized to request a pretrial detention hearing in cases involving certain offenses. 18 U.S.C. &#x00A7; 3142(f)(1). In addition, the Government may request, or the Court may hold on its own motion, a pretrial detention hearing if there is a serious risk that the defendant will flee, obstruct justice, or threaten, injure, or intimidate a prospective witness or juror. 18 U.S.C. &#x00A7; 3142(f)(2)(A) &#x0026; (B). The Federal Rules of Evidence do not apply at a pretrial detention hearing and the Court may consider both hearsay and evidence provided by proffer. <emph typestyle="it">U.S. v. Stone</emph>, 608 F.3d 939, 948&#x2D;49 (6th Cir. 2010). The Government must prove the risk of flight by a preponderance of the evidence, <emph typestyle="it">U.S. v. Hinton</emph>, 113 F. App'x 76, 77 (6th Cir. 2004), and the risk of dangerousness by clear and convincing evidence. <emph typestyle="it">Stone</emph>, 608 F.3d at 945.</lnvxe:text></p>
<p i="3"><lnvxe:text>A rebuttable presumption of detention arises if the Court finds that there is probable cause to believe that the defendant committed certain offenses involving controlled substances, firearms, conspiracy to murder or kidnap, terrorism, peonage, or minor victims.<lnvxe:fnr alt-content="n1" fnrtoken="ref1" fntoken="fnote1">1</lnvxe:fnr> 18 U.S.C. &#x00A7; 3142(e)(3)(A)&#x2D;(E). A rebuttable presumption of detention also arises if the defendant has a prior conviction for an offense listed in 18 U.S.C. &#x00A7; 3142(f)(1), the defendant committed that offense while on pretrial release, and not more than five years have elapsed since the date of conviction or the defendant's release from imprisonment. 18 U.S.C. &#x00A7; 3142(e)(2).</lnvxe:text></p>
<lnvxe:footnotegrp>
<lnvxe:footnote fnrtokens="ref1" fntoken="fnote1">
<lnvxe:fnlabel alt-content="n1">1</lnvxe:fnlabel>
<lnvxe:fnbody>
<p><lnvxe:text>An indictment provides probable cause for purposes of establishing a rebuttable presumption. <emph typestyle="it">U.S. v. Hazime</emph>, 762 F.2d 34, 37 (6th Cir. 1985).</lnvxe:text></p>
</lnvxe:fnbody>
</lnvxe:footnote>
</lnvxe:footnotegrp>
<p i="3"><lnvxe:text>If a rebuttable presumption arises, then the defendant "must introduce at least some evidence" that he does not pose a risk of flight or danger to the community to rebut the presumption of detention. <emph typestyle="it">Stone</emph>, 608 F.3d at 945 (internal quotations and citation omitted). The defendant's burden of production is not a heavy one. <emph typestyle="it">Id.</emph> At all times, the Government bears the burden of persuasion. <emph typestyle="it">Id.</emph> Even if the presumption is rebutted, the Court must consider it when deciding whether to detain the defendant prior to trial. <emph typestyle="it">See Stone</emph>, 608 F.3d at 945 (explaining that "[t]he presumption remains as a factor because it is not simply an evidentiary tool" but also "reflects Congress's substantive judgment that particular classes of offenders should ordinarily be detained prior to trial.").</lnvxe:text></p>
<p i="3"><lnvxe:text>In addition to considering any rebuttable presumption that applies, the Court must also consider: (1) the nature and circumstances of the offense charged, "including whether the offense is a crime of violence, a violation of [18 U.S.C. &#x00A7; 1591], a Federal crime of terrorism, or involves a minor victim or a controlled substance, firearm, explosive, or destructive device," (2) the weight of the evidence of risk of flight or dangerousness (not guilt), <emph typestyle="it">Stone</emph>, 608 F.3d at 948; (3) the defendant's history and characteristics;<lnvxe:fnr alt-content="n2" fnrtoken="ref2" fntoken="fnote2">2</lnvxe:fnr> and (4) the nature and seriousness of the danger to any person or the community that would be posed by the defendant's release. 18 U.S.C. &#x00A7; 3142(g).</lnvxe:text></p>
<lnvxe:footnotegrp>
<lnvxe:footnote fnrtokens="ref2" fntoken="fnote2">
<lnvxe:fnlabel alt-content="n2">2</lnvxe:fnlabel>
<lnvxe:fnbody>
<p><lnvxe:text>A person's history and characteristics includes, but is not limited to: "(A) the person's character, physical and mental condition, family ties, employment, financial resources, length of residence in the community, community ties, past conduct, history relating to drug or alcohol abuse, criminal history, and record concerning appearance at court proceedings; and (B) whether, at the time of the current offense or arrest, the person was on probation, on parole, or on other release pending trial, sentencing, appeal, or completion of sentence for an offense under Federal, State, or local law." 18 U.S.C. &#x00A7; 3142(g)(3).</lnvxe:text></p>
</lnvxe:fnbody>
</lnvxe:footnote>
</lnvxe:footnotegrp>
<lnvxe:h><emph typestyle="bf">II. ANALYSIS</emph></lnvxe:h>
<p i="3"><lnvxe:text>For the reasons stated at the detention hearing and further described below, and based upon the evidence before the Court at the time of the hearing, the Court finds that Defendant did not rebut the presumption of detention. In addition, the Court finds that the Government has met its burden of proving by a preponderance of the evidence that no condition or combination of conditions will reasonably assure Defendant's appearance at required court appearances if he is released. Therefore, the Court grants the Motion.<lnvxe:fnr alt-content="n3" fnrtoken="ref3" fntoken="fnote3">3</lnvxe:fnr></lnvxe:text></p>
<lnvxe:footnotegrp>
<lnvxe:footnote fnrtokens="ref3" fntoken="fnote3">
<lnvxe:fnlabel alt-content="n3">3</lnvxe:fnlabel>
<lnvxe:fnbody>
<p><lnvxe:text>The Court makes no finding as to whether the Government met its burden of proving by clear and convincing evidence that no condition or combination of conditions will reasonably assure the safety of other persons and the community if Defendant is released.</lnvxe:text></p>
</lnvxe:fnbody>
</lnvxe:footnote>
</lnvxe:footnotegrp>
<lnvxe:h><emph typestyle="bf">A. Rebuttable Presumption</emph></lnvxe:h>
<p i="3"><lnvxe:text>Based upon the Superseding Indictment that was handed down by the grand jury prior to the detention hearing, the Court finds that there is probable cause to believe that Defendant has committed an offense listed in 18 U.S.C. &#x00A7; 3142(e)(3)(A): namely, a controlled substances offense that has a maximum penalty of ten or more years of imprisonment. Therefore, a rebuttable presumption of detention applies in this case.</lnvxe:text></p>
<p i="3"><lnvxe:text>Although Defendant's burden of producing evidence to rebut the presumption is not heavy, he "must introduce at least some evidence" that he does not pose a risk of flight or danger to the community. <emph typestyle="it">U.S. v. Stone</emph>, 608 F.3d 939, 945 (6th Cir. 2010) (internal quotations and citation omitted). At the hearing, Defendant did not provide evidence sufficient to rebut the presumption of detention. For this reason alone, in addition to the reasons set forth below, the Court will grant the Government's Motion.</lnvxe:text></p>
<lnvxe:h><emph typestyle="bf">B. Nature and Circumstances of the Offense</emph></lnvxe:h>
<p i="3"><lnvxe:text>The grand jury initially indicted Defendant for being a domestic violence misdemeanant in possession of a firearm in violation of 18 U.S.C. &#x00A7;&#x00A7; 922(g)(9) and 924(a)(8). Subsequently, the grand jury indicted Defendant on charges of maintaining a drug&#x2D;involved premises in violation of 21 U.S.C. &#x00A7; 856(a)(1), and aiding and abetting in violation of 18 U.S.C. &#x00A7; 2. The charge under Section 856(a)(1) is punishable by up to 20 years imprisonment, a fine of up to $500,000, and a civil penalty. Given the lengthy sentence that Defendant may face, this factor weighs slightly in favor of detention.</lnvxe:text></p>
<lnvxe:h><emph typestyle="bf">C. Weight of Evidence of Risk of Flight</emph></lnvxe:h>
<p i="3"><lnvxe:text>The Government met its burden of proving that no condition or combination of conditions will reasonably assure Defendant's appearance as required by the Court. Not only did Defendant previously violate his probation and repeatedly fail to appear in court, but he allegedly hid from agents to avoid being arrested. This risk of non&#x2D;appearance is heightened by Defendant's lack of a stable residence, lack of stable employment, history of substance abuse and the fact that Defendant faces a lengthy period of incarceration if convicted. Taken together, these facts weigh heavily in favor of detention.</lnvxe:text></p>
<lnvxe:h><emph typestyle="bf">D. Defendant's History and Characteristics</emph></lnvxe:h>
<p i="3"><lnvxe:text>Defendant allegedly maintained a drug&#x2D;involved premises at his residence and sold drugs to members of his former gang, the Thug Riders Motorcycle Club (TRMC). He has a history of substance abuse. He was evicted from his residence, which he had shared with three other people, after being arrested. He does not have stable employment. His criminal history includes convictions for domestic violence, theft, criminal damaging, criminal trespassing, breaking and entering (land/premises), drug paraphernalia, and receiving stolen property. He failed to appear in court as required on several occasions and was required to serve a sentence of imprisonment after violating the terms of his probation. Taken together, these facts weigh heavily in favor of detention.</lnvxe:text></p>
<lnvxe:h><emph typestyle="bf">E. Nature and Seriousness of Danger Posed to The Community</emph></lnvxe:h>
<p i="3"><lnvxe:text>The unlawful possession of firearms, and the maintenance of drug&#x2D;involved premises, inherently pose a serious danger to other persons and the community. Accordingly, the Court finds that this factor also weighs in favor of detention.</lnvxe:text></p>
<lnvxe:h><emph typestyle="bf">III. CONCLUSION</emph></lnvxe:h>
<p i="3"><lnvxe:text>After weighing all the relevant factors, the Court finds that Defendant did not rebut the presumption of detention and, further, that no condition or combination of conditions set forth in 18 U.S.C. &#x00A7; 3142(c) will reasonably assure Defendant's appearance as required by the Court. Therefore, the Government's revised Motion for Pretrial Detention (Doc. No. 13) is <emph typestyle="bf">GRANTED</emph>.<lnvxe:fnr alt-content="n4" fnrtoken="ref4" fntoken="fnote4">4</lnvxe:fnr></lnvxe:text></p>
<lnvxe:footnotegrp>
<lnvxe:footnote fnrtokens="ref4" fntoken="fnote4">
<lnvxe:fnlabel alt-content="n4">4</lnvxe:fnlabel>
<lnvxe:fnbody>
<p><lnvxe:text>The Government's initial Motion for Pretrial Detention (Doc. No. 5) is <emph typestyle="bf">DENIED</emph> as moot.</lnvxe:text></p>
</lnvxe:fnbody>
</lnvxe:footnote>
</lnvxe:footnotegrp>
<p i="3"><lnvxe:text>Accordingly, it is hereby <emph typestyle="bf">ORDERED</emph> that:</lnvxe:text></p>
<p i="3"><lnvxe:text>1) Defendant be committed to the custody of the Attorney General of the United States for confinement in a corrections facility separate, to the extent practicable, from persons awaiting or serving sentences or being held in custody pending appeal;</lnvxe:text></p>
<p i="3"><lnvxe:text>2) Defendant be afforded reasonable opportunity for private consultation with counsel; and</lnvxe:text></p>
<p i="3"><lnvxe:text>3) On Order of a Court of the United States, or upon request of an attorney for the United States, the person in charge of the facility in which Defendant is confined deliver Defendant to a United States Marshal or his deputy for the purpose of an appearance in connection with a court proceeding.</lnvxe:text></p>
<p i="3"><lnvxe:text><emph typestyle="bf">IT IS SO ORDERED</emph>.</lnvxe:text></p>
<p i="3"><lnvxe:text><emph typestyle="it">/s/ Caroline H. Gentry</emph></lnvxe:text></p>
<p i="3"><lnvxe:text>Caroline H. Gentry</lnvxe:text></p>
<p i="3"><lnvxe:text>United States Magistrate Judge</lnvxe:text></p>
</lnv:OPINION>
<lnv:SYS-AUDIT-TRAIL></lnv:SYS-AUDIT-TRAIL>
</COURTCASE>