<?xml version="1.0" encoding="UTF-8"?>
<icce_manifest fab_bundle_id="PR2024070923092500703" content_provider_id="ohdisd" content_provider_scheme="ELDM_COLL_RESOLVED" content_target_type="mcs">
<metadata>
</metadata>
<item id="324-cr-00055-MJN_14.pdf" selector="" action="add" version="00" guid="6CFH-D6M3-S7CF-53X6-00000-00" overrideConversionId="">
<file type="source" name="324-cr-00055-MJN_14.pdf" md5sum="01aef9d2068a25d8c7a17312e3cc2ccc" />
<file type="source" name="counsel_324-cr-00055-MJN.htm" md5sum="adb366ef8baa6037808bd60a5c7865af" />
<metadata>
<pair key="CLINV_estKeyCharCount" value="12649"/>
<pair key="CLINV_receivedDateTime" value="20240709_230204"/>
<pair key="INV_keyTargetFormat" value="CCV6"/>
<pair key="CLINV_courtName" value="UNITED STATES DISTRICT COURT FOR THE SOUTHERN DISTRICT OF OHIO"/>
<pair key="CLINV_judge" value="VERIFY JUDGE"/>
<pair key="CLINV_inventoryStore" value="DM"/>
<pair key="CLINV_sourceDetail" value="OP"/>
<pair key="CLINV_code" value="FDOHDISD"/>
<pair key="CLINV_docket" value="3:24-cr-00055"/>
<pair key="CLINV_autoConvert" value="UNDEFINED"/>
<pair key="CLINV_sourceType" value="P"/>
<pair key="MNCR_rci" value="1000200109"/>
<pair key="CLINV_fastFlow" value="CASELAWFF"/>
<pair key="CLINV_isTribalCourt" value="false"/>
<pair key="DSAR_CATALOG_NUMBER" value="14483344"/>
<pair key="CLINV_decisionDate" value="07-09-2024"/>
<pair key="CLINV_fileSize" value="201536"/>
<pair key="CLINV_fullCaseName" value="UNITED STATES OF AMERICA, Plaintiff, vs. THOMAS WILLIAM KENT, Defendant."/>
<pair key="CLINV_isTrialCourt" value="false"/>
<pair key="CLINV_isLegacyCourt" value="false"/>
<pair key="CLINV_TAT" value="10"/>
<pair key="CLINV_fileDate" value="07-09-2024"/>
</metadata>
</item>
</icce_manifest>
